	Data file name	Prsm ID	Spectrum ID	Fragmentation	Scan(s)	Retention time	#peaks	Charge	Precursor mass	Adjusted precursor mass	Proteoform ID	Proteoform intensity	Feature ID	Feature intensity	Feature score	Feature apex time	#Protein hits	Protein accession	Protein description	First residue	Last residue	Special amino acids	Database protein sequence	Proteoform	Proteoform mass	Protein N-terminal form	Fixed PTMs	#unexpected modifications	unexpected modifications	#variable PTMs	variable PTMs	MIScore	#matched peaks	#matched fragment ions	E-value	Spectrum-level Q-value	Proteoform-level Q-value	Origin	1	2
14	/home/daniel/Desktop/datafiles/RealData/ecoli/DDA/20231215_ecoli_400ng/20231215_ecoli_400ng_daniel_1_ms2.msalign	23	1625	HCD	1898	1468.75	27	2	1535.70929	1535.699133	232	7718725.928	186	7719000	0.9851	1453.2702	1	sp|P0AD49|YFIA_ECOLI	Ribosome-associated inhibitor A OS=Escherichia coli (strain K12) OX=83333 GN=raiA PE=1 SV=2	101	113		VKDANFVEEVEEE	S.VKDANFVEEVEEE.	1535.699133	NONE		0		0		-	6	6	8.49e-05	-	-	1	True	False
17	/home/daniel/Desktop/datafiles/RealData/ecoli/DDA/20231215_ecoli_400ng/20231215_ecoli_400ng_daniel_1_ms2.msalign	30	1684	HCD	1967	1522.21	40	3	2212.24735	2212.2328	225	1437048.181	919	1437000	0.99427	1518.0798	1	sp|P0A800|RPOZ_ECOLI	DNA-directed RNA polymerase subunit omega OS=Escherichia coli (strain K12) OX=83333 GN=rpoZ PE=1 SV=1	6	25		VQDAVEKIGNRFDLVLVAAR	T.VQDAVEKIGNRFDLVLVAAR.R	2212.2328	NONE		0		0		-	11	11	3.92e-05	-	-	1	True	False
18	/home/daniel/Desktop/datafiles/RealData/ecoli/DDA/20231215_ecoli_400ng/20231215_ecoli_400ng_daniel_1_ms2.msalign	33	1692	HCD	1977	1530.48	25	2	1573.79151	1573.781029	231	1501150.213	983	1501000	0.98416	1528.9002	1	sp|P0A717|KPRS_ECOLI	Ribose-phosphate pyrophosphokinase OS=Escherichia coli (strain K12) OX=83333 GN=prs PE=1 SV=2	2	16		PDMKLFAGNATPELA	M.PDMKLFAGNATPELA.Q	1573.781029	NME		0		0		-	7	7	5.26e-05	-	-	1	True	False
23	/home/daniel/Desktop/datafiles/RealData/ecoli/DDA/20231215_ecoli_400ng/20231215_ecoli_400ng_daniel_1_ms2.msalign	43	1788	HCD	2089	1617.02	26	3	2268.21112	2268.25612	184	1131427.358	1770	1131000	0.99579	1615.4502	1	sp|P0ACF8|HNS_ECOLI	DNA-binding protein H-NS OS=Escherichia coli (strain K12) OX=83333 GN=hns PE=1 SV=2	70	89		IDPNELLNSLAAVKSGTKAK	G.(ID)[+200.1033]PNELLNSLAAVKSGTKAK.R	2268.25612	NONE		1	+200.1033:[1-2]	0		-	15	11	3.22e-06	-	-	1	True	False
24	/home/daniel/Desktop/datafiles/RealData/ecoli/DDA/20231215_ecoli_400ng/20231215_ecoli_400ng_daniel_1_ms2.msalign	44	1790	HCD	2091	1618.4	28	3	2339.24869	2339.29369	178	1557933.03	1474	1558000	0.99662	1620.87	1	sp|P0ACF8|HNS_ECOLI	DNA-binding protein H-NS OS=Escherichia coli (strain K12) OX=83333 GN=hns PE=1 SV=2	68	89		DGIDPNELLNSLAAVKSGTKAK	A.(DGI)[+99.0925]DPNELLNSLAAVKSGTKAK.R	2339.29369	NONE		1	+99.0925:[1-3]	0		-	13	12	2.43e-06	-	-	1	True	False
26	/home/daniel/Desktop/datafiles/RealData/ecoli/DDA/20231215_ecoli_400ng/20231215_ecoli_400ng_daniel_1_ms2.msalign	46	1799	HCD	2101	1625.56	24	3	2353.30384	2353.285289	112	1969996.841	1297	1970000	0.99703	1631.7198	1	sp|P0A7J3|RL10_ECOLI	Large ribosomal subunit protein uL10 OS=Escherichia coli (strain K12) OX=83333 GN=rplJ PE=1 SV=2	2	24		ALNLQDKQAIVAEVSEVAKGALS	M.ALNLQDKQAIVAEVSEVAKGALS.A	2353.285289	NME		0		0		-	13	11	2.35e-09	-	-	1	True	False
35	/home/daniel/Desktop/datafiles/RealData/ecoli/DDA/20231215_ecoli_400ng/20231215_ecoli_400ng_daniel_1_ms2.msalign	65	1855	HCD	2167	1677.25	20	2	1505.80133	1505.7912	194	3031412.219	687	3031000	0.98614	1680.4998	1	sp|P0AEU7|SKP_ECOLI	Chaperone protein Skp OS=Escherichia coli (strain K12) OX=83333 GN=skp PE=1 SV=1	21	34		ADKIAIVNMGSLFQ	A.ADKIAIVNMGSLFQ.Q	1505.7912	NONE		0		0		-	8	8	5.66e-06	-	-	1	True	False
47	/home/daniel/Desktop/datafiles/RealData/ecoli/DDA/20231215_ecoli_400ng/20231215_ecoli_400ng_daniel_1_ms2.msalign	97	1965	HCD	2295	1777.22	18	3	2452.33423	2452.37923	114	1549268.132	1853	1549000	0.99621	1773.6498	1	sp|P0ACF8|HNS_ECOLI	DNA-binding protein H-NS OS=Escherichia coli (strain K12) OX=83333 GN=hns PE=1 SV=2	68	89		DGIDPNELLNSLAAVKSGTKAK	A.(DGI)[+212.1780]DPNELLNSLAAVKSGTKAK.R	2452.37923	NONE		1	+212.1780:[1-3]	0		-	14	13	2.93e-09	-	-	1	True	False
52	/home/daniel/Desktop/datafiles/RealData/ecoli/DDA/20231215_ecoli_400ng/20231215_ecoli_400ng_daniel_1_ms2.msalign	106	1987	HCD	2321	1797.61	23	4	3217.70125	3217.671803	143	2251532.411	2556	2252000	0.99765	1800.84	1	sp|P0AEU7|SKP_ECOLI	Chaperone protein Skp OS=Escherichia coli (strain K12) OX=83333 GN=skp PE=1 SV=1	132	161		DIDLVVDANAVAYNSSDVKDITADVLKQVK	Q.DIDLVVDANAVAYNSSDVKDITADVLKQVK.	3217.671803	NONE		0		0		-	8	8	1.25e-07	-	-	1	True	False
58	/home/daniel/Desktop/datafiles/RealData/ecoli/DDA/20231215_ecoli_400ng/20231215_ecoli_400ng_daniel_1_ms2.msalign	144	2169	HCD	2533	1960.83	27	7	6251.28471	6251.242209	170	2583390.068	1979	2583000	0.99705	1951.8102	1	sp|P0A800|RPOZ_ECOLI	DNA-directed RNA polymerase subunit omega OS=Escherichia coli (strain K12) OX=83333 GN=rpoZ PE=1 SV=1	37	91		PLVPEENDKTTVIALREIEEGLINNQILDVRERQEQQEQEAAELQAVTAIAEGRR	D.PLVPEENDKTTVIALREIEEGLINNQILDVRERQEQQEQEAAELQAVTAIAEGRR.	6251.242209	NONE		0		0		-	8	8	1.42e-06	-	-	1	True	False
90	/home/daniel/Desktop/datafiles/RealData/ecoli/DDA/20231215_ecoli_400ng/20231215_ecoli_400ng_daniel_1_ms2.msalign	679	4013	HCD	4684	3643.83	210	29	23578.29002	23579.43737	258	48293697.78	282	48290000	0.99472	3540.0798	1	sp|P02925|RBSB_ECOLI	Ribose import binding protein RbsB OS=Escherichia coli (strain K12) OX=83333 GN=rbsB PE=1 SV=1	69	296		AKELANVQDLTVRGTKILLINPTDSDAVGNAVKMANQANIPVITLDRQATKGEVVSHIASDNVLGGKIAGDYIAKKAGEGAKVIELQGIAGTSAARERGEGFQQAVAAHKFNVLASQPADFDRIKGLNVMQNLLTAHPDVQAVFAQNDEMALGALRALQTAGKSDVMVVGFDGTPDGEKAVNDGKLAATIAQLPDQIGAKGVETADKVLKGEKVQAKYPVDLKLVVKQ	P.AKELANVQDLTVRGTKILLINPTDSDAVGNAVKMANQANIPVITLDRQAT(KGEVVSH)[-221.1893]IASDNVLGGKIAGDYIAKKAGEGAKVIELQGIAGTSAARERGEGFQQAVAAHKFNVLASQPADFDRIKGLNVMQNLLTAHPDVQAVFAQNDEMALGALRALQTAGKSDVMVVGFDGTPDGEKAVNDGKLAATIAQLPDQIGAKGVETADKVLKGEKVQAKYPVDLKLVVKQ.	23579.43737	NONE		1	-221.1893:[51-57]	0		-	30	22	0.0004198965	-	-	1	True	False
95	/home/daniel/Desktop/datafiles/RealData/ecoli/DDA/20231215_ecoli_400ng/20231215_ecoli_400ng_daniel_1_ms2.msalign	724	4120	HCD	4809	3740.7	78	15	13116.93545	13116.86045	213	37374700.25	926	37370000	0.99955	3583.98	1	sp|P0ACE7|HINT_ECOLI	Purine nucleoside phosphoramidase OS=Escherichia coli (strain K12) OX=83333 GN=hinT PE=1 SV=1	2	119		AEETIFSKIIRREIPSDIVYQDDLVTAFRDISPQAPTHILIIPNILIPTVNDVSAEHEQALGRMITVAAKIAEQEGIAEDGYRLIMNTNRHGGQEVYHIHMHLLGGRPLGPMLAHKGL	M.AEETIFSKIIRREIPSDIVYQDDLVTAFRDISPQAPTHILIIPNILIPTVNDVSAEHEQALGRMITVAAKIAEQEGI(AED)[+15.0025]GYRLIMNTNRHGGQEVYHIHMHLLGGRPLGPMLAHKGL.	13116.86045	NME		1	+15.0025:[78-80]	0		-	14	11	2.09e-05	-	-	1	True	False
100	/home/daniel/Desktop/datafiles/RealData/ecoli/DDA/20231215_ecoli_400ng/20231215_ecoli_400ng_daniel_1_ms2.msalign	749	4178	HCD	4877	3794.27	55	12	14136.34888	14136.62888	81	3868046.861	1025	3868000	0.92729	3774.8298	1	sp|P25738|MSYB_ECOLI	Acidic protein MsyB OS=Escherichia coli (strain K12) OX=83333 GN=msyB PE=4 SV=1	2	124		TMYATLEEAIDAAREEFLADNPGIDAEDANVQQFNAQKYVLQDGDIMWQVEFFADEGEEGECLPMLSGEAAQSVFDGDYDEIEIRQEWQEENTLHEWDEGEFQLEPPLDTEEGRAAADEWDER	M.TMYATLEEAIDAAREEFLADNPGIDAEDANVQQFNAQKYV(LQDGDIMWQVEFFADEGEEGE(C)[Carbamidomethylation]L)[-39.6318]PMLSGEAAQSVFDGDYDEIEIRQEWQEENTLHEWDEGEFQLEPPLDTEEGRAAADEWDER.	14136.62888	NME	Carbamidomethylation:[62]	1	-39.6318:[41-63]	0		-	14	13	5.53e-11	-	-	1	True	False
145	/home/daniel/Desktop/datafiles/RealData/ecoli/DDA/20231215_ecoli_400ng/20231215_ecoli_400ng_daniel_1_ms2.msalign	1351	6769	HCD	7900	6090.79	144	12	12198.5746	12198.48284	0	7401150365.0	0	7292000000	0.99994	6130.4298	1	sp|P0A7K2|RL7_ECOLI	Large ribosomal subunit protein bL12 OS=Escherichia coli (strain K12) OX=83333 GN=rplL PE=1 SV=2	2	121		SITKDQIIEAVAAMSVMDVVELISAMEEKFGVSAAAAVAVAAGPVEAAEEKTEFDVILKAAGANKVAVIKAVRGATGLGLKEAKDLVESAPAALKEGVSKDDAEALKKALEEAGAEVEVK	M.[Acetyl]-SITKDQIIEAVAAMSVMDVVELISAMEEKFGVSAAAAVAVAAGPVEAAEEKTEFDVILKAAGANKVAVIKAVRGATGLGLKEAKDLVESAPAALKEGVSKDDAEALKKALEEAGAEVEVK.	12198.48284	NME_ACETYLATION		0		0		-	58	46	4.91e-37	-	-	1	True	False
