"Data file name_x"	"Prsm ID_x"	"Spectrum ID_x"	"Fragmentation_x"	"Scan(s)_x"	"Retention time_x"	"#peaks_x"	"Charge_x"	"Precursor mass"	"Adjusted precursor mass_x"	"Proteoform ID_x"	"Proteoform intensity_x"	"Feature ID_x"	"Feature intensity_x"	"Feature score_x"	"Feature apex time_x"	"#Protein hits_x"	"Protein accession"	"Protein description_x"	"First residue_x"	"Last residue_x"	"Special amino acids_x"	"Database protein sequence_x"	"Proteoform_x"	"Proteoform mass_x"	"Protein N-terminal form_x"	"Fixed PTMs_x"	"#unexpected modifications_x"	"unexpected modifications_x"	"#variable PTMs_x"	"variable PTMs_x"	"MIScore_x"	"#matched peaks_x"	"#matched fragment ions_x"	"E-value_x"	"Spectrum-level Q-value"	"Proteoform-level Q-value_x"	"Overlap"
"First Identification"	2650	6157	"HCD"	7186	5547.42	290	5	4099.98552	4099.04817	256	5120835.785	1052	5121000	0.99604	5541.15	1	"sp|C1P5Z8|YKGR_ECOLI"	"Uncharacterized membrane protein YkgR OS=Escherichia coli (strain K12) OX=83333 GN=ykgR PE=1 SV=1"	1	33		"MKENKVQQISHKLINIVVFVAIVEYAYLFLHFY"	".[Acetyl]-MKENK(VQQ)[+60.8636]ISHKLINIVVFVAIVEYAYLFLHFY."	4099.04817	"M_ACETYLATION"		1	"+60.8636:[6-8]"	0		"-"	6	5	0.010235082		0	FALSE
"First Identification"	1513	4222	"HCD"	4928	3833.56	307	16	14231.6287	14231.6037	105	21190329.22	997	21190000	0.92549	3725.8002	1	"sp|P02925|RBSB_ECOLI"	"Ribose import binding protein RbsB OS=Escherichia coli (strain K12) OX=83333 GN=rbsB PE=1 SV=1"	164	296		"RERGEGFQQAVAAHKFNVLASQPADFDRIKGLNVMQNLLTAHPDVQAVFAQNDEMALGALRALQTAGKSDVMVVGFDGTPDGEKAVNDGKLAATIAQLPDQIGAKGVETADKVLKGEKVQAKYPVDLKLVVKQ"	"A.RERGEG(FQQAVAAH)[+87.1774]KFNVLASQPADFDRIKGLNVMQNLLTAHPDVQAVFAQNDEMALGALRALQTAGKSDVMVVGFDGTPDGEKAVNDGKLAATIAQLPDQIGAKGVETADKVLKGEKVQAKYPVDLKLVVKQ."	14231.6037	"NONE"		1	"+87.1774:[7-14]"	0		"-"	32	27	4.65E-07		0	FALSE
"First Identification"	1345	3970	"HCD"	4634	3604.7	293	11	9767.88531	9768.96766	114	3105743.831	2880	3106000	0.95537	3556.41	1	"sp|P02925|RBSB_ECOLI"	"Ribose import binding protein RbsB OS=Escherichia coli (strain K12) OX=83333 GN=rbsB PE=1 SV=1"	202	296		"LTAHPDVQAVFAQNDEMALGALRALQTAGKSDVMVVGFDGTPDGEKAVNDGKLAATIAQLPDQIGAKGVETADKVLKGEKVQAKYPVDLKLVVKQ"	"L.(LTAHPDVQAVFAQ)[-139.2824]NDEMALGALRALQTAGKSDVMVVGFDGTPDGEKAVNDGKLAATIAQLPDQIGAKGVETADKVLKGEKVQAKYPVDLKLVVKQ."	9768.96766	"NONE"		1	"-139.2824:[1-13]"	0		"-"	26	18	9.71E-07		0	FALSE
"First Identification"	1186	3767	"HCD"	4397	3419.57	135	18	13851.60126	13850.69891	122	17703174.85	1527	4405000	0.91808	3529.3602	1	"sp|P02925|RBSB_ECOLI"	"Ribose import binding protein RbsB OS=Escherichia coli (strain K12) OX=83333 GN=rbsB PE=1 SV=1"	166	296		"RGEGFQQAVAAHKFNVLASQPADFDRIKGLNVMQNLLTAHPDVQAVFAQNDEMALGALRALQTAGKSDVMVVGFDGTPDGEKAVNDGKLAATIAQLPDQIGAKGVETADKVLKGEKVQAKYPVDLKLVVKQ"	"E.RGEGFQQAVAAHKFNVLASQPADFDRIKGLNVMQNLLTAHPDVQAVFAQNDEMALGALRALQTAGKSDVMVV(GF)[-8.5837]DGTPDGEKAVNDGKLAATIAQLPDQIGAKGVETADKVLKGEKVQAKYPVDLKLVVKQ."	13850.69891	"NONE"		1	"-8.5837:[73-74]"	0		"-"	20	16	2.73E-06		0	FALSE
"First Identification"	1300	3912	"HCD"	4567	3552.64	259	30	27553.22771	27554.59506	123	20646293	791	20650000	0.99238	3534.7098	1	"sp|P02925|RBSB_ECOLI"	"Ribose import binding protein RbsB OS=Escherichia coli (strain K12) OX=83333 GN=rbsB PE=1 SV=1"	36	296		"LNNPFFVSLKDGAQKEADKLGYNLVVLDSQNNPAKELANVQDLTVRGTKILLINPTDSDAVGNAVKMANQANIPVITLDRQATKGEVVSHIASDNVLGGKIAGDYIAKKAGEGAKVIELQGIAGTSAARERGEGFQQAVAAHKFNVLASQPADFDRIKGLNVMQNLLTAHPDVQAVFAQNDEMALGALRALQTAGKSDVMVVGFDGTPDGEKAVNDGKLAATIAQLPDQIGAKGVETADKVLKGEKVQAKYPVDLKLVVKQ"	"T.LNNPFFVSLKDGAQKEADKLGYNLVVLDSQNNPAKELANVQDLTVRGTKILLINPTDSDAVGNAVKMANQAN(I)[+125.1158]PVITLDRQATKGEVVSHIASDNVLGGKIAGDYIAKKAGEGAKVIELQGIAGTSAARERGEGFQQAVAAHKFNVLASQPADFDRIKGLNVMQNLLTAHPDVQAVFAQNDEMALGALRALQTAGKSDVMVVGFDGTPDGEKAVNDGKLAATIAQLPDQIGAKGVETADKVLKGEKVQAKYPVDLKLVVKQ."	27554.59506	"NONE"		1	"+125.1158:[73]"	0		"-"	42	31	2.76E-06		0	TRUE
"First Identification"	1429	4097	"HCD"	4782	3719.88	236	11	9576.42525	9577.5676	164	577731.2491	6014	577700	0.52387	3720.5898	1	"sp|P02925|RBSB_ECOLI"	"Ribose import binding protein RbsB OS=Escherichia coli (strain K12) OX=83333 GN=rbsB PE=1 SV=1"	203	296		"TAHPDVQAVFAQNDEMALGALRALQTAGKSDVMVVGFDGTPDGEKAVNDGKLAATIAQLPDQIGAKGVETADKVLKGEKVQAKYPVDLKLVVKQ"	"L.T(AHPDVQA)[-217.5984]VFAQNDEMALGALRALQTAGKSDVMVVGFDGTPDGEKAVNDGKLAATIAQLPDQIGAKGVETADKVLKGEKVQAKYPVDLKLVVKQ."	9577.5676	"NONE"		1	"-217.5984:[2-8]"	0		"-"	20	15	4.05E-05		0	FALSE
"First Identification"	1220	3807	"HCD"	4444	3456.81	320	28	24144.79658	24146.01893	169	24514311.37	600	24510000	0.75367	3453.1902	1	"sp|P02925|RBSB_ECOLI"	"Ribose import binding protein RbsB OS=Escherichia coli (strain K12) OX=83333 GN=rbsB PE=1 SV=1"	64	296		"SQNNPAKELANVQDLTVRGTKILLINPTDSDAVGNAVKMANQANIPVITLDRQATKGEVVSHIASDNVLGGKIAGDYIAKKAGEGAKVIELQGIAGTSAARERGEGFQQAVAAHKFNVLASQPADFDRIKGLNVMQNLLTAHPDVQAVFAQNDEMALGALRALQTAGKSDVMVVGFDGTPDGEKAVNDGKLAATIAQLPDQIGAKGVETADKVLKGEKVQAKYPVDLKLVVKQ"	"D.SQNNPAKELANVQDLTVRGTKILLINPTDSDAVGNAVKMANQANIPVITLDRQATKGEVVSHIASDNVLGGKIAGDYIAKKAGEGAKVIELQGIAGTSAARER(GEGFQQAVAAH)[-194.8370]KFNVLASQPADFDRIKGLNVMQNLLTAHPDVQAVFAQNDEMALGALRALQTAGKSDVMVVGFDGTPDGEKAVNDGKLAATIAQLPDQIGAKGVETADKVLKGEKVQAKYPVDLKLVVKQ."	24146.01893	"NONE"		1	"-194.8370:[104-114]"	0		"-"	39	30	6.73E-05		0	FALSE
"First Identification"	1566	4293	"HCD"	5011	3896.49	320	12	9228.25348	9229.31583	186	3532449.456	951	3532000	0.94068	3924.6498	1	"sp|P02925|RBSB_ECOLI"	"Ribose import binding protein RbsB OS=Escherichia coli (strain K12) OX=83333 GN=rbsB PE=1 SV=1"	206	296		"PDVQAVFAQNDEMALGALRALQTAGKSDVMVVGFDGTPDGEKAVNDGKLAATIAQLPDQIGAKGVETADKVLKGEKVQAKYPVDLKLVVKQ"	"H.(PDVQAVFAQND)[-256.7064]EMALGALRALQTAGKSDVMVVGFDGTPDGEKAVNDGKLAATIAQLPDQIGAKGVETADKVLKGEKVQAKYPVDLKLVVKQ."	9229.31583	"NONE"		1	"-256.7064:[1-11]"	0		"-"	23	16	0.0001397889584		0	FALSE
"First Identification"	1600	4342	"HCD"	5068	3939.04	145	17	14660.0643	14661.01165	208	1975582.719	834	1976000	0.8812	3914.4402	1	"sp|P02925|RBSB_ECOLI"	"Ribose import binding protein RbsB OS=Escherichia coli (strain K12) OX=83333 GN=rbsB PE=1 SV=1"	155	296		"QGIAGTSAARERGEGFQQAVAAHKFNVLASQPADFDRIKGLNVMQNLLTAHPDVQAVFAQNDEMALGALRALQTAGKSDVMVVGFDGTPDGEKAVNDGKLAATIAQLPDQIGAKGVETADKVLKGEKVQAKYPVDLKLVVKQ"	"L.(QGIAGTSAARERGEGFQQAVAAHKFNVLASQPADFDRIKGLNVMQNLLTAHPDVQAVFAQND)[-239.7913]EMALGALRALQTAGKSDVMVVGFDGTPDGEKAVNDGKLAATIAQLPDQIGAKGVETADKVLKGEKVQAKYPVDLKLVVKQ."	14661.01165	"NONE"		1	"-239.7913:[1-62]"	0		"-"	19	15	0.0004376638448		0	TRUE
"First Identification"	1599	4341	"HCD"	5067	3938.71	241	28	23422.78914	23421.60179	216	8475057.261	1055	8475000	0.74413	3866.9202	1	"sp|P02925|RBSB_ECOLI"	"Ribose import binding protein RbsB OS=Escherichia coli (strain K12) OX=83333 GN=rbsB PE=1 SV=1"	75	296		"VQDLTVRGTKILLINPTDSDAVGNAVKMANQANIPVITLDRQATKGEVVSHIASDNVLGGKIAGDYIAKKAGEGAKVIELQGIAGTSAARERGEGFQQAVAAHKFNVLASQPADFDRIKGLNVMQNLLTAHPDVQAVFAQNDEMALGALRALQTAGKSDVMVVGFDGTPDGEKAVNDGKLAATIAQLPDQIGAKGVETADKVLKGEKVQAKYPVDLKLVVKQ"	"N.VQDLTVRGTKILLINPTDSDAVGNAVKMANQANIPVITLDRQATKGEVVSHIASDNVLGGKIAGDYIAKKAGEGAKVIELQGIAGTSAARERGEGFQQAVAAHKFNVLASQPADFDRIK(GLNVMQNLLTAHPDVQAVFAQ)[+247.3139]NDEMALGALRALQTAGKSDVMVVGFDGTPDGEKAVNDGKLAATIAQLPDQIGAKGVETADKVLKGEKVQAKYPVDLKLVVKQ."	23421.60179	"NONE"		1	"+247.3139:[120-140]"	0		"-"	27	21	0.000743732693		0	FALSE
"First Identification"	1163	3734	"HCD"	4359	3390.55	183	16	13803.52086	13803.60586	236	9297424.74	979	9297000	0.95289	3518.64	1	"sp|P02925|RBSB_ECOLI"	"Ribose import binding protein RbsB OS=Escherichia coli (strain K12) OX=83333 GN=rbsB PE=1 SV=1"	169	296		"GFQQAVAAHKFNVLASQPADFDRIKGLNVMQNLLTAHPDVQAVFAQNDEMALGALRALQTAGKSDVMVVGFDGTPDGEKAVNDGKLAATIAQLPDQIGAKGVETADKVLKGEKVQAKYPVDLKLVVKQ"	"E.(GFQQAVAAHKFNVLASQPADFDRIKGLNVMQNLLTAHPDVQAV)[+286.4884]FAQNDEMALGALRALQTAGKSDVMVVGFDGTPDGEKAVNDGKLAATIAQLPDQIGAKGVETADKVLKGEKVQAKYPVDLKLVVKQ."	13803.60586	"NONE"		1	"+286.4884:[1-43]"	0		"-"	19	14	0.003518545028		0	FALSE
"First Identification"	1614	4364	"HCD"	5094	3959.08	220	17	13458.16243	13457.26508	219	13928866.85	883	13930000	0.96589	4019.34	1	"sp|P02925|RBSB_ECOLI"	"Ribose import binding protein RbsB OS=Escherichia coli (strain K12) OX=83333 GN=rbsB PE=1 SV=1"	170	296		"FQQAVAAHKFNVLASQPADFDRIKGLNVMQNLLTAHPDVQAVFAQNDEMALGALRALQTAGKSDVMVVGFDGTPDGEKAVNDGKLAATIAQLPDQIGAKGVETADKVLKGEKVQAKYPVDLKLVVKQ"	"G.FQQAVAAHKFNVLASQPADFDRIKGLNVMQNLLTAHP(DVQAVFAQNDEMA)[-2.8309]LGALRALQTAGKSDVMVVGFDGTPDGEKAVNDGKLAATIAQLPDQIGAKGVETADKVLKGEKVQAKYPVDLKLVVKQ."	13457.26508	"NONE"		1	"-2.8309:[38-50]"	0		"-"	25	19	0.01176945401		0	FALSE
"Second Identification"	3129	7210	"HCD"	8414	6482.6	23	20	20470.46847	20470.87347	50	2625376.27	6680	2625000	0.96682	6506.07	1	"sp|P06610|BTUE_ECOLI"	"Thioredoxin/glutathione peroxidase BtuE OS=Escherichia coli (strain K12) OX=83333 GN=btuE PE=1 SV=1"	1	183		"MQDSILTTVVKDIDGEVTTLEKFAGNVLLIVNVASKCGLTPQYEQLENIQKAWVDRGFMVLGFPCNQFLEQEPGSDEEIKTYCTTTWGVTFPMFSKIEVNGEGRHPLYQKLIAAAPTAVAPEESGFYARMVSKGRAPLYPDDILWNFEKFLVGRDGKVIQRFSPDMTPEDPIVMESIKLALAK"	".[Acetyl]-MQDSILTTVVKDIDGEVTTLEKF(AGNVLLIVNVASK(C)[Carbamidomethylation]GLTPQYEQLENIQKAWVDRGFMVLGFP(C)[Carbamidomethylation]NQFLEQEPGSDEEIKTY(C)[Carbamidomethylation]TTTWGVTFPMFSKIEVNGEGRHPLYQKLIAAAPTAVA)[-198.5587]PEESGFYARMVSKGRAPLYPDDILWNFEKFLVGRDGKVIQRFSPDMTPEDPIVMESIKLALAK."	20470.87347	"M_ACETYLATION"	"Carbamidomethylation:[37];Carbamidomethylation:[65];Carbamidomethylation:[83]"	1	"-198.5587:[24-120]"	0		"-"	7	5	0.0017021136		0	FALSE
"First Identification"	3835	9666	"HCD"	11280	8708.83	125	12	10411.6378	10410.55045	185	6007972.651	5060	2967000	0.99874	8718.3798	1	"sp|P0A6F9|CH10_ECOLI"	"Co-chaperonin GroES OS=Escherichia coli (strain K12) OX=83333 GN=groES PE=1 SV=1"	1	97		"MNIRPLHDRVIVKRKEVETKSAGGIVLTGSAAAKSTRGEVLAVGNGRILENGEVKPLDVKVGDIVIFNDGYGVKSEKIDNEEVLIMSESDILAIVEA"	".MNIRPLHDRVIVKRKEVETKSAGGIVLTGSAAAKSTRGEVLAVGNGRILENGEVKPLDVKVGDIVIFNDGYGVKSEKIDNEEVLIMS(E)[+29.9671]SDILAIVEA."	10410.55045	"NONE"		1	"+29.9671:[88]"	0		"-"	21	16	0.00013887384		0	FALSE
"First Identification"	2508	5906	"HCD"	6893	5323.94	222	8	6860.10723	6860.24223	276	1375765.909	2658	1376000	0.83234	5299.3602	1	"sp|P0A6P9|ENO_ECOLI"	"Enolase OS=Escherichia coli (strain K12) OX=83333 GN=eno PE=1 SV=2"	370	432		"HRSGETEDATIADLAVGTAAGQIKTGSMSRSDRVAKYNQLIRIEEALGEKAPYNGRKEIKGQA"	"S.(HRSGETEDATI)[+104.7621]ADLAVGTAAGQIKTGSMSRSDRVAKYNQLIRIEEALGEKAPYNGRKEIKGQA."	6860.24223	"NONE"		1	"+104.7621:[1-11]"	0		"-"	18	10	0.02138313312		0.0054347826086956	FALSE
"First Identification"	2851	5497	"HCD"	6416	4953.78	148	14	13857.71595	13857.72095	320	9278841.476	832	9279000	0.96001	4946.3802	1	"sp|P0A6T9|GCSH_ECOLI"	"Glycine cleavage system H protein OS=Escherichia coli (strain K12) OX=83333 GN=gcvH PE=1 SV=2"	2	129		"SNVPAELKYSKEHEWLRKEADGTYTVGITEHAQELLGDMVFVDLPEVGATVSAGDDCAVAESVKAASDIYAPVSGEIVAVNDALSDSPELVNSEPYAGGWIFKIKASDESELESLLDATAYEALLEDE"	"M.SNVPAELKYSKEHEWLRKEADGTYTVGITEHAQELLGDMVFV(DLPEVGATVSAGDD(C)[Carbamidomethylation]AV)[+129.0914]AESVKAASDIYAPVSGEIVAVNDALSDSPELVNSEPYAGGWIFKIKASDESELESLLDATAYEALLEDE."	13857.72095	"NME"	"Carbamidomethylation:[57]"	1	"+129.0914:[43-59]"	0		"-"	12	11	0.02072136		0.0027397260273972	TRUE
"Second Identification"	356	2428	"HCD"	2835	2197.03	47	4	4098.12605	4098.09701	52	2292316.813	2361	2292000	0.99757	2209.3002	1	"sp|P0A734|MINE_ECOLI"	"Cell division topological specificity factor OS=Escherichia coli (strain K12) OX=83333 GN=minE PE=1 SV=1"	53	88		"YVQIDPEMVTVQLEQKDGDISILELNVTLPEAEELK"	"K.YVQIDPEMVTVQLEQKDGDISILELNVTLPEAEELK."	4098.09701	"NONE"		0		0		"-"	5	5	0.00178514		0	FALSE
"First Identification"	2687	6198	"HCD"	7234	5575.24	119	23	22994.80806	22995.63041	151	22847904.15	13518	22850000	0.58856	5586.3798	1	"sp|P0A799|PGK_ECOLI"	"Phosphoglycerate kinase OS=Escherichia coli (strain K12) OX=83333 GN=pgk PE=1 SV=2"	2	218		"SVIKMTDLDLAGKRVFIRADLNVPVKDGKVTSDARIRASLPTIELALKQGAKVMVTSHLGRPTEGEYNEEFSLLPVVNYLKDKLSNPVRLVKDYLDGVDVAEGELVVLENVRFNKGEKKDDETLSKKYAALCDVFVMDAFGTAHRAQASTHGIGKFADVACAGPLLAAELDALGKALKEPARPMVAIVGGSKVSTKLTVLDSLSKIADQLIVGGGIA"	"M.SVIKMTDLDLAGKRVFIRADLNVPVKDGKVTSDARIRASLPTIELALKQGAKVMVTSHLGRPTEGEYNEEFS(LLPVVNYLKDKLSNPVRLVKDYLDGVDVAEGELVVLENVRFNKGEKKDDETLSKKYAAL(C)[Carbamidomethylation]DVFVMDAFGT)[-249.8001]AHRAQASTHGIGKFADVA(C)[Carbamidomethylation]AGPLLAAELDALGKALKEPARPMVAIVGGSKVSTKLTVLDSLSKIADQLIVGGGIA.N"	22995.63041	"NME"	"Carbamidomethylation:[132];Carbamidomethylation:[161]"	1	"-249.8001:[73-142]"	0		"-"	27	17	2.01E-05		0	FALSE
"First Identification"	2694	6205	"HCD"	7242	5580.04	71	24	20515.94504	20515.87504	167	23071573.15	747	23070000	0.71708	5595.3198	1	"sp|P0A799|PGK_ECOLI"	"Phosphoglycerate kinase OS=Escherichia coli (strain K12) OX=83333 GN=pgk PE=1 SV=2"	2	195		"SVIKMTDLDLAGKRVFIRADLNVPVKDGKVTSDARIRASLPTIELALKQGAKVMVTSHLGRPTEGEYNEEFSLLPVVNYLKDKLSNPVRLVKDYLDGVDVAEGELVVLENVRFNKGEKKDDETLSKKYAALCDVFVMDAFGTAHRAQASTHGIGKFADVACAGPLLAAELDALGKALKEPARPMVAIVGGSKVS"	"M.SVIKMTDLDLAGKRVFIRADLNVPVKDGKVTSDARIRASLPTIELALKQGAKVMVTSHLGRPTEGEYNEEFSLLPVVNYLKDKLSNPVRLVKDYLDGVDVAEGELVVLENVRFNKGEKKDDETLSKKYAAL(C)[Carbamidomethylation]DVFVMDAFGTAHRAQASTHGIGKFADVA(C)[Carbamidomethylation]AGPL(LAAELDALGKALKEP)[-436.2298]ARPMVAIVGGSKVS.T"	20515.87504	"NME"	"Carbamidomethylation:[132];Carbamidomethylation:[161]"	1	"-436.2298:[166-180]"	0		"-"	18	12	5.87E-05		0	FALSE
"First Identification"	2707	6222	"HCD"	7262	5592.2	226	6	5452.688	5452.793	234	1586519.902	3357	1587000	0.70297	5609.91	1	"sp|P0A799|PGK_ECOLI"	"Phosphoglycerate kinase OS=Escherichia coli (strain K12) OX=83333 GN=pgk PE=1 SV=2"	332	387		"SEAFSIAGGGDTLAAIDLFGIADKISYISTGGGAFLEFVEGKVLPAVAMLEERAKK"	"D.(SEAF)[-277.1976]SIAGGGDTLAAIDLFGIADKISYISTGGGAFLEFVEGKVLPAVAMLEERAKK."	5452.793	"NONE"		1	"-277.1976:[1-4]"	0		"-"	9	8	0.003358517526		0	FALSE
"First Identification"	2673	6182	"HCD"	7215	5563.56	233	12	10251.96208	10252.16708	272	9179221.933	937	9179000	0.89078	5573.67	1	"sp|P0A799|PGK_ECOLI"	"Phosphoglycerate kinase OS=Escherichia coli (strain K12) OX=83333 GN=pgk PE=1 SV=2"	2	92		"SVIKMTDLDLAGKRVFIRADLNVPVKDGKVTSDARIRASLPTIELALKQGAKVMVTSHLGRPTEGEYNEEFSLLPVVNYLKDKLSNPVRLV"	"M.SVIKMTDLDLAGKRVFIRADLNVPVKDGKVTSDARIRASLPTIELALKQGAKVMVTSHLGRPTEGEYNEE(FSLLPVVNYLKDKLSNPVRLV)[+210.6599].K"	10252.16708	"NME"		1	"+210.6599:[71-91]"	0		"-"	24	13	0.01799226		0.0027397260273972	FALSE
"First Identification"	512	2625	"HCD"	3065	2376.7	48	3	2693.51398	2693.496345	201	554283.3375	7562	554300	0.99534	2378.61	1	"sp|P0A7J3|RL10_ECOLI"	"Large ribosomal subunit protein uL10 OS=Escherichia coli (strain K12) OX=83333 GN=rplJ PE=1 SV=2"	2	28		"ALNLQDKQAIVAEVSEVAKGALSAVVA"	"M.ALNLQDKQAIVAEVSEVAKGALSAVVA.D"	2693.496345	"NME"		0		0		"-"	7	7	0.0002961802		0	TRUE
"First Identification"	460	2492	"HCD"	2910	2256	32	5	4463.23982	4463.209448	101	6376682.504	825	6377000	0.99741	2269.4202	1	"sp|P0A7J7|RL11_ECOLI"	"Large ribosomal subunit protein uL11 OS=Escherichia coli (strain K12) OX=83333 GN=rplK PE=1 SV=2"	101	142		"ISRAQLQEIAQTKAADMTGADIEAMTRSIEGTARSMGLVVED"	"K.ISRAQLQEIAQTKAADMTGADIEAMTRSIEGTARSMGLVVED."	4463.209448	"NONE"		0		0		"-"	10	9	2.77E-07		0	TRUE
"Second Identification"	2932	6819	"HCD"	7958	6133.86	73	8	8009.40203	8009.35203	1	8778676.22	329	8779000	0.74642	6130.4298	1	"sp|P0A7K2|RL7_ECOLI"	"Large ribosomal subunit protein bL12 OS=Escherichia coli (strain K12) OX=83333 GN=rplL PE=1 SV=2"	43	121		"AGPVEAAEEKTEFDVILKAAGANKVAVIKAVRGATGLGLKEAKDLVESAPAALKEGVSKDDAEALKKALEEAGAEVEVK"	"A.(AG)[-0.9900]PVEAAEEKTEFDVILKAAGANKVAVIKAVRGATGLGLKEAKDLVESAPAALKEGVSKDDAEALKKALEEAGAEVEVK."	8009.35203	"NONE"		1	"-0.9900:[1-2]"	0		"-"	21	20	1.26E-10		0	FALSE
"First Identification"	3390	7483	"HCD"	8733	6736.32	21	12	12242.57524	12242.81524	115	576484.0519	13670	576500	0.54467	6761.8998	1	"sp|P0A7K2|RL7_ECOLI"	"Large ribosomal subunit protein bL12 OS=Escherichia coli (strain K12) OX=83333 GN=rplL PE=1 SV=2"	2	121		"SITKDQIIEAVAAMSVMDVVELISAMEEKFGVSAAAAVAVAAGPVEAAEEKTEFDVILKAAGANKVAVIKAVRGATGLGLKEAKDLVESAPAALKEGVSKDDAEALKKALEEAGAEVEVK"	"M.[Acetyl]-SITKDQIIEAVAA(MSVMDVVELISAMEEKFGVSAAAAVAV)[+44.3324]AAGPVEAAEEKTEFDVILKAAGANKVAVIKAVRGATGLGLKEAKDLVESAPAALKEGVSKDDAEALKKALEEAGAEVEVK."	12242.81524	"NME_ACETYLATION"		1	"+44.3324:[14-40]"	0		"-"	10	9	1.04E-06		0	FALSE
"First Identification"	3240	7051	"HCD"	8229	6336.57	42	16	12200.56598	12200.80598	203	409958.6249	9022	410000	0.51631	6339.9402	1	"sp|P0A7K2|RL7_ECOLI"	"Large ribosomal subunit protein bL12 OS=Escherichia coli (strain K12) OX=83333 GN=rplL PE=1 SV=2"	2	121		"SITKDQIIEAVAAMSVMDVVELISAMEEKFGVSAAAAVAVAAGPVEAAEEKTEFDVILKAAGANKVAVIKAVRGATGLGLKEAKDLVESAPAALKEGVSKDDAEALKKALEEAGAEVEVK"	"M.[Acetyl]-SITKDQIIEAVAA(MSVMDVVELISAMEEKFGVSAAAAVAV)[+2.3231]AAGPVEAAEEKTEFDVILKAAGANKVAVIKAVRGATGLGLKEAKDLVESAPAALKEGVSKDDAEALKKALEEAGAEVEVK."	12200.80598	"NME_ACETYLATION"		1	"+2.3231:[14-40]"	0		"-"	9	7	0.00032742142		0	FALSE
"First Identification"	899	3400	"HCD"	3969	3085.28	35	3	3279.78589	3279.763595	150	2302356.801	5058	2302000	0.99629	3113.9802	1	"sp|P0A7R5|RS10_ECOLI"	"Small ribosomal subunit protein uS10 OS=Escherichia coli (strain K12) OX=83333 GN=rpsJ PE=1 SV=1"	73	103		"LVDIVEPTEKTVDALMRLDLAAGVDVQISLG"	"R.LVDIVEPTEKTVDALMRLDLAAGVDVQISLG."	3279.763595	"NONE"		0		0		"-"	6	6	1.98E-05		0	FALSE
"First Identification"	355	2250	"HCD"	2628	2035.29	66	12	9981.85468	9982.04968	8	3923523.583	9408	3924000	0.99832	2488.4802	1	"sp|P0A800|RPOZ_ECOLI"	"DNA-directed RNA polymerase subunit omega OS=Escherichia coli (strain K12) OX=83333 GN=rpoZ PE=1 SV=1"	2	91		"ARVTVQDAVEKIGNRFDLVLVAARRARQMQVGGKDPLVPEENDKTTVIALREIEEGLINNQILDVRERQEQQEQEAAELQAVTAIAEGRR"	"M.[Acetyl]-ARVTVQDAVEKIG(NRFDLVLVAAR)[-159.3099]RARQMQVGGKDPLVPEENDKTTVIALREIEEGLINNQILDVRERQEQQEQEAAELQAVTAIAEGRR."	9982.04968	"NME_ACETYLATION"		1	"-159.3099:[14-24]"	0		"-"	19	16	1.30E-12		0	FALSE
"First Identification"	257	2011	"HCD"	2349	1818.87	26	9	7609.85256	7610.00256	188	38842666.65	309	38840000	0.99893	1822.0602	1	"sp|P0A800|RPOZ_ECOLI"	"DNA-directed RNA polymerase subunit omega OS=Escherichia coli (strain K12) OX=83333 GN=rpoZ PE=1 SV=1"	26	91		"RARQMQVGGKDPLVPEENDKTTVIALREIEEGLINNQILDVRERQEQQEQEAAELQAVTAIAEGRR"	"R.RARQMQVGGKD(PLVPEENDK)[+132.1301]TTVIALREIEEGLINNQILDVRERQEQQEQEAAELQAVTAIAEGRR."	7610.00256	"NONE"		1	"+132.1301:[12-20]"	0		"-"	9	9	0.00015575763		0	FALSE
"First Identification"	3126	6860	"HCD"	8006	6168.91	295	15	17738.2697	17738.2447	146	35775878.68	275	28710000	0.98296	6185.46	1	"sp|P0A862|TPX_ECOLI"	"Thiol peroxidase OS=Escherichia coli (strain K12) OX=83333 GN=tpx PE=1 SV=2"	2	168		"SQTVHFQGNPVTVANSIPQAGSKAQTFTLVAKDLSDVTLGQFAGKRKVLNIFPSIDTGVCAASVRKFNQLATEIDNTVVLCISADLPFAQSRFCGAEGLNNVITLSTFRNAEFLQAYGVAIADGPLKGLAARAVVVIDENDNVIFSQLVDEITTEPDYEAALAVLKA"	"M.SQTVHFQGNPVTVANSIPQAGSKAQTFTLVAKDLSDVTLGQFAGKRKVLNIFPSIDTGV(C)[Carbamidomethylation]AASVRKFNQLATEIDNTVVL(C)[Carbamidomethylation]ISADLPFAQSRF(C)[Carbamidomethylation](GA)[-125.9951]EGLNNVITLSTFRNAEFLQAYGVAIADGPLKGLAARAVVVIDENDNVIFSQLVDEITTEPDYEAALAVLKA."	17738.2447	"NME"	"Carbamidomethylation:[60];Carbamidomethylation:[81];Carbamidomethylation:[94]"	1	"-125.9951:[95-96]"	0		"-"	37	30	1.33E-05		0	FALSE
"First Identification"	2810	6360	"HCD"	7423	5714.69	98	15	17804.2502	17805.40755	198	5380243.082	1107	5380000	0.9683	5740.7202	1	"sp|P0A862|TPX_ECOLI"	"Thiol peroxidase OS=Escherichia coli (strain K12) OX=83333 GN=tpx PE=1 SV=2"	2	168		"SQTVHFQGNPVTVANSIPQAGSKAQTFTLVAKDLSDVTLGQFAGKRKVLNIFPSIDTGVCAASVRKFNQLATEIDNTVVLCISADLPFAQSRFCGAEGLNNVITLSTFRNAEFLQAYGVAIADGPLKGLAARAVVVIDENDNVIFSQLVDEITTEPDYEAALAVLKA"	"M.SQTVHFQGNPVTVANSIPQAGSKA(QTFTLVAKDLSDVTLGQFAGKRKVLNIFPSIDTGV(C)[Carbamidomethylation]AASVRKFNQLATEIDNTVVL(C)[Carbamidomethylation]ISADLPFAQ)[-58.8322]SRF(C)[Carbamidomethylation]GAEGLNNVITLSTFRNAEFLQAYGVAIADGPLKGLAARAVVVIDENDNVIFSQLVDEITTEPDYEAALAVLKA."	17805.40755	"NME"	"Carbamidomethylation:[60];Carbamidomethylation:[81];Carbamidomethylation:[94]"	1	"-58.8322:[25-90]"	0		"-"	12	10	0.018205662		0.0027397260273972	TRUE
"First Identification"	487	2547	"HCD"	2974	2305.74	18	5	4472.14832	4472.11332	147	455848.885	7566	455800	0.98357	2324.01	1	"sp|P0A8E7|YAJQ_ECOLI"	"UPF0234 protein YajQ OS=Escherichia coli (strain K12) OX=83333 GN=yajQ PE=1 SV=2"	2	44		"PSFDIVSEVDLQEARNAVDNASREVESRFDFRNVEASFELNDA"	"M.PSFDIVSEVDLQEARNAVDNASREVESRFD(FRNVEASFELNDA)[-414.1886].S"	4472.11332	"NME"		1	"-414.1886:[31-43]"	0		"-"	9	9	1.61E-05		0	FALSE
"First Identification"	356	2252	"HCD"	2630	2036.69	16	5	4037.96682	4037.93182	163	373923.872	8903	373900	0.9863	2017.32	1	"sp|P0A8E7|YAJQ_ECOLI"	"UPF0234 protein YajQ OS=Escherichia coli (strain K12) OX=83333 GN=yajQ PE=1 SV=2"	2	36		"PSFDIVSEVDLQEARNAVDNASREVESRFDFRNVE"	"M.PSFDIVSEVD(LQEARNAVD)[-0.9989]NASREVESRFDFRNVE.A"	4037.93182	"NME"		1	"-0.9989:[11-19]"	0		"-"	9	8	3.87E-05		0	FALSE
"First Identification"	949	3470	"HCD"	4051	3149.77	77	24	20683.51184	20684.36419	42	48504794.52	419	48500000	0.99963	3168.4602	1	"sp|P0A8G6|NQOR_ECOLI"	"NAD(P)H dehydrogenase (quinone) OS=Escherichia coli (strain K12) OX=83333 GN=wrbA PE=1 SV=2"	2	198		"AKVLVLYYSMYGHIETMARAVAEGASKVDGAEVVVKRVPETMPPQLFEKAGGKTQTAPVATPQELADYDAIIFGTPTRFGNMSGQMRTFLDQTGGLWASGALYGKLASVFSSTGTGGGQEQTITSTWTTLAHHGMVIVPIGYAAQELFDVSQVRGGTPYGATTIAGGDGSRQPSQEELSIARYQGEYVAGLAVKLNG"	"M.AKVLVLYYSMYGHIETMARAVAEGASKVDGAEVVVKRVPETMPPQLFEKAGGKTQTAPVA(T)[-17.0177]PQELADYDAIIFGTPTRFGNMSGQMRTFLDQTGGLWASGALYGKLASVFSSTGTGGGQEQTITSTWTTLAHHGMVIVPIGYAAQELFDVSQVRGGTPYGATTIAGGDGSRQPSQEELSIARYQGEYVAGLAVKLNG."	20684.36419	"NME"		1	"-17.0177:[61]"	0		"-"	16	15	6.22E-08		0	TRUE
"First Identification"	911	3417	"HCD"	3989	3101.14	57	18	20747.508	20748.76035	176	9833705.502	2597	9834000	0.99982	3064.7202	1	"sp|P0A8G6|NQOR_ECOLI"	"NAD(P)H dehydrogenase (quinone) OS=Escherichia coli (strain K12) OX=83333 GN=wrbA PE=1 SV=2"	1	198		"MAKVLVLYYSMYGHIETMARAVAEGASKVDGAEVVVKRVPETMPPQLFEKAGGKTQTAPVATPQELADYDAIIFGTPTRFGNMSGQMRTFLDQTGGLWASGALYGKLASVFSSTGTGGGQEQTITSTWTTLAHHGMVIVPIGYAAQELFDVSQVRGGTPYGATTIAGGDGSRQPSQEELSIARYQGEYVAGLAVKLNG"	".[Acetyl]-MAKVLVLYYSMYGHIETMARAVAEGASKVDGAEVVVKRVPETMPPQLFEKAGGKTQTAPVATPQELAD(YDAIIFGTPTRFGNMSGQMRTFLDQTGGLWASGALYGKLASVFSST)[-125.6726]GTGGGQEQTITSTWTTLAHHGMVIVPIGYAAQELFDVSQVRGGTPYGATTIAGGDGSRQPSQEELSIARYQGEYVAGLAVKLNG."	20748.76035	"M_ACETYLATION"		1	"-125.6726:[69-114]"	0		"-"	10	9	0.0010732882		0	FALSE
"First Identification"	2895	6501	"HCD"	7587	5843.37	97	23	22397.99785	22396.9205	193	11288232.2	2469	5731000	0.94257	5850.7902	1	"sp|P0A955|ALKH_ECOLI"	"KHG/KDPG aldolase OS=Escherichia coli (strain K12) OX=83333 GN=eda PE=1 SV=1"	1	213		"MKNWKTSAESILTTGPVVPVIVVKKLEHAVPMAKALVAGGVRVLEVTLRTECAVDAIRAIAKEVPEAIVGAGTVLNPQQLAEVTEAGAQFAISPGLTEPLLKAATEGTIPLIPGISTVSELMLGMDYGLKEFKFFPAEANGGVKALQAIAGPFSQVRFCPTGGISPANYRDYLALKSVLCIGGSWLVPADALEAGDYDRITKLAREAVEGAKL"	".MKNWKTSAESILTTGPVVPVIVVKKLEHAVPMAKALVAGGVRVLEVTLRTE(C)[Carbamidomethylation]AVDAIRAIAKEVPEAIVGAGTVLNPQQLAEVTEAGAQFAISPGLTEPLLKAATEGTIPLIPGISTVSELMLGMDYGLKEFKFFPAEANGGVKALQAIAGPFSQVRF(C)[Carbamidomethylation](PTGGISPANYRDYLALKSVL(C)[Carbamidomethylation])[-44.0437]IGGSWLVPADALEAGDYDRITKLAREAVEGAKL."	22396.9205	"NONE"	"Carbamidomethylation:[52];Carbamidomethylation:[159];Carbamidomethylation:[180]"	1	"-44.0437:[160-180]"	0		"-"	11	11	0.00020827944		0	FALSE
"First Identification"	211	1917	"HCD"	2239	1732.92	29	8	8648.44331	8648.61331	98	2298635.397	4519	2299000	0.99613	1718.5002	1	"sp|P0AA31|YEDF_ECOLI"	"Putative sulfur carrier protein YedF OS=Escherichia coli (strain K12) OX=83333 GN=yedF PE=1 SV=1"	1	77		"MKNIVPDYRLDMVGEPCPYPAVATLEAMPQLKKGEILEVVSDCPQSINNIPLDARNHGYTVLDIQQDGPTIRYLIQK"	".MKNIVPDYRLDMVGE(P(C)[Carbamidomethylation]PYPAVATLEAMPQLKKGEILEVVSD(C)[Carbamidomethylation])[-98.8229]PQSINNIPLDARNHGYTVLDIQQDGPTIRYLIQK."	8648.61331	"NONE"	"Carbamidomethylation:[17];Carbamidomethylation:[43]"	1	"-98.8229:[16-43]"	0		"-"	10	9	1.90E-07		0	FALSE
"First Identification"	1024	3566	"HCD"	4163	3237.16	129	11	9734.89598	9734.89598	214	216280194.6	298	216300000	0.99967	2872.6902	1	"sp|P0AB55|YCII_ECOLI"	"Protein YciI OS=Escherichia coli (strain K12) OX=83333 GN=yciI PE=1 SV=1"	1	91		"MLYVIYAQDKADSLEKRLSVRPAHLARLQLLHDEGRLLTAGPMPAVDSNDPGAAGFTGSTVIAEFESLEAAQAWADADPYVAAGVYEHVSV"	".MLYVIYAQDKADSLEKRLSVRPAHLARLQLLHDEGRLLTAGPMPAVDSNDPGAAGFTGSTVIAEFESL(EAAQAWADADPYVAAGVYE)[+14.0234]HVSV.K"	9734.89598	"NONE"		1	"+14.0234:[69-87]"	0		"-"	16	14	0.000709077135		0	FALSE
"First Identification"	928	3446	"HCD"	4023	3127.91	38	15	16950.60635	16951.6787	41	6837371.455	2420	6837000	0.99895	3135.8598	1	"sp|P0ABD8|BCCP_ECOLI"	"Biotin carboxyl carrier protein of acetyl-CoA carboxylase OS=Escherichia coli (strain K12) OX=83333 GN=accB PE=1 SV=1"	1	156		"MDIRKIKKLIELVEESGISELEISEGEESVRISRAAPAASFPVMQQAYAAPMMQQPAQSNAAAPATVPSMEAPAAAEISGHIVRSPMVGTFYRTPSPDAKAFIEVGQKVNVGDTLCIVEAMKMMNQIEADKSGTVKAILVESGQPVEFDEPLVVIE"	".MDIRKIKKLIELVEESGISELEISEGEESVRISRAAPAASFPVMQQAYAAPMMQQPAQSNAAAPATVPSMEAPAAAEISGHIVRSPMVGTFYRTPSPDAKAFIEVGQKVNVG(DTL(C)[Carbamidomethylation]IVEAMKMMNQIEADKSGTVKAILVESGQ)[+218.2300]PVEFDEPLVVIE."	16951.6787	"NONE"	"Carbamidomethylation:[116]"	1	"+218.2300:[113-144]"	0		"-"	14	15	5.04E-12		0	FALSE
"First Identification"	826	3286	"HCD"	3836	2981.22	74	2	1767.88459	1768.87194	135	1614071.234	3381	1614000	0.98424	2971.59	1	"sp|P0ABT2|DPS_ECOLI"	"DNA protection during starvation protein OS=Escherichia coli (strain K12) OX=83333 GN=dps PE=1 SV=2"	152	167		"SRDLDKFLWFIESNIE"	"A.(SRDLDKFL)[-242.1332]WFIESNIE."	1768.87194	"NONE"		1	"-242.1332:[1-8]"	0		"-"	9	9	6.10E-06		0	TRUE
"Second Identification"	179	1939	"HCD"	2265	1753.7	19	4	3380.77961	3380.757598	37	6438751.087	1954	6439000	0.99777	1773.6498	1	"sp|P0ABT2|DPS_ECOLI"	"DNA protection during starvation protein OS=Escherichia coli (strain K12) OX=83333 GN=dps PE=1 SV=2"	16	44		"YTRNDVSDSEKKATVELLNRQVIQFIDLS"	"L.YTRNDVSDSEKKATVELLNRQVIQFIDLS.L"	3380.757598	"NONE"		0		0		"-"	8	7	0.0002361497641		0	TRUE
"First Identification"	2143	5265	"HCD"	6145	4746.49	218	21	18594.81358	18594.70721	232	74480015.1	387	74480000	0.99585	4764.4998	1	"sp|P0ABT2|DPS_ECOLI"	"DNA protection during starvation protein OS=Escherichia coli (strain K12) OX=83333 GN=dps PE=1 SV=2"	2	167		"STAKLVKSKATNLLYTRNDVSDSEKKATVELLNRQVIQFIDLSLITKQAHWNMRGANFIAVHEMLDGFRTALIDHLDTMAERAVQLGGVALGTTQVINSKTPLKSYPLDIHNVQDHLKELADRYAIVANDVRKAIGEAKDDDTADILTAASRDLDKFLWFIESNIE"	"M.[Acetyl]-STAKLVKSKATNLLYTRNDVSDSEKKATVELLNRQVIQFIDLSLITKQAHWNMRGANFIAVHEMLDGFRTALIDHLDTMAERAVQLGGVALGTTQVINSKTPLKSYPLDIHNVQDHLKELADRYAIVANDVRKAIGEAKDDDTADILTAASRDLDKFLWFIESNIE."	18594.70721	"NME_ACETYLATION"		0		0		"-"	16	11	0.0032498		0	FALSE
"First Identification"	2782	6321	"HCD"	7377	5678.26	49	8	7080.10451	7080.24451	246	478028.0397	5579	478000	0.57162	5658.15	1	"sp|P0ABT2|DPS_ECOLI"	"DNA protection during starvation protein OS=Escherichia coli (strain K12) OX=83333 GN=dps PE=1 SV=2"	2	63		"STAKLVKSKATNLLYTRNDVSDSEKKATVELLNRQVIQFIDLSLITKQAHWNMRGANFIAVH"	"M.STAKLVKSKATNLLYTRNDVSDSEKKATVELLNRQVIQ(FID)[+56.4572]LSLITKQAHWNMRGANFIAVH.E"	7080.24451	"NME"		1	"+56.4572:[39-41]"	0		"-"	12	7	0.0066324247		0	FALSE
"First Identification"	2354	5646	"HCD"	6590	5089.84	262	22	18549.80894	18550.71629	250	60591108.49	13433	60590000	0.85358	5099.3202	1	"sp|P0ABT2|DPS_ECOLI"	"DNA protection during starvation protein OS=Escherichia coli (strain K12) OX=83333 GN=dps PE=1 SV=2"	2	167		"STAKLVKSKATNLLYTRNDVSDSEKKATVELLNRQVIQFIDLSLITKQAHWNMRGANFIAVHEMLDGFRTALIDHLDTMAERAVQLGGVALGTTQVINSKTPLKSYPLDIHNVQDHLKELADRYAIVANDVRKAIGEAKDDDTADILTAASRDLDKFLWFIESNIE"	"M.STAKLVKSKATNLLYTRNDVSDSEKKATVELLNRQVIQFIDLSLITKQAHWNMRGANFIAVHEMLDGFRTALIDHLDTMAERAVQLGGV(ALGTTQVIN)[-1.9804]SKTPLKSYPLDIHNVQDHLKELADRYAIVANDVRKAIGEAKDDDTADILTAASRDLDKFLWFIESNIE."	18550.71629	"NME"		1	"-1.9804:[90-98]"	0		"-"	18	18	0.007437132		0	FALSE
"First Identification"	648	2982	"HCD"	3482	2703.73	15	9	6570.4791	6571.437998	249	8144935.547	8239	8145000	0.99944	2833.6902	1	"sp|P0AC92|GNSA_ECOLI"	"Protein GnsA OS=Escherichia coli (strain K12) OX=83333 GN=gnsA PE=1 SV=1"	1	57		"MNIEELKKQAETEIADFIAQKIAELNKNTGKEVSEIRFTAREKMTGLESYDVKIKIM"	".MNIEELKKQAETEIADFIAQKIAELNKNTGKEVSEIRFTAREKMTGLESYDVKIKIM."	6571.437998	"NONE"		0		0		"-"	5	5	0.0070974		0	FALSE
"First Identification"	155	1788	"HCD"	2089	1617.02	26	8	6053.16379	6052.11644	81	401785.2142	7678	401800	0.93566	1610.0298	1	"sp|P0ACF8|HNS_ECOLI"	"DNA-binding protein H-NS OS=Escherichia coli (strain K12) OX=83333 GN=hns PE=1 SV=2"	35	89		"VVVNERREEESAAAAEVEERTRKLQQYREMLIADGIDPNELLNSLAAVKSGTKAK"	"E.(VVVNERREEESAAAAEVEERTRKLQQYREMLIAD)[-72.0811]GIDPNELLNSLAAVKSGTKAK.R"	6052.11644	"NONE"		1	"-72.0811:[1-34]"	0		"-"	18	14	2.09E-08		0	FALSE
"First Identification"	1056	3602	"HCD"	4205	3270.17	134	11	11165.8136	11167.03595	170	6048343.25	4396	6048000	0.99871	3113.9802	1	"sp|P0ACX3|YDHR_ECOLI"	"Putative monooxygenase YdhR OS=Escherichia coli (strain K12) OX=83333 GN=ydhR PE=1 SV=1"	2	101		"ATLLQLHFAFNGPFGDAMAEQLKPLAESINQEPGFLWKVWTESEKNHEAGGIYLFTDEKSALAYLEKHTARLKNLGVEEVVAKVFDVNEPLSQINQAKLA"	"M.ATLLQLHFAFNGPFGDAMAEQLK(PLAESI)[+17.2922]NQEPGFLWKVWTESEKNHEAGGIYLFTDEKSALAYLEKHTARLKNLGVEEVVAKVFDVNEPLSQINQAKLA."	11167.03595	"NME"		1	"+17.2922:[24-29]"	0		"-"	16	14	0.0085956		0	FALSE
"First Identification"	755	3187	"HCD"	3721	2891.34	128	14	11951.04363	11950.97363	22	23559721.63	2938	17160000	0.99935	3064.7202	1	"sp|P0ADU5|YGIW_ECOLI"	"Protein YgiW OS=Escherichia coli (strain K12) OX=83333 GN=ygiW PE=1 SV=1"	21	130		"AEQGGFSGPSATQSQAGGFQGPNGSVTTVESAKSLRDDTWVTLRGNIVERISDDLYVFKDASGTINVDIDHKRWNGVTVTPKDTVEIQGEVDKDWNSVEIDVKQIRKVNP"	"A.AEQGGFSGPSATQS(Q)[-18.0137]AGGFQGPNGSVTTVESAKSLRDDTWVTLRGNIVERISDDLYVFKDASGTINVDIDHKRWNGVTVTPKDTVEIQGEVDKDWNSVEIDVKQIRKVNP."	11950.97363	"NONE"		1	"-18.0137:[15]"	0		"-"	40	28	1.00E-12		0	TRUE
"First Identification"	898	3399	"HCD"	3968	3084.7	72	7	8385.18956	8384.31221	88	12938529.44	574	12940000	0.99298	3152.2302	1	"sp|P0ADU5|YGIW_ECOLI"	"Protein YgiW OS=Escherichia coli (strain K12) OX=83333 GN=ygiW PE=1 SV=1"	21	102		"AEQGGFSGPSATQSQAGGFQGPNGSVTTVESAKSLRDDTWVTLRGNIVERISDDLYVFKDASGTINVDIDHKRWNGVTVTPK"	"A.AEQGGFSGPSATQSQAGGFQG(PNGSVTTVESAKSLRDDTWVTLRGNIVERI)[-350.0231]SDDLYVFKDASGTINVDIDHKRWNGVTVTPK.D"	8384.31221	"NONE"		1	"-350.0231:[22-51]"	0		"-"	13	13	7.27E-08		0	FALSE
"First Identification"	1411	4072	"HCD"	4753	3697.73	119	12	11042.94436	11041.84201	160	854632.418	5481	854600	0.84103	3687.99	1	"sp|P0ADU5|YGIW_ECOLI"	"Protein YgiW OS=Escherichia coli (strain K12) OX=83333 GN=ygiW PE=1 SV=1"	30	130		"SATQSQAGGFQGPNGSVTTVESAKSLRDDTWVTLRGNIVERISDDLYVFKDASGTINVDIDHKRWNGVTVTPKDTVEIQGEVDKDWNSVEIDVKQIRKVNP"	"P.(SATQ)[-96.7895]SQAGGFQGPNGSVTTVESAKSLRDDTWVTLRGNIVERISDDLYVFKDASGTINVDIDHKRWNGVTVTPKDTVEIQGEVDKDWNSVEIDVKQIRKVNP."	11041.84201	"NONE"		1	"-96.7895:[1-4]"	0		"-"	19	15	3.48E-05		0	FALSE
"First Identification"	1897	4807	"HCD"	5611	4336.98	201	24	20679.47816	20680.37051	275	28105714.55	1013	16100000	0.91775	4361.0802	1	"sp|P0AE08|AHPC_ECOLI"	"Alkyl hydroperoxide reductase C OS=Escherichia coli (strain K12) OX=83333 GN=ahpC PE=1 SV=2"	2	187		"SLINTKIKPFKNQAFKNGEFIEITEKDTEGRWSVFFFYPADFTFVCPTELGDVADHYEELQKLGVDVYAVSTDTHFTHKAWHSSSETIAKIKYAMIGDPTGALTRNFDNMREDEGLADRATFVVDPQGIIQAIEVTAEGIGRDASDLLRKIKAAQYVASHPGEVCPAKWKEGEATLAPSLDLVGKI"	"M.SLINTKIKPFKNQAFKNGEFIEITEKDTEGRWSVFFFYPADFTFV(C)[Carbamidomethylation]PTELGDVADHYEELQKLGVDVYAVSTDTHFTHKAWHSSSETIAKIKYAMIGDPTGALTRNFDNMRED(EGLADRATFVVDPQGIIQAIEVTAEGIGRDASDLLRKIKAAQYVASHPG)[-51.0443]EV(C)[Carbamidomethylation]PAKWKEGEATLAPSLDLVGKI."	20680.37051	"NME"	"Carbamidomethylation:[46];Carbamidomethylation:[165]"	1	"-51.0443:[114-162]"	0		"-"	19	14	0.021280802		0.0054347826086956	FALSE
"Second Identification"	946	3637	"HCD"	4246	3302.24	68	11	12403.3763	12402.27895	39	5045376.026	2051	5045000	0.98931	3272.6298	1	"sp|P0AEB7|YOAB_ECOLI"	"RutC family protein YoaB OS=Escherichia coli (strain K12) OX=83333 GN=yoaB PE=3 SV=1"	2	114		"TIVRIDAEARWSDVVIHNNTLYYTGVPENLDADAFEQTANTLAQIDAVLEKQGSNKSSILDATIFLADKNDFAAMNKAWDAWVVAGHAPVRCTVQAGLMNPKYKVEIKIVAAV"	"M.TIVRIDAEARWSDVVIHNNTLYYTGVPENLDADAFEQTANTLAQIDAVLEKQGSNKSSILDATIFLADKNDFAAMNKAWDAWVVAGHAPVR(C)[Carbamidomethylation](TVQAGLMNPKYKVEIKIVAAV)[-9.0515]."	12402.27895	"NME"	"Carbamidomethylation:[92]"	1	"-9.0515:[93-113]"	0		"-"	11	11	0.00033431886		0	FALSE
"First Identification"	1921	4849	"HCD"	5660	4374.1	225	16	15987.17414	15988.09149	74	5294134.774	808	5294000	0.91473	4345.0098	1	"sp|P0AED0|USPA_ECOLI"	"Universal stress protein A OS=Escherichia coli (strain K12) OX=83333 GN=uspA PE=1 SV=2"	2	144		"AYKHILIAVDLSPESKVLVEKAVSMARPYNAKVSLIHVDVNYSDLYTGLIDVNLGDMQKRISEETHHALTELSTNAGYPITETLSGSGDLGQVLVDAIKKYDMDLVVCGHHQDFWSKLMSSARQLINTVHVDMLIVPLRDEEE"	"M.AYKHILIAVDLSPESKVLVEKAVSMARPYNAKVSLIHVDVNYSDLYTGLIDVNLGDMQKRISEETHHALTELSTNAGYPITETLSG(SGDLGQ)[+5.9627]VLVDAIKKYDMDLVV(C)[Carbamidomethylation]GHHQDFWSKLMSSARQLINTVHVDMLIVPLRDEEE."	15988.09149	"NME"	"Carbamidomethylation:[108]"	1	"+5.9627:[87-92]"	0		"-"	28	21	5.24E-05		0	FALSE
"First Identification"	672	3036	"HCD"	3545	2753.08	44	7	7561.78299	7562.83034	190	536882.2562	8498	536900	0.9909	2707.65	1	"sp|P0AES9|HDEA_ECOLI"	"Acid stress chaperone HdeA OS=Escherichia coli (strain K12) OX=83333 GN=hdeA PE=1 SV=1"	42	110		"FLAVDESFQPTAVGFAEALNNKDKPEDAVLDVQGIATVTPAIVQACTQDKQANFKDKVKGEWDKIKKDM"	"D.FLAVDESFQPTAVGFAEALNNKDKPEDAVLDVQGIATVT(PAIVQA(C)[Carbamidomethylation]TQDKQANFKDKVKGEWDKIKKDM)[-57.0293]."	7562.83034	"NONE"	"Carbamidomethylation:[46]"	1	"-57.0293:[40-69]"	0		"-"	11	10	0.0001841671282		0	FALSE
"First Identification"	218	1932	"HCD"	2257	1747.44	39	8	7433.86219	7432.76984	30	1280500.809	6881	1281000	0.99305	1745.8698	1	"sp|P0AEU7|SKP_ECOLI"	"Chaperone protein Skp OS=Escherichia coli (strain K12) OX=83333 GN=skp PE=1 SV=1"	94	161		"FAQKAQAFEQDRARRSNEERGKLVTRIQTAVKSVANSQDIDLVVDANAVAYNSSDVKDITADVLKQVK"	"T.FAQKAQAFEQDRA(RRSNEERGKLVTRIQTAVKSVANSQDIDLV)[-84.1717]VDANAVAYNSSDVKDITADVLKQVK."	7432.76984	"NONE"		1	"-84.1717:[14-43]"	0		"-"	15	13	4.05E-08		0	FALSE
"First Identification"	246	1987	"HCD"	2321	1797.61	23	4	3220.63089	3220.69089	180	383587.8786	7725	383600	0.99224	1790.04	1	"sp|P0AEU7|SKP_ECOLI"	"Chaperone protein Skp OS=Escherichia coli (strain K12) OX=83333 GN=skp PE=1 SV=1"	132	161		"DIDLVVDANAVAYNSSDVKDITADVLKQVK"	"Q.DIDL(VVDA)[+3.0191]NAVAYNSSDVKDITADVLKQVK."	3220.69089	"NONE"		1	"+3.0191:[5-8]"	0		"-"	8	8	0.0001074233552		0	FALSE
"First Identification"	1739	4530	"HCD"	5288	4091.53	342	19	21135.61584	21135.50084	166	284273632.7	142	284300000	0.99987	4051.05	1	"sp|P0AGD3|SODF_ECOLI"	"Superoxide dismutase [Fe] OS=Escherichia coli (strain K12) OX=83333 GN=sodB PE=1 SV=2"	2	193		"SFELPALPYAKDALAPHISAETIEYHYGKHHQTYVTNLNNLIKGTAFEGKSLEEIIRSSEGGVFNNAAQVWNHTFYWNCLAPNAGGEPTGKVAEAIAASFGSFADFKAQFTDAAIKNFGSGWTWLVKNSDGKLAIVSTSNAGTPLTTDATPLLTVDVWEHAYYIDYRNARPGYLEHFWALVNWEFVAKNLAA"	"M.SFELPALPYAKDALAPHISAETIEYHYGKHHQTYVTNLNNLIKGTAFEGKSLEEIIRSSEGGVFNNAAQVWNHTFYWN((C)[Carbamidomethylation])[-43.0060]LAPNAGGEPTGKVAEAIAASFGSFADFKAQFTDAAIKNFGSGWTWLVKNSDGKLAIVSTSNAGTPLTTDATPLLTVDVWEHAYYIDYRNARPGYLEHFWALVNWEFVAKNLAA."	21135.50084	"NME"	"Carbamidomethylation:[79]"	1	"-43.0060:[79]"	0		"-"	39	32	5.17E-05		0	TRUE
"First Identification"	3168	6919	"HCD"	8075	6218.05	118	13	14078.38281	14079.39016	91	14643174.13	423	9098000	0.95307	6195.33	1	"sp|P0AGL2|TDCF_ECOLI"	"Putative reactive intermediate deaminase TdcF OS=Escherichia coli (strain K12) OX=83333 GN=tdcF PE=1 SV=1"	1	129		"MKKIIETQRAPGAIGPYVQGVDLGSMVFTSGQIPVCPQTGEIPADVQDQARLSLENVKAIVVAAGLSVGDIIKMTVFITDLNDFATINEVYKQFFDEHQATYPTRSCVQVARLPKDVKLEIEAIAVRSA"	".MKKIIETQRAPGAIGPYVQGVDLGSMVFTSGQI(PV(C)[Carbamidomethylation]PQTGEIPADVQDQARLS)[-32.9547]LENVKAIVVAAGLSVGDIIKMTVFITDLNDFATINEVYKQFFDEHQATYPTRS(C)[Carbamidomethylation]VQVARLPKDVKLEIEAIAVRSA."	14079.39016	"NONE"	"Carbamidomethylation:[36];Carbamidomethylation:[107]"	1	"-32.9547:[34-53]"	0		"-"	18	18	8.81E-08		0	FALSE
"First Identification"	2501	5896	"HCD"	6881	5314.14	38	4	4510.17117	4510.26117	245	1336481.832	2425	1336000	0.93046	5320.8498	1	"sp|P37769|KDUD_ECOLI"	"2-dehydro-3-deoxy-D-gluconate 5-dehydrogenase OS=Escherichia coli (strain K12) OX=83333 GN=kduD PE=1 SV=2"	211	253		"DRIPAGRWGLPSDLMGPIVFLASSASDYVNGYTIAVDGGWLAR"	"L.(DRIPAGRWGLPSDLMGPIVFLASSASDYV)[-53.0397]NGYTIAVDGGWLAR."	4510.26117	"NONE"		1	"-53.0397:[1-29]"	0		"-"	6	6	0.00623244671		0	FALSE
"First Identification"	2515	5916	"HCD"	6905	5333.44	217	14	12548.52737	12549.62972	173	2395144.104	2378	2395000	0.57099	5331.8598	1	"sp|P61714|RISB_ECOLI"	"6,7-dimethyl-8-ribityllumazine synthase OS=Escherichia coli (strain K12) OX=83333 GN=ribE PE=1 SV=1"	35	156		"IDALKRIGQVKDENITVVWVPGAYELPLAAGALAKTGKYDAVIALGTVIRGGTAHFEYVAGGASNGLAHVAQDSEIPVAFGVLTTESIEQAIERAGTKAGNKGAEAALTALEMINVLKAIKA"	"A.(IDALKRIGQVKDENITVVWV)[+57.9294]PGAYELPLAAGALAKTGKYDAVIALGTVIRGGTAHFEYVAGGASNGLAHVAQDSEIPVAFGVLTTESIEQAIERAGTKAGNKGAEAALTALEMINVLKAIKA."	12549.62972	"NONE"		1	"+57.9294:[1-20]"	0		"-"	29	21	7.82E-05		0	FALSE
"First Identification"	2142	5264	"HCD"	6144	4745.9	69	8	9531.99331	9532.18331	7	3416765.042	13372	3417000	0.78895	4742.85	1	"sp|P64479|YDIZ_ECOLI"	"Uncharacterized protein YdiZ OS=Escherichia coli (strain K12) OX=83333 GN=ydiZ PE=4 SV=1"	2	87		"ASGDLVRYVITVMLHEDTLTEINELNNYLTRDGFLLTMTDDEGNIHELGTNTFGLISTQSEEEIRELVSGLTQSATGKDPEITITT"	"M.ASGDLVRYVITVMLHEDTLTEINELNNYLTRDGFLLTMTDDEGNIHEL(GTNTFGLISTQSEEEIRELVSGLTQSATGKDPEITITT)[+34.5011].W"	9532.18331	"NME"		1	"+34.5011:[49-86]"	0		"-"	18	14	1.44E-07		0	FALSE
"First Identification"	405	2364	"HCD"	2761	2139.73	18	8	8794.23107	8794.40607	183	3253868.937	4210	3254000	0.9983	2077.44	1	"sp|P64503|YEBV_ECOLI"	"Uncharacterized protein YebV OS=Escherichia coli (strain K12) OX=83333 GN=yebV PE=1 SV=1"	1	78		"MKTSVRIGAFEIDDGELHGESPGDRTLTIPCKSDPDLCMQLDAWDAETSIPALLNGEHSVLYRTRYDQQSDAWIMRLA"	".MKTSVRIGAFEIDDGELHGESPGDRTLTI(P(C)[Carbamidomethylation]KSDPDL(C)[Carbamidomethylation]MQLDAWDA)[-66.8296]ETSIPALLNGEHSVLYRTRYDQQSDAWIMRLA."	8794.40607	"NONE"	"Carbamidomethylation:[31];Carbamidomethylation:[38]"	1	"-66.8296:[30-46]"	0		"-"	5	5	0.00012708108		0	FALSE
"First Identification"	1255	3853	"HCD"	4498	3498.9	202	16	14273.51606	14274.43841	43	26744143.9	1392	26740000	0.99969	3524.13	1	"sp|P68066|GRCA_ECOLI"	"Autonomous glycyl radical cofactor OS=Escherichia coli (strain K12) OX=83333 GN=grcA PE=1 SV=1"	1	127		"MITGIQITKAANDDLLNSFWLLDSEKGEARCIVAKAGYAEDEVVAVSKLGDIEYREVPVEVKPEVRVEGGQHLNVNVLRRETLEDAVKHPEKYPQLTIRVSGYAVRFNSLTPEQQRDVIARTFTESL"	".MITGIQITKAANDDLLNSF(WLLDSEKGEAR(C)[Carbamidomethylation])[-58.0166]IVAKAGYAEDEVVAVSKLGDIEYREVPVEVKPEVRVEGGQHLNVNVLRRETLEDAVKHPEKYPQLTIRVSGYAVRFNSLTPEQQRDVIARTFTESL."	14274.43841	"NONE"	"Carbamidomethylation:[31]"	1	"-58.0166:[20-31]"	0		"-"	54	32	9.14E-12		0	TRUE
"First Identification"	3616	8407	"HCD"	9811	7573.75	54	8	6054.76747	6055.88982	162	3426442.385	5072	3426000	0.76468	7478.9802	1	"sp|P68206|YJBJ_ECOLI"	"UPF0337 protein YjbJ OS=Escherichia coli (strain K12) OX=83333 GN=yjbJ PE=1 SV=1"	19	69		"EQWGKLTDDDMTIIEGKRDQLVGKIQERYGYQKDQAEKEVVDWETRNEYRW"	"K.(EQWGKLTDDDM)[-218.1556]TIIEGKRDQLVGKIQERYGYQKDQAEKEVVDWETRNEYRW."	6055.88982	"NONE"		1	"-218.1556:[1-11]"	0		"-"	8	7	3.61E-05		0	FALSE
"First Identification"	1385	4030	"HCD"	4704	3659.56	281	20	18124.82627	18123.86892	18	11382960.64	1541	11380000	0.96909	3649.95	1	"sp|P69783|PTGA_ECOLI"	"PTS system glucose-specific EIIA component OS=Escherichia coli (strain K12) OX=83333 GN=crr PE=1 SV=2"	2	169		"GLFDKLKSLVSDDKKDTGTIEIIAPLSGEIVNIEDVPDVVFAEKIVGDGIAIKPTGNKMVAPVDGTIGKIFETNHAFSIESDSGVELFVHFGIDTVELKGEGFKRIAEEGQRVKVGDTVIEFDLPLLEEKAKSTLTPVVISNMDEIKELIKLSGSVTVGETPVIRIKK"	"M.GLFDKLKSLVSDDKKDTGTIEIIAPLSGEIVNI(E)[+15.1668]DVPDVVFAEKIVGDGIAIKPTGNKMVAPVDGTIGKIFETNHAFSIESDSGVELFVHFGIDTVELKGEGFKRIAEEGQRVKVGDTVIEFDLPLLEEKAKSTLTPVVISNMDEIKELIKLSGSVTVGETPVIRIKK."	18123.86892	"NME"		1	"+15.1668:[34]"	0		"-"	51	39	2.56E-15		0	TRUE
"First Identification"	1436	4105	"HCD"	4792	3727.97	297	23	18121.82934	18121.85934	67	7901890.696	2112	7902000	0.97924	3693.4998	1	"sp|P69783|PTGA_ECOLI"	"PTS system glucose-specific EIIA component OS=Escherichia coli (strain K12) OX=83333 GN=crr PE=1 SV=2"	2	169		"GLFDKLKSLVSDDKKDTGTIEIIAPLSGEIVNIEDVPDVVFAEKIVGDGIAIKPTGNKMVAPVDGTIGKIFETNHAFSIESDSGVELFVHFGIDTVELKGEGFKRIAEEGQRVKVGDTVIEFDLPLLEEKAKSTLTPVVISNMDEIKELIKLSGSVTVGETPVIRIKK"	"M.GLFDKLKSLVSDDKKDTGTIEIIAPLSGEIVNI(EDV)[+13.1572]PDVVFAEKIVGDGIAIKPTGNKMVAPVDGTIGKIFETNHAFSIESDSGVELFVHFGIDTVELKGEGFKRIAEEGQRVKVGDTVIEFDLPLLEEKAKSTLTPVVISNMDEIKELIKLSGSVTVGETPVIRIKK."	18121.85934	"NME"		1	"+13.1572:[34-36]"	0		"-"	37	29	1.17E-09		0	TRUE
"First Identification"	3423	7612	"HCD"	8883	6854.87	38	17	18206.33825	18206.19325	223	2958718.08	2272	2959000	0.97362	6861.72	1	"sp|P76270|MSRC_ECOLI"	"Free methionine-R-sulfoxide reductase OS=Escherichia coli (strain K12) OX=83333 GN=msrC PE=1 SV=2"	1	165		"MNKTEFYADLNRDFNALMAGETSFLATLANTSALLYERLTDINWAGFYLLEDDTLVLGPFQGKIACVRIPVGRGVCGTAVARNQVQRIEDVHVFDGHIACDAASNSEIVLPLVVKNQIIGVLDIDSTVFGRFTDEDEQGLRQLVAQLEKVLATTDYKKFFASVAG"	".MNKTEFYADLNRDFNALMAGETSFLATLANTSALLYERLTDINWA(GFYLLEDDTLVLGPFQGKIA(C)[Carbamidomethylation]VRIPVGRGV(C)[Carbamidomethylation]GTAVARNQVQRIEDVHVFDGHIA(C)[Carbamidomethylation]D)[-75.1183]AASNSEIVLPLVVKNQIIGVLDIDSTVFGRFTDEDEQGLRQLVAQLEKVLATTDYKKFFASVAG."	18206.19325	"NONE"	"Carbamidomethylation:[66];Carbamidomethylation:[76];Carbamidomethylation:[100]"	1	"-75.1183:[46-101]"	0		"-"	7	7	0.001444921		0	FALSE
