,Data file name,Prsm ID,Spectrum ID,Fragmentation,Scan(s),Retention time,#peaks,Charge,Precursor mass,Adjusted precursor mass,Proteoform ID,Feature intensity,Feature score,Feature apex time,#Protein hits,Protein accession,Protein description,First residue,Last residue,Special amino acids,Database protein sequence,Proteoform,Proteoform mass,Protein N-terminal form,Fixed PTMs,#unexpected modifications,unexpected modifications,#variable PTMs,variable PTMs,MIScore,#matched peaks,#matched fragment ions,E-value,Spectrum-level Q-value,Proteoform-level Q-value
13,/home/daniel/Desktop/datafiles/RealData/yeast/study4/lowfeaturescore/960-1040/modified_20220718_Yeast_DIA_960-1040_75cmCapil_300nL_30kV_01_ms2.msalign,21,4752,HCD,4753,1235.81,35,28,27459.7,27460.54402,448,-,0.00193961,-1,1,sp|P00950|PMG1_YEAST,Phosphoglycerate mutase 1 OS=Saccharomyces cerevisiae (strain ATCC 204508 / S288c) OX=559292 GN=GPM1 PE=1 SV=3,2,247,,PKLVLVRHGQSEWNEKNLFTGWVDVKLSAKGQQEAARAGELLKEKKVYPDVLYTSKLSRAIQTANIALEKADRLWIPVNRSWRLNERHYGDLQGKDKAETLKKFGEEKFNTYRRSFDVPPPPIDASSPFSQKGDERYKYVDPNVLPETESLALVIDRLLPYWQDVIAKDLLSGKTVMIAAHGNSLRGLVKHLEGISDADIAKLNIPTGIPLVFELDENLKPSKPSYYLDPEAAAAGAAAVANQGKK,M.PKLVLVRHGQSEWNEKNLFTGWVDVKLSAKGQQEAARAGELLKEKKVYPDVLYTSKLSRAIQTANIALEKADRLWIPVNRSWRLNERHYGDLQGKDKAETLKKFGEEKFNTYRRSFDVPPPPIDASSPFSQKGDERYKYVDPNVLPETESLALVIDRLLPYWQDVIAKDLLSGKTVMIAAHGNSLRGLVKHLEGISDADIAKLNIPTGIPLVFELDENLKPSKPSYYLDPEAAAAGAAAVANQGKK.,27460.54402,NME,,0,,0,,-,9,9,4.729E-09,-,-
50,/home/daniel/Desktop/datafiles/RealData/yeast/study4/lowfeaturescore/960-1040/modified_20220718_Yeast_DIA_960-1040_75cmCapil_300nL_30kV_01_ms2.msalign,86,5693,HCD,5694,1400.7,94,18,17361.8,17361.84,312,-,0.386631,-1,1,sp|P14832|CYPH_YEAST,Peptidyl-prolyl cis-trans isomerase OS=Saccharomyces cerevisiae (strain ATCC 204508 / S288c) OX=559292 GN=CPR1 PE=1 SV=3,2,162,,SQVYFDVEADGQPIGRVVFKLYNDIVPKTAENFRALCTGEKGFGYAGSPFHRVIPDFMLQGGDFTAGNGTGGKSIYGGKFPDENFKKHHDRPGLLSMANAGPNTNGSQFFITTVPCPWLDGKHVVFGEVVDGYDIVKKVESLGSPSGATKARIVVAKSGEL,M.[Acetyl]-SQV(YFDVEADGQPI)[+71.1702]GRVVFKLYNDIVPKTAENFRALCTGEKGFGYAGSPFHRVIPDFMLQGGDFTAGNGTGGKSIYGGKFPDENFKKHHDRPGLLSMANAGPNTNGSQFFITTVPCPWLDGKHVVFGEVVDGYDIVKKVESLGSPSGATKARIVVAKSGEL.,17361.84,NME_ACETYLATION,,1,+71.1702:[4-14],0,,-,14,13,2.7215804E-08,-,-
4,/home/daniel/Desktop/datafiles/RealData/yeast/study4/lowfeaturescore/960-1040/modified_20220718_Yeast_DIA_960-1040_75cmCapil_300nL_30kV_01_ms2.msalign,6,4148,HCD,4149,1101.65,23,27,27043.3,27043.84,553,-,9.60009E-05,-1,1,sp|P00942|TPIS_YEAST,Triosephosphate isomerase OS=Saccharomyces cerevisiae (strain ATCC 204508 / S288c) OX=559292 GN=TPI1 PE=1 SV=2,2,248,,ARTFFVGGNFKLNGSKQSIKEIVERLNTASIPENVEVVICPPATYLDYSVSLVKKPQVTVGAQNAYLKASGAFTGENSVDQIKDVGAKWVILGHSERRSYFHEDDKFIADKTKFALGQGVGVILCIGETLEEKKAGKTLDVVERQLNAVLEEVKDWTNVVVAYEPVWAIGTGLAATPEDAQDIHASIRKFLASKLGDKAASELRILYGGSANGSNAVTFKDKADVDGFLVGGASLKPEFVDIINSRN,M.ARTFFVGGNFKLNGSKQSIKEIVERLNTASI(PENVEVVICPPATYLDYSVSLVKKPQVTVGAQNAYLKASGAFTGENSVDQIKDVGAKWVILGHSERRSYFHEDDKFIADKTKFALGQGVGVILCIGETLEEKKAGKTLDVVERQLNAVLEEVKDWTNVVVAYEPVWAIGTGLAATPEDAQDIHASIRKFLASKLGDKAASELRILYGGSANGSNAVTFKDKADVDGFLV)[+395.9164]GGASLKPEFVDIINSRN.,27043.84,NME,,1,+395.9164:[32-230],0,,-,10,8,8.210054E-08,-,-
7,/home/daniel/Desktop/datafiles/RealData/yeast/study4/lowfeaturescore/960-1040/modified_20220718_Yeast_DIA_960-1040_75cmCapil_300nL_30kV_01_ms2.msalign,10,4166,HCD,4167,1106.35,17,27,26718,26718.53,554,-,0.00188837,-1,1,sp|P00942|TPIS_YEAST,Triosephosphate isomerase OS=Saccharomyces cerevisiae (strain ATCC 204508 / S288c) OX=559292 GN=TPI1 PE=1 SV=2,2,248,,ARTFFVGGNFKLNGSKQSIKEIVERLNTASIPENVEVVICPPATYLDYSVSLVKKPQVTVGAQNAYLKASGAFTGENSVDQIKDVGAKWVILGHSERRSYFHEDDKFIADKTKFALGQGVGVILCIGETLEEKKAGKTLDVVERQLNAVLEEVKDWTNVVVAYEPVWAIGTGLAATPEDAQDIHASIRKFLASKLGDKAASELRILYGGSANGSNAVTFKDKADVDGFLVGGASLKPEFVDIINSRN,M.ARTFFVGGNFKLNGSKQSIKEIVERLNTASIPENV(EVVICPPATYLDYSVSLVKKPQVTVGAQNAYLKASGAFTGENSVDQIKDVGAKWVILGHSERRSYFHEDDKFIADKTKFALGQGVGVILCIGETLEEKKAGKTLDVVERQLNAVLEEVKDWTNVVVAYEPVWAIGTGLAATPEDAQDIHASIRKFLASKLGDKAASELRILYGGSANGSNAVTFKDKADVDGFLV)[+70.6064]GGASLKPEFVDIINSRN.,26718.53,NME,,1,+70.6064:[36-230],0,,-,7,7,1.1538534E-07,-,-
45,/home/daniel/Desktop/datafiles/RealData/yeast/study4/lowfeaturescore/960-1040/modified_20220718_Yeast_DIA_960-1040_75cmCapil_300nL_30kV_01_ms2.msalign,77,5542,HCD,5543,1372.5,25,20,20654.6,20655.01,319,-,0.030104,-1,1,sp|P00359|G3P3_YEAST,Glyceraldehyde-3-phosphate dehydrogenase 3 OS=Saccharomyces cerevisiae (strain ATCC 204508 / S288c) OX=559292 GN=TDH3 PE=1 SV=3,2,192,,VRVAINGFGRIGRLVMRIALSRPNVEVVALNDPFITNDYAAYMFKYDSTHGRYAGEVSHDDKHIIVDGKKIATYQERDPANLPWGSSNVDIAIDSTGVFKELDTAQKHIDAGAKKVVITAPSSTAPMFVMGVNEEKYTSDLKIVSNASCTTNCLAPLAKVINDAFGIEEGLMTTVHSLTATQKTVDGPSHK,M.VRVAINGFGRIGRLVMRIALSRPNVEVVALND(PFITNDYAAYMFKYDSTHGRYAGEVSHDDKHIIVDGKKIATYQERDPANLPWGSSNVDIAIDSTGVFKELDTAQKHIDAGAKKVVITAPSSTAPMFVMGVNEEKYTSDLKIVSNASCTTNCLAPLAKVINDAFGIEEGL)[-30.4967]MTTVHSLTATQKTVDGPSHK.D,20655.01,NME,,1,-30.4967:[33-171],0,,-,12,10,1.264783119E-07,-,-
402,/home/daniel/Desktop/datafiles/RealData/yeast/study4/lowfeaturescore/960-1040_round2/modified2_20220718_Yeast_DIA_960-1040_75cmCapil_300nL_30kV_01_ms2.msalign,2,4237,HCD,4238,1124.04,29,12,12238.4,12238.64,83,-,,-1,1,sp|P48606|TBCA_YEAST,Tubulin-specific chaperone A OS=Saccharomyces cerevisiae (strain ATCC 204508 / S288c) OX=559292 GN=RBL2 PE=1 SV=1,2,106,,APTQLDIKVKALKRLTKEEGYYQQELKDQEAHVAKLKEDKSVDPYDLKKQEEVLDDTKRLLPTLYEKIREFKEDLEQFLKTYQGTEDVSDARSAITSAQELLDSK,M.APTQLDIKVKALKRLTKEEGYYQQELKDQEAHV(AKLKEDKSVDPYDLKKQEEVLDDTKRLLPTLYEKIREFKEDLEQFLKTYQGTE)[-1.7566]DVSDARSAITSAQELLDSK.,12238.64,NME,,1,-1.7566:[34-86],0,,-,8,8,3.40038E-07,-,-
16,/home/daniel/Desktop/datafiles/RealData/yeast/study4/lowfeaturescore/960-1040/modified_20220718_Yeast_DIA_960-1040_75cmCapil_300nL_30kV_01_ms2.msalign,25,5063,HCD,5064,1289.25,48,2,1927.03,1927.016325,266,-,,-1,3,sp|P00358|G3P2_YEAST,Glyceraldehyde-3-phosphate dehydrogenase 2 OS=Saccharomyces cerevisiae (strain ATCC 204508 / S288c) OX=559292 GN=TDH2 PE=1 SV=3,98,115,,GVFKELDTAQKHIDAGAK,T.GVFKELDTAQKHIDAGAK.K,1927.016325,NONE,,0,,0,,-,15,14,4.44305082E-07,-,-
17,/home/daniel/Desktop/datafiles/RealData/yeast/study4/lowfeaturescore/960-1040/modified_20220718_Yeast_DIA_960-1040_75cmCapil_300nL_30kV_01_ms2.msalign,26,5169,HCD,5170,1307.9,49,24,23222.7,23223.16,224,-,,-1,1,sp|P14540|ALF_YEAST,Fructose-bisphosphate aldolase OS=Saccharomyces cerevisiae (strain ATCC 204508 / S288c) OX=559292 GN=FBA1 PE=1 SV=3,2,215,,GVEQILKRKTGVIVGEDVHNLFTYAKEHKFAIPAINVTSSSTAVAALEAARDSKSPIILQTSNGGAAYFAGKGISNEGQNASIKGAIAAAHYIRSIAPAYGIPVVLHSDHCAKKLLPWFDGMLEADEAYFKEHGEPLFSSHMLDLSEETDEENISTCVKYFKRMAAMDQWLEMEIGITGGEEDGVNNENADKEDLYTKPEQVYNVYKALHPISP,M.GVEQILKRKTGVIVGEDVHNLFTYAKEHKFAIPAINV(TSSSTAVAALEAARDSKSPIILQTSNGGAAYFAGKGISNEGQNASIKGAIAAAHYIRSIAPAYGIPVVLHSDHCAKKLLPWFDGMLEADEAYFKEHGEPLFSSHMLDLSEETDEENISTCVKY)[-152.4480]FKRMAAMDQWLEMEIGITGGEEDGVNNENADKEDLYTKPEQVYNVYKALHPISP.N,23223.16,NME,,1,-152.4480:[38-160],0,,-,11,11,5.99038525E-07,-,-
42,/home/daniel/Desktop/datafiles/RealData/yeast/study4/lowfeaturescore/960-1040/modified_20220718_Yeast_DIA_960-1040_75cmCapil_300nL_30kV_01_ms2.msalign,74,5526,HCD,5527,1370.13,28,30,29045,29044.16265,320,-,,-1,1,sp|P00359|G3P3_YEAST,Glyceraldehyde-3-phosphate dehydrogenase 3 OS=Saccharomyces cerevisiae (strain ATCC 204508 / S288c) OX=559292 GN=TDH3 PE=1 SV=3,2,270,,VRVAINGFGRIGRLVMRIALSRPNVEVVALNDPFITNDYAAYMFKYDSTHGRYAGEVSHDDKHIIVDGKKIATYQERDPANLPWGSSNVDIAIDSTGVFKELDTAQKHIDAGAKKVVITAPSSTAPMFVMGVNEEKYTSDLKIVSNASCTTNCLAPLAKVINDAFGIEEGLMTTVHSLTATQKTVDGPSHKDWRGGRTASGNIIPSSTGAAKAVGKVLPELQGKLTGMAFRVPTVDVSVVDLTVKLNKETTYDEIKKVVKAAAEGKLKG,M.VRVAINGFGRIGRLVMRIALSRPNVEVVALNDPFITNDYAAYMFKYDSTHGRYAGEVSHDDKHIIVDGKKIATYQERDPANLPWGSSNVDIAIDSTGVFKELDTAQKHIDAGAKKVVITAPSSTAPMFVMGVNEEKYTSDLKIVSNASCTTNCLAPLAKVINDAFGIEEGLMTTVHSLTATQKTVDGPSHKDWRGGRTASGNIIPSSTGAAKAVGKVLPELQGKLTGMAFRVPTVDVSVVDLTV(KLNKETTYDEIKKVVKAAAEGKLKG)[+213.1779].V,29044.16265,NME,,1,+213.1779:[245-269],0,,-,10,10,8.32290897E-07,-,-
5,/home/daniel/Desktop/datafiles/RealData/yeast/study4/lowfeaturescore/960-1040/modified_20220718_Yeast_DIA_960-1040_75cmCapil_300nL_30kV_01_ms2.msalign,7,4149,HCD,4150,1101.88,12,27,27136.3,27136.84,555,-,,-1,1,sp|P00942|TPIS_YEAST,Triosephosphate isomerase OS=Saccharomyces cerevisiae (strain ATCC 204508 / S288c) OX=559292 GN=TPI1 PE=1 SV=2,2,248,,ARTFFVGGNFKLNGSKQSIKEIVERLNTASIPENVEVVICPPATYLDYSVSLVKKPQVTVGAQNAYLKASGAFTGENSVDQIKDVGAKWVILGHSERRSYFHEDDKFIADKTKFALGQGVGVILCIGETLEEKKAGKTLDVVERQLNAVLEEVKDWTNVVVAYEPVWAIGTGLAATPEDAQDIHASIRKFLASKLGDKAASELRILYGGSANGSNAVTFKDKADVDGFLVGGASLKPEFVDIINSRN,M.ARTFFVGGNFKLNGSKQSIKEIVERLNTASIPENV(EVVICPPATYLDYSVSLVKKPQVTVGAQNAYLKASGAFTGENSVDQIKDVGAKWVILGHSERRSYFHEDDKFIADKTKFALGQGVGVILCIGETLEEKKAGKTLDVVERQLNAVLEEVKDWTNVVVAYEPVWAIGTGLAATPEDAQDIHASIRKFLASKLGDKAASELRILYGGSANGSNAVTFKDKADVDGFL)[+488.9164]VGGASLKPEFVDIINSRN.,27136.84,NME,,1,+488.9164:[36-229],0,,-,6,6,1.2924736E-06,-,-
2,/home/daniel/Desktop/datafiles/RealData/yeast/study4/lowfeaturescore/960-1040/modified_20220718_Yeast_DIA_960-1040_75cmCapil_300nL_30kV_01_ms2.msalign,2,4094,HCD,4095,1087.29,19,17,17618,17619.04735,594,-,,-1,1,sp|Q08971|YP225_YEAST,Protein PBDC1 homolog OS=Saccharomyces cerevisiae (strain ATCC 204508 / S288c) OX=559292 GN=YPL225W PE=1 SV=1,1,146,,MSTFNAETADNLEDIEKQFAVVAVEQAETYWKLLTSVPGSKLRLTKFDDEIYENFMERFPEYKDVERVKKFTEEELKTKEAKERWRKFFTIFEKKIEDYNFGTLLRTDASAEYGQFTTCFVVRLQFYAFEIARNKHGLNDWIVGQK,.(MSTFNAETADNLEDIEKQFAVVAVEQAETYWKLLTSVPGSKLRLTKFDDEIYENFMERFPEYKDVERVKKFTEEEL)[+185.2584]KTKEAKERWRKFFTIFEKKIEDYNFGTLLRTDASAEYGQFTTCFVVRLQFYAFEIARNKHGLNDWIVGQK.,17619.04735,NONE,,1,+185.2584:[1-76],0,,-,7,7,1.4898702E-06,-,-
39,/home/daniel/Desktop/datafiles/RealData/yeast/study4/lowfeaturescore/960-1040/modified_20220718_Yeast_DIA_960-1040_75cmCapil_300nL_30kV_01_ms2.msalign,71,5505,HCD,5506,1366.46,52,30,29045,29045.58,322,-,,-1,1,sp|P00359|G3P3_YEAST,Glyceraldehyde-3-phosphate dehydrogenase 3 OS=Saccharomyces cerevisiae (strain ATCC 204508 / S288c) OX=559292 GN=TDH3 PE=1 SV=3,2,271,,VRVAINGFGRIGRLVMRIALSRPNVEVVALNDPFITNDYAAYMFKYDSTHGRYAGEVSHDDKHIIVDGKKIATYQERDPANLPWGSSNVDIAIDSTGVFKELDTAQKHIDAGAKKVVITAPSSTAPMFVMGVNEEKYTSDLKIVSNASCTTNCLAPLAKVINDAFGIEEGLMTTVHSLTATQKTVDGPSHKDWRGGRTASGNIIPSSTGAAKAVGKVLPELQGKLTGMAFRVPTVDVSVVDLTVKLNKETTYDEIKKVVKAAAEGKLKGV,M.VRVAINGFGRIGRLVMRIALSRPNVEVVALNDPF(ITNDYAAYMFKYDSTHGRYAGEVSHDDKHIIVDGKKIATYQERDPANLPWGSSNVDIAIDSTGVFKELDTAQKHIDAGAKKVVITAPSSTAPMFVMGVNEEKYTSDLKIVSNASCTTNCLAPLAKVINDAFGIEEGLMTTVHSLTATQKTVDGPSHKDWRGGRTASGNIIPSSTGAAKAVGKV)[+115.5269]LPELQGKLTGMAFRVPTVDVSVVDLTVKLNKETTYDEIKKVVKAAAEGKLKGV.L,29045.58,NME,,1,+115.5269:[35-217],0,,-,12,11,3.073135742E-06,-,-
68,/home/daniel/Desktop/datafiles/RealData/yeast/study4/lowfeaturescore/960-1040/modified_20220718_Yeast_DIA_960-1040_75cmCapil_300nL_30kV_01_ms2.msalign,119,5947,HCD,5948,1447.57,27,30,29170.2,29170.78,323,-,,-1,1,sp|P00359|G3P3_YEAST,Glyceraldehyde-3-phosphate dehydrogenase 3 OS=Saccharomyces cerevisiae (strain ATCC 204508 / S288c) OX=559292 GN=TDH3 PE=1 SV=3,2,272,,VRVAINGFGRIGRLVMRIALSRPNVEVVALNDPFITNDYAAYMFKYDSTHGRYAGEVSHDDKHIIVDGKKIATYQERDPANLPWGSSNVDIAIDSTGVFKELDTAQKHIDAGAKKVVITAPSSTAPMFVMGVNEEKYTSDLKIVSNASCTTNCLAPLAKVINDAFGIEEGLMTTVHSLTATQKTVDGPSHKDWRGGRTASGNIIPSSTGAAKAVGKVLPELQGKLTGMAFRVPTVDVSVVDLTVKLNKETTYDEIKKVVKAAAEGKLKGVL,M.VRVAINGFGRIGRLVMRIALSRPNVEVVALNDPF(ITNDYAAYMFKYDSTHGRYAGEVSHDDKHIIVDGKKIATYQERDPANLPWGSSNVDIAIDSTGVFKELDTAQKHIDAGAKKVVITAPSSTAPMFVMGVNEEKYTSDLKIVSNASCTTNCLAPLAKVINDAFGIEEGLMTTVHSLTATQKTVDGPSHKDWRGGRTASGNIIPSSTGAAKAVGKVLPELQGKLTGMAFRVPTVDVSVVDLT)[+127.6428]VKLNKETTYDEIKKVVKAAAEGKLKGVL.G,29170.78,NME,,1,+127.6428:[35-243],0,,-,11,9,3.969668857E-06,-,-
25,/home/daniel/Desktop/datafiles/RealData/yeast/study4/lowfeaturescore/960-1040/modified_20220718_Yeast_DIA_960-1040_75cmCapil_300nL_30kV_01_ms2.msalign,40,5402,HCD,5403,1348.8,40,30,29365,29364.26966,325,-,,-1,1,sp|P00359|G3P3_YEAST,Glyceraldehyde-3-phosphate dehydrogenase 3 OS=Saccharomyces cerevisiae (strain ATCC 204508 / S288c) OX=559292 GN=TDH3 PE=1 SV=3,2,275,,VRVAINGFGRIGRLVMRIALSRPNVEVVALNDPFITNDYAAYMFKYDSTHGRYAGEVSHDDKHIIVDGKKIATYQERDPANLPWGSSNVDIAIDSTGVFKELDTAQKHIDAGAKKVVITAPSSTAPMFVMGVNEEKYTSDLKIVSNASCTTNCLAPLAKVINDAFGIEEGLMTTVHSLTATQKTVDGPSHKDWRGGRTASGNIIPSSTGAAKAVGKVLPELQGKLTGMAFRVPTVDVSVVDLTVKLNKETTYDEIKKVVKAAAEGKLKGVLGYT,M.VRVAINGFGRIGRLVMRIALSRPNVEVVALNDPFITNDYAAYMFKYDSTHGRYAGEVSHDDKHIIVDGKKIATYQERDPANLPWGSSNVDIAIDSTGVFKELDTAQKHIDAGAKKVVITAPSSTAPMFVMGVNEEKYTSDLKIVSNASCTTNCLAPLAKVINDAFGIEEGLMTTVHSLTATQKTVDGPSHKDWRGGRTASGNIIPSSTGAAKAVGKVLPELQGKLTGMAFRVPTVDVSVVDLTVKLNKETTYDEIKKVVKAAAEGKLKGVLGYT.E,29364.26966,NME,,0,,0,,-,9,8,6.638607E-06,-,-
36,/home/daniel/Desktop/datafiles/RealData/yeast/study4/lowfeaturescore/960-1040/modified_20220718_Yeast_DIA_960-1040_75cmCapil_300nL_30kV_01_ms2.msalign,59,5455,HCD,5456,1357.5,18,27,27614.3,27614.85,326,-,,-1,1,sp|P00359|G3P3_YEAST,Glyceraldehyde-3-phosphate dehydrogenase 3 OS=Saccharomyces cerevisiae (strain ATCC 204508 / S288c) OX=559292 GN=TDH3 PE=1 SV=3,2,262,,VRVAINGFGRIGRLVMRIALSRPNVEVVALNDPFITNDYAAYMFKYDSTHGRYAGEVSHDDKHIIVDGKKIATYQERDPANLPWGSSNVDIAIDSTGVFKELDTAQKHIDAGAKKVVITAPSSTAPMFVMGVNEEKYTSDLKIVSNASCTTNCLAPLAKVINDAFGIEEGLMTTVHSLTATQKTVDGPSHKDWRGGRTASGNIIPSSTGAAKAVGKVLPELQGKLTGMAFRVPTVDVSVVDLTVKLNKETTYDEIKKVVKA,M.VRVAINGFGRIGRLVMRIALSRPNVEVVALNDPF(ITNDYAAYMFKYDSTHGRYAGEVSHDDKHIIVDGKKIATYQERDPANLPWGSSNVDIAIDSTGVFKELDTAQKHIDAGAKKVVITAPSSTAPMFVMGVNEEKYTSDLKIVSNASCTTNCLAPLAKVINDAFGIEEGLMTTVHSLTATQKTVDGPSHKDWRGGRTASGNIIPSSTGAAKAVGKVLPELQGKLTGMAF)[-461.7010]RVPTVDVSVVDLTVKLNKETTYDEIKKVVKA.A,27614.85,NME,,1,-461.7010:[35-230],0,,-,9,8,6.797042601E-06,-,-
98,/home/daniel/Desktop/datafiles/RealData/yeast/study4/lowfeaturescore/960-1040/modified_20220718_Yeast_DIA_960-1040_75cmCapil_300nL_30kV_01_ms2.msalign,174,6471,HCD,6472,1557.87,61,14,13579,13579.92193,609,-,,-1,1,sp|P07274|PROF_YEAST,Profilin OS=Saccharomyces cerevisiae (strain ATCC 204508 / S288c) OX=559292 GN=PFY1 PE=1 SV=2,2,126,,SWQAYTDNLIGTGKVDKAVIYSRAGDAVWATSGGLSLQPNEIGEIVQGFDNPAGLQSNGLHIQGQKFMLLRADDRSIYGRHDAEGVVCVRTKQTVIIAHYPPTVQAGEATKIVEQLADYLIGVQY,M.[Acetyl]-SWQAYTDNLIGTGKVDKAVIYSRAGDAVWATSGGLSLQPNEIGEIVQGFDNPAGLQSNGLHIQGQKFMLLRADDRSIYGRHDAEGVVCVRTKQTVIIAHYPPTVQAGEATKIVEQLADYLIGVQY.,13579.92193,NME_ACETYLATION,,0,,0,,-,7,7,7.2001E-06,-,-
43,/home/daniel/Desktop/datafiles/RealData/yeast/study4/lowfeaturescore/960-1040/modified_20220718_Yeast_DIA_960-1040_75cmCapil_300nL_30kV_01_ms2.msalign,75,5530,HCD,5531,1370.82,12,21,20650.6,20651.01,327,-,,-1,1,sp|P00359|G3P3_YEAST,Glyceraldehyde-3-phosphate dehydrogenase 3 OS=Saccharomyces cerevisiae (strain ATCC 204508 / S288c) OX=559292 GN=TDH3 PE=1 SV=3,2,192,,VRVAINGFGRIGRLVMRIALSRPNVEVVALNDPFITNDYAAYMFKYDSTHGRYAGEVSHDDKHIIVDGKKIATYQERDPANLPWGSSNVDIAIDSTGVFKELDTAQKHIDAGAKKVVITAPSSTAPMFVMGVNEEKYTSDLKIVSNASCTTNCLAPLAKVINDAFGIEEGLMTTVHSLTATQKTVDGPSHK,M.VRVAINGFGRIGRLVMRIALSRPNVEVVALND(PFITNDYAAYMFKYDSTHGRYAGEVSHDDKHIIVDGKKIATYQERDPANLPWGSSNVDIAIDSTGVFKELDTAQKHIDAGAKKVVITAPSSTAPMFVMGVNEEKYTSDLKIVSNASCTTNCLAPLAKVINDAFGIEEGLMTTVHSLTATQKTVD)[-34.4967]GPSHK.D,20651.01,NME,,1,-34.4967:[33-186],0,,-,8,7,1.206273976E-05,-,-
27,/home/daniel/Desktop/datafiles/RealData/yeast/study4/lowfeaturescore/960-1040/modified_20220718_Yeast_DIA_960-1040_75cmCapil_300nL_30kV_01_ms2.msalign,43,5412,HCD,5413,1350.27,18,30,30496.6,30497.205,328,-,,-1,1,sp|P00359|G3P3_YEAST,Glyceraldehyde-3-phosphate dehydrogenase 3 OS=Saccharomyces cerevisiae (strain ATCC 204508 / S288c) OX=559292 GN=TDH3 PE=1 SV=3,2,290,,VRVAINGFGRIGRLVMRIALSRPNVEVVALNDPFITNDYAAYMFKYDSTHGRYAGEVSHDDKHIIVDGKKIATYQERDPANLPWGSSNVDIAIDSTGVFKELDTAQKHIDAGAKKVVITAPSSTAPMFVMGVNEEKYTSDLKIVSNASCTTNCLAPLAKVINDAFGIEEGLMTTVHSLTATQKTVDGPSHKDWRGGRTASGNIIPSSTGAAKAVGKVLPELQGKLTGMAFRVPTVDVSVVDLTVKLNKETTYDEIKKVVKAAAEGKLKGVLGYTEDAVVSSDFLGDSHS,M.VRVAINGFGRIGRLVMRIALSRPNVEVVALNDPF(ITNDYAAYMFKYDSTHGRYAGEVSHDDKHIIVDGKKIATYQERDPANLPWGSSNVDIAIDSTGVFKELDTAQKHIDAGAKKVVITAPSSTAPMFVMGVNEEKYTSDLKIVSNASCTTNCLAPLAKVINDAFGIEEGLMTTVHSLTATQKTVDGPSHKDWRGGRTASGNIIPSSTGAAKAVGKVLPELQGKLTGMAFRVPTVDVSVVDLTVKLNKETTYDEIKKVVKAAAEGKLKGVLGYTEDAVVSSDFLGDSHS)[-412.7230].S,30497.205,NME,,1,-412.7230:[35-289],0,,-,9,8,1.55052156E-05,-,-
70,/home/daniel/Desktop/datafiles/RealData/yeast/study4/lowfeaturescore/960-1040/modified_20220718_Yeast_DIA_960-1040_75cmCapil_300nL_30kV_01_ms2.msalign,124,6055,HCD,6056,1468.41,81,21,20653.6,20654.01,106,-,,-1,1,sp|P00924|ENO1_YEAST,Enolase 1 OS=Saccharomyces cerevisiae (strain ATCC 204508 / S288c) OX=559292 GN=ENO1 PE=1 SV=3,254,437,,FKDGKYDLDFKNPNSDKSKWLTGPQLADLYHSLMKRYPIVSIEDPFAEDDWEAWSHFFKTAGIQIVADDLTVTNPKRIATAIEKKAADALLLKVNQIGTLSESIKAAQDSFAAGWGVMVSHRSGETEDTFIADLVVGLRTGQIKTGAPARSERLAKLNQLLRIEEELGDNAVFAGENFHHGDKL,F.FKDGKYDL(DFKNPNSDKSKWLTGPQLADLYHSLMKRYPIVSIEDPFAEDDWEAWSHFFKTAGIQIVADDLTVTNPKRIATAIEKKAADALLLKVNQIGTLSESIKAAQDSFAAGWGVMVSHRSGETEDTFIADLVVGLRTGQIKTGAPARSERLAKLN)[+278.5540]QLLRIEEELGDNAVFAGENFHHGDKL.,20654.01,NONE,,1,+278.5540:[9-158],0,,-,15,12,1.641177181E-05,-,-
54,/home/daniel/Desktop/datafiles/RealData/yeast/study4/lowfeaturescore/960-1040/modified_20220718_Yeast_DIA_960-1040_75cmCapil_300nL_30kV_01_ms2.msalign,91,5736,HCD,5737,1408.38,13,30,29032.8,29033.38,330,-,,-1,1,sp|P00359|G3P3_YEAST,Glyceraldehyde-3-phosphate dehydrogenase 3 OS=Saccharomyces cerevisiae (strain ATCC 204508 / S288c) OX=559292 GN=TDH3 PE=1 SV=3,2,271,,VRVAINGFGRIGRLVMRIALSRPNVEVVALNDPFITNDYAAYMFKYDSTHGRYAGEVSHDDKHIIVDGKKIATYQERDPANLPWGSSNVDIAIDSTGVFKELDTAQKHIDAGAKKVVITAPSSTAPMFVMGVNEEKYTSDLKIVSNASCTTNCLAPLAKVINDAFGIEEGLMTTVHSLTATQKTVDGPSHKDWRGGRTASGNIIPSSTGAAKAVGKVLPELQGKLTGMAFRVPTVDVSVVDLTVKLNKETTYDEIKKVVKAAAEGKLKGV,M.VRVAINGFGRIGRLVMRIALSRPNVEVVALND(PFITNDYAAYMFKYDSTHGRYAGEVSHDDKHIIVDGKKIATYQERDPANLPWGSSNVDIAIDSTGVFKELDTAQKHIDAGAKKVVITAPSSTAPMFVMGVNEEKYTSDLKIVSNASCTTNCLAPLAKVINDAFGIEEGLMTTVHSLTATQKTVDGPSHKDWRGGRTASGNIIPSSTGAAKAVGKVLPELQGKLTGMAFRVPTVDVS)[+103.3269]VVDLTVKLNKETTYDEIKKVVKAAAEGKLKGV.L,29033.38,NME,,1,+103.3269:[33-238],0,,-,7,7,2.242202016E-05,-,-
8,/home/daniel/Desktop/datafiles/RealData/yeast/study4/lowfeaturescore/960-1040/modified_20220718_Yeast_DIA_960-1040_75cmCapil_300nL_30kV_01_ms2.msalign,14,4181,HCD,4182,1110.13,24,28,27060.3,27060.84,556,-,,-1,1,sp|P00942|TPIS_YEAST,Triosephosphate isomerase OS=Saccharomyces cerevisiae (strain ATCC 204508 / S288c) OX=559292 GN=TPI1 PE=1 SV=2,2,248,,ARTFFVGGNFKLNGSKQSIKEIVERLNTASIPENVEVVICPPATYLDYSVSLVKKPQVTVGAQNAYLKASGAFTGENSVDQIKDVGAKWVILGHSERRSYFHEDDKFIADKTKFALGQGVGVILCIGETLEEKKAGKTLDVVERQLNAVLEEVKDWTNVVVAYEPVWAIGTGLAATPEDAQDIHASIRKFLASKLGDKAASELRILYGGSANGSNAVTFKDKADVDGFLVGGASLKPEFVDIINSRN,M.ARTFFVGGNFKLNGSKQSIKEIVERLNTASI(PENVEVVICPPATYLDYSVSLVKKPQVTVGAQNAYLKASGAFTGENSVDQIKDVGAKWVILGHSERRSYFHEDDKFIADKTKFALGQGVGVILCIGETLEEKKAGKTLDVVERQLNAVLEEVKDWTNVVVAYEPVWAIGTGLAAT)[+412.9164]PEDAQDIHASIRKFLASKLGDKAASELRILYGGSANGSNAVTFKDKADVDGFLVGGASLKPEFVDIINSRN.,27060.84,NME,,1,+412.9164:[32-176],0,,-,7,6,3.073022E-05,-,-
24,/home/daniel/Desktop/datafiles/RealData/yeast/study4/lowfeaturescore/960-1040/modified_20220718_Yeast_DIA_960-1040_75cmCapil_300nL_30kV_01_ms2.msalign,38,5399,HCD,5400,1348.27,74,29,27942.6,27943.155,331,-,,-1,1,sp|P00359|G3P3_YEAST,Glyceraldehyde-3-phosphate dehydrogenase 3 OS=Saccharomyces cerevisiae (strain ATCC 204508 / S288c) OX=559292 GN=TDH3 PE=1 SV=3,2,262,,VRVAINGFGRIGRLVMRIALSRPNVEVVALNDPFITNDYAAYMFKYDSTHGRYAGEVSHDDKHIIVDGKKIATYQERDPANLPWGSSNVDIAIDSTGVFKELDTAQKHIDAGAKKVVITAPSSTAPMFVMGVNEEKYTSDLKIVSNASCTTNCLAPLAKVINDAFGIEEGLMTTVHSLTATQKTVDGPSHKDWRGGRTASGNIIPSSTGAAKAVGKVLPELQGKLTGMAFRVPTVDVSVVDLTVKLNKETTYDEIKKVVKA,M.VRVAINGFGRIGRLVMRIALSRPNVEVVALNDPFI(TNDYAAYMFKYDSTHGRYAGEVSHDDKHIIVDGKKIATYQERDPANLPWGSSNVDIAIDSTGVFKELDTAQKHIDAGAKKVVITAPSSTAPMFVMGVNEEKYTSDLKIVSNASCTTNCLAPLAKVINDAFGIEEGLMTTVHSLTATQKTVDGPSHKDWRGGRTASGNIIPSSTGAAKAVGKV)[-133.3960]LPELQGKLTGMAFRVPTVDVSVVDLTVKLNKETTYDEIKKVVKA.A,27943.155,NME,,1,-133.3960:[36-217],0,,-,14,11,3.5953852E-05,-,-
33,/home/daniel/Desktop/datafiles/RealData/yeast/study4/lowfeaturescore/960-1040/modified_20220718_Yeast_DIA_960-1040_75cmCapil_300nL_30kV_01_ms2.msalign,54,5443,HCD,5444,1355.83,34,19,18458.4,18458.765,334,-,,-1,1,sp|P00359|G3P3_YEAST,Glyceraldehyde-3-phosphate dehydrogenase 3 OS=Saccharomyces cerevisiae (strain ATCC 204508 / S288c) OX=559292 GN=TDH3 PE=1 SV=3,2,175,,VRVAINGFGRIGRLVMRIALSRPNVEVVALNDPFITNDYAAYMFKYDSTHGRYAGEVSHDDKHIIVDGKKIATYQERDPANLPWGSSNVDIAIDSTGVFKELDTAQKHIDAGAKKVVITAPSSTAPMFVMGVNEEKYTSDLKIVSNASCTTNCLAPLAKVINDAFGIEEGLMTT,M.VRVAINGFGRIGRLVMRIALSRPNVEVVALNDPF(ITNDYAAYMFKYDSTHGRYAGEVSHDDKHIIVDGKKIATYQERDPANLPWGSSNVDIAIDSTGVFKELDTAQKHIDAGAKKVVITAPSSTAPMFVMGVNEEKYTSDLKIVSNASCTTNCLAPLAKVINDAFGIEEGLMTT)[-439.8091].V,18458.765,NME,,1,-439.8091:[35-174],0,,-,10,8,8.504641392E-05,-,-
35,/home/daniel/Desktop/datafiles/RealData/yeast/study4/lowfeaturescore/960-1040/modified_20220718_Yeast_DIA_960-1040_75cmCapil_300nL_30kV_01_ms2.msalign,57,5449,HCD,5450,1356.64,42,26,25919,25919.515,335,-,,-1,1,sp|P00359|G3P3_YEAST,Glyceraldehyde-3-phosphate dehydrogenase 3 OS=Saccharomyces cerevisiae (strain ATCC 204508 / S288c) OX=559292 GN=TDH3 PE=1 SV=3,2,244,,VRVAINGFGRIGRLVMRIALSRPNVEVVALNDPFITNDYAAYMFKYDSTHGRYAGEVSHDDKHIIVDGKKIATYQERDPANLPWGSSNVDIAIDSTGVFKELDTAQKHIDAGAKKVVITAPSSTAPMFVMGVNEEKYTSDLKIVSNASCTTNCLAPLAKVINDAFGIEEGLMTTVHSLTATQKTVDGPSHKDWRGGRTASGNIIPSSTGAAKAVGKVLPELQGKLTGMAFRVPTVDVSVVDLT,M.VRVAINGFGRIGRLVMRIALSRPNVEVVALNDPF(ITNDYAAYMFKYDSTHGRYAGEVSHDDKHIIVDGKKIATYQERDPANLPWGSSNVDIAIDSTGVFKELDTAQKHIDAGAKKVVITAPSSTAPMFVMGVNEEKYTSDLKIVSNASCTTNCLAPLAKVINDAFGIEEGLMTTVHSLTATQKTVDGPSHKDW)[-69.8369]RGGRTASGNIIPSSTGAAKAVGKVLPELQGKLTGMAFRVPTVDVSVVDLT.V,25919.515,NME,,1,-69.8369:[35-193],0,,-,12,9,0.000108390132,-,-
401,/home/daniel/Desktop/datafiles/RealData/yeast/study4/lowfeaturescore/960-1040_round2/modified2_20220718_Yeast_DIA_960-1040_75cmCapil_300nL_30kV_01_ms2.msalign,1,4182,HCD,4183,1110.36,25,28,27136.3,27136.84,212,-,,-1,1,sp|P00942|TPIS_YEAST,Triosephosphate isomerase OS=Saccharomyces cerevisiae (strain ATCC 204508 / S288c) OX=559292 GN=TPI1 PE=1 SV=2,2,248,,ARTFFVGGNFKLNGSKQSIKEIVERLNTASIPENVEVVICPPATYLDYSVSLVKKPQVTVGAQNAYLKASGAFTGENSVDQIKDVGAKWVILGHSERRSYFHEDDKFIADKTKFALGQGVGVILCIGETLEEKKAGKTLDVVERQLNAVLEEVKDWTNVVVAYEPVWAIGTGLAATPEDAQDIHASIRKFLASKLGDKAASELRILYGGSANGSNAVTFKDKADVDGFLVGGASLKPEFVDIINSRN,M.ARTFFVGGNFKLNGSKQSIKEIVERLNTASI(PENVEVVICPPATYLDYSVSLVKKPQVTVGAQNAYLKASGAFTGENSVDQIKDVGAKWVILGHSERRSYFHEDDKFIADKTKFALGQGVGVILCIGETLEEKKAGKTLDVVERQLNAVLEEVKDWTNVVVAYEPVWAIGTGLAAT)[+488.9164]PEDAQDIHASIRKFLASKLGDKAASELRILYGGSANGSNAVTFKDKADVDGFLVGGASLKPEFVDIINSRN.,27136.84,NME,,1,+488.9164:[32-176],0,,-,6,6,0.00016459872,-,-
64,/home/daniel/Desktop/datafiles/RealData/yeast/study4/lowfeaturescore/960-1040/modified_20220718_Yeast_DIA_960-1040_75cmCapil_300nL_30kV_01_ms2.msalign,110,5924,HCD,5925,1443.55,45,26,25051.4,25051.9,336,-,,-1,1,sp|P00359|G3P3_YEAST,Glyceraldehyde-3-phosphate dehydrogenase 3 OS=Saccharomyces cerevisiae (strain ATCC 204508 / S288c) OX=559292 GN=TDH3 PE=1 SV=3,2,238,,VRVAINGFGRIGRLVMRIALSRPNVEVVALNDPFITNDYAAYMFKYDSTHGRYAGEVSHDDKHIIVDGKKIATYQERDPANLPWGSSNVDIAIDSTGVFKELDTAQKHIDAGAKKVVITAPSSTAPMFVMGVNEEKYTSDLKIVSNASCTTNCLAPLAKVINDAFGIEEGLMTTVHSLTATQKTVDGPSHKDWRGGRTASGNIIPSSTGAAKAVGKVLPELQGKLTGMAFRVPTVDV,M.VRVAINGFGRIGRLVMRIALSRPNVEVVALNDPF(ITNDYAAYMFKYDSTHGRYAGEVSHDDKHIIVDGKKIATYQERDPANLPWGSSNVDIAIDSTGVFKELDTAQKHIDAGAKKVVITAPSSTAPMFVMGVNEEKYTSDLKIVSNASCTTNCLAPLAKVINDAFGIEEGLMTTVHSLTATQKTVDGPSHKDWRGGRTASGNIIPSSTGAAKAVGKVLPELQGKLTGM)[-323.1244]AFRVPTVDV.S,25051.9,NME,,1,-323.1244:[35-228],0,,-,11,9,0.0001833113916,-,-
37,/home/daniel/Desktop/datafiles/RealData/yeast/study4/lowfeaturescore/960-1040/modified_20220718_Yeast_DIA_960-1040_75cmCapil_300nL_30kV_01_ms2.msalign,60,5456,HCD,5457,1357.64,19,29,29723.2,29723.79,337,-,,-1,1,sp|P00359|G3P3_YEAST,Glyceraldehyde-3-phosphate dehydrogenase 3 OS=Saccharomyces cerevisiae (strain ATCC 204508 / S288c) OX=559292 GN=TDH3 PE=1 SV=3,2,277,,VRVAINGFGRIGRLVMRIALSRPNVEVVALNDPFITNDYAAYMFKYDSTHGRYAGEVSHDDKHIIVDGKKIATYQERDPANLPWGSSNVDIAIDSTGVFKELDTAQKHIDAGAKKVVITAPSSTAPMFVMGVNEEKYTSDLKIVSNASCTTNCLAPLAKVINDAFGIEEGLMTTVHSLTATQKTVDGPSHKDWRGGRTASGNIIPSSTGAAKAVGKVLPELQGKLTGMAFRVPTVDVSVVDLTVKLNKETTYDEIKKVVKAAAEGKLKGVLGYTED,M.VRVAINGFGRIGRLVMRIALSRPNVEVVALNDPF(ITNDYAAYMFKYDSTHGRYAGEVSHDDKHIIVDGKKIATYQERDPANLPWGSSNVDIAIDSTGVFKELDTAQKHIDAGAKKVVITAPSSTAPMFVMGVNEEKYTSDLKIVSNASCTTNCLAPLAKVINDAFGIEEGLMTTVHSLTATQKTVDGPSHKDWRGGRTASGNIIPSSTGAAKAVGKVLPELQGKLTGMAFRVPTVDVSVVDLTVKLNKETTYDEIKKVVKAAAEGKLKGVLGYTED)[+115.4508].A,29723.79,NME,,1,+115.4508:[35-276],0,,-,8,7,0.0001889423658,-,-
405,/home/daniel/Desktop/datafiles/RealData/yeast/study4/lowfeaturescore/960-1040_round2/modified2_20220718_Yeast_DIA_960-1040_75cmCapil_300nL_30kV_01_ms2.msalign,5,5328,HCD,5329,1335.43,11,28,28475.2,28475.765,86,-,,-1,1,sp|P00359|G3P3_YEAST,Glyceraldehyde-3-phosphate dehydrogenase 3 OS=Saccharomyces cerevisiae (strain ATCC 204508 / S288c) OX=559292 GN=TDH3 PE=1 SV=3,2,271,,VRVAINGFGRIGRLVMRIALSRPNVEVVALNDPFITNDYAAYMFKYDSTHGRYAGEVSHDDKHIIVDGKKIATYQERDPANLPWGSSNVDIAIDSTGVFKELDTAQKHIDAGAKKVVITAPSSTAPMFVMGVNEEKYTSDLKIVSNASCTTNCLAPLAKVINDAFGIEEGLMTTVHSLTATQKTVDGPSHKDWRGGRTASGNIIPSSTGAAKAVGKVLPELQGKLTGMAFRVPTVDVSVVDLTVKLNKETTYDEIKKVVKAAAEGKLKGV,M.VRVAINGFGRIGRLVMRIALSRPNVEVVALND(PFITNDYAAYMFKYDSTHGRYAGEVSHDDKHIIVDGKKIATYQERDPANLPWGSSNVDIAIDSTGVFKELDTAQKHIDAGAKKVVITAPSSTAPMFVMGVNEEKYTSDLKIVSNASCTTNCLAPLAKVINDAFGIEEGLMTTVHSLTATQKTVDGPSHKDWRGGRTASGNIIPSSTGAAKAVGKVLPELQGKLTGMAFRVPTVDVS)[-454.2881]VVDLTVKLNKETTYDEIKKVVKAAAEGKLKGV.L,28475.765,NME,,1,-454.2881:[33-238],0,,-,6,6,0.0002316959814,-,-
3,/home/daniel/Desktop/datafiles/RealData/yeast/study4/lowfeaturescore/960-1040/modified_20220718_Yeast_DIA_960-1040_75cmCapil_300nL_30kV_01_ms2.msalign,5,4146,HCD,4147,1101.19,32,27,26820,26820.535,557,-,,-1,1,sp|P00942|TPIS_YEAST,Triosephosphate isomerase OS=Saccharomyces cerevisiae (strain ATCC 204508 / S288c) OX=559292 GN=TPI1 PE=1 SV=2,2,248,,ARTFFVGGNFKLNGSKQSIKEIVERLNTASIPENVEVVICPPATYLDYSVSLVKKPQVTVGAQNAYLKASGAFTGENSVDQIKDVGAKWVILGHSERRSYFHEDDKFIADKTKFALGQGVGVILCIGETLEEKKAGKTLDVVERQLNAVLEEVKDWTNVVVAYEPVWAIGTGLAATPEDAQDIHASIRKFLASKLGDKAASELRILYGGSANGSNAVTFKDKADVDGFLVGGASLKPEFVDIINSRN,M.ARTFFVGGNFKLNGSKQSIKEIVERLNTASI(PENVEVVICPPATYLDYSVSLVKKPQVTVGAQNAYLKASGAFTGENSVDQIKDVGAKWVILGHSERRSYFHEDDKFIADKTKFALGQGVGVILCIGETLEEKKAGKTLDVVERQLNAVLEEVKDWTNVVVAYEPVWAIGTGLAAT)[+172.6114]PEDAQDIHASIRKFLASKLGDKAASELRILYGGSANGSNAVTFKDKADVDGFLVGGASLKPEFVDIINSRN.,26820.535,NME,,1,+172.6114:[32-176],0,,-,7,6,0.00023425764,-,-
28,/home/daniel/Desktop/datafiles/RealData/yeast/study4/lowfeaturescore/960-1040/modified_20220718_Yeast_DIA_960-1040_75cmCapil_300nL_30kV_01_ms2.msalign,47,5421,HCD,5422,1352.14,43,19,18427.5,18427.865,340,-,,-1,1,sp|P00359|G3P3_YEAST,Glyceraldehyde-3-phosphate dehydrogenase 3 OS=Saccharomyces cerevisiae (strain ATCC 204508 / S288c) OX=559292 GN=TDH3 PE=1 SV=3,2,173,,VRVAINGFGRIGRLVMRIALSRPNVEVVALNDPFITNDYAAYMFKYDSTHGRYAGEVSHDDKHIIVDGKKIATYQERDPANLPWGSSNVDIAIDSTGVFKELDTAQKHIDAGAKKVVITAPSSTAPMFVMGVNEEKYTSDLKIVSNASCTTNCLAPLAKVINDAFGIEEGLM,M.VRVAINGFGRIGRLVMRIALSRPNVEVVALNDPF(ITNDYAAYMFKYDSTHGRYAGEVSHDDKHIIVDGKKIATYQERDPANLPWGSSNVDIAIDSTGVFKELDTAQKHIDAGAKKVVITAPSSTAPMFVMGVNEEKYTSDLKIVSNASCTTNCLAPLAKVINDAFGIEEGLM)[-268.6137].T,18427.865,NME,,1,-268.6137:[35-172],0,,-,12,8,0.0003072973995,-,-
67,/home/daniel/Desktop/datafiles/RealData/yeast/study4/lowfeaturescore/960-1040/modified_20220718_Yeast_DIA_960-1040_75cmCapil_300nL_30kV_01_ms2.msalign,115,5933,HCD,5934,1444.92,16,30,30011.6,30012.2,341,-,,-1,1,sp|P00359|G3P3_YEAST,Glyceraldehyde-3-phosphate dehydrogenase 3 OS=Saccharomyces cerevisiae (strain ATCC 204508 / S288c) OX=559292 GN=TDH3 PE=1 SV=3,2,286,,VRVAINGFGRIGRLVMRIALSRPNVEVVALNDPFITNDYAAYMFKYDSTHGRYAGEVSHDDKHIIVDGKKIATYQERDPANLPWGSSNVDIAIDSTGVFKELDTAQKHIDAGAKKVVITAPSSTAPMFVMGVNEEKYTSDLKIVSNASCTTNCLAPLAKVINDAFGIEEGLMTTVHSLTATQKTVDGPSHKDWRGGRTASGNIIPSSTGAAKAVGKVLPELQGKLTGMAFRVPTVDVSVVDLTVKLNKETTYDEIKKVVKAAAEGKLKGVLGYTEDAVVSSDFLG,M.VRVAINGFGRIGRLVMRIALSRPNVEVVALNDPF(ITNDYAAYMFKYDSTHGRYAGEVSHDDKHIIVDGKKIATYQERDPANLPWGSSNVDIAIDSTGVFKELDTAQKHIDAGAKKVVITAPSSTAPMFVMGVNEEKYTSDLKIVSNASCTTNCLAPLAKVINDAFGIEEGLMTTVHSLTATQKTVDGPSHKDWRGGRTASGNIIPSSTGAAKAVGKVLPELQGKLTGMAFRVPTVDVSVVDLTVKLNKETTYDEIKKVVKAAAEGKLKGVLGYTEDAVVSSDFLG)[-471.5781].D,30012.2,NME,,1,-471.5781:[35-285],0,,-,8,7,0.0003340883698,-,-
26,/home/daniel/Desktop/datafiles/RealData/yeast/study4/lowfeaturescore/960-1040/modified_20220718_Yeast_DIA_960-1040_75cmCapil_300nL_30kV_01_ms2.msalign,42,5406,HCD,5407,1349.41,12,18,17848.8,17849.155,342,-,,-1,1,sp|P00359|G3P3_YEAST,Glyceraldehyde-3-phosphate dehydrogenase 3 OS=Saccharomyces cerevisiae (strain ATCC 204508 / S288c) OX=559292 GN=TDH3 PE=1 SV=3,2,169,,VRVAINGFGRIGRLVMRIALSRPNVEVVALNDPFITNDYAAYMFKYDSTHGRYAGEVSHDDKHIIVDGKKIATYQERDPANLPWGSSNVDIAIDSTGVFKELDTAQKHIDAGAKKVVITAPSSTAPMFVMGVNEEKYTSDLKIVSNASCTTNCLAPLAKVINDAFGIE,M.VRVAINGFGRIGRLVMRIALSRPNVEVVALNDPF(ITNDYAAYMFKYDSTHGRYAGEVSHDDKHIIVDGKKIATYQERDPANLPWGSSNVDIAIDSTGVFKELDTAQKHIDAGAKKVVITAPSSTAPMFVMGVNEEKYTSDLKIVSNASCTTNCLAPLAKVINDAFGIE)[-417.1351].E,17849.155,NME,,1,-417.1351:[35-168],0,,-,7,6,0.0003478954275,-,-
0,/home/daniel/Desktop/datafiles/RealData/yeast/study4/lowfeaturescore/960-1040/modified_20220718_Yeast_DIA_960-1040_75cmCapil_300nL_30kV_01_ms2.msalign,0,4084,HCD,4085,1084.86,19,17,16979.7,16980.035,595,-,,-1,1,sp|Q08971|YP225_YEAST,Protein PBDC1 homolog OS=Saccharomyces cerevisiae (strain ATCC 204508 / S288c) OX=559292 GN=YPL225W PE=1 SV=1,1,146,,MSTFNAETADNLEDIEKQFAVVAVEQAETYWKLLTSVPGSKLRLTKFDDEIYENFMERFPEYKDVERVKKFTEEELKTKEAKERWRKFFTIFEKKIEDYNFGTLLRTDASAEYGQFTTCFVVRLQFYAFEIARNKHGLNDWIVGQK,.(MSTFNAETADNLEDIEKQFAVVAVEQAETYWKLLTSVPGSKLRLTKFDDEIYENFMERFPEYKDVERVKKFTEEELKTKEAKERWRKFFTIFEKKIEDYNFGTLLRTDASAEYGQF)[-453.7539]TTCFVVRLQFYAFEIARNKHGLNDWIVGQK.,16980.035,NONE,,1,-453.7539:[1-116],0,,-,5,5,0.0003752574,-,-
66,/home/daniel/Desktop/datafiles/RealData/yeast/study4/lowfeaturescore/960-1040/modified_20220718_Yeast_DIA_960-1040_75cmCapil_300nL_30kV_01_ms2.msalign,113,5930,HCD,5931,1444.45,25,27,26682,26682.53,343,-,,-1,1,sp|P00359|G3P3_YEAST,Glyceraldehyde-3-phosphate dehydrogenase 3 OS=Saccharomyces cerevisiae (strain ATCC 204508 / S288c) OX=559292 GN=TDH3 PE=1 SV=3,2,254,,VRVAINGFGRIGRLVMRIALSRPNVEVVALNDPFITNDYAAYMFKYDSTHGRYAGEVSHDDKHIIVDGKKIATYQERDPANLPWGSSNVDIAIDSTGVFKELDTAQKHIDAGAKKVVITAPSSTAPMFVMGVNEEKYTSDLKIVSNASCTTNCLAPLAKVINDAFGIEEGLMTTVHSLTATQKTVDGPSHKDWRGGRTASGNIIPSSTGAAKAVGKVLPELQGKLTGMAFRVPTVDVSVVDLTVKLNKETTYD,M.VRVAINGFGRIGRLVMRIALSRPNVEVVALNDPF(ITNDYAAYMFKYDSTHGRYAGEVSHDDKHIIVDGKKIATYQERDPANLPWGSSNVDIAIDSTGVFKELDTAQKHIDAGAKKVVITAPSSTAPMFVMGVNEEKYTSDLKIVSNASCTTNCLAPLAKVINDAFGIEEGLMTTVHSLTATQKTVDGPSHKDWRGGRTASGNIIPSSTGAAKAVGKVLPELQGKLTGMAFRVPTVDVSVVDLTVKLNKETTYD)[-498.4355].E,26682.53,NME,,1,-498.4355:[35-253],0,,-,9,7,0.0003886155305,-,-
40,/home/daniel/Desktop/datafiles/RealData/yeast/study4/lowfeaturescore/960-1040/modified_20220718_Yeast_DIA_960-1040_75cmCapil_300nL_30kV_01_ms2.msalign,72,5507,HCD,5508,1366.78,39,25,24384.1,24384.585,344,-,,-1,1,sp|P00359|G3P3_YEAST,Glyceraldehyde-3-phosphate dehydrogenase 3 OS=Saccharomyces cerevisiae (strain ATCC 204508 / S288c) OX=559292 GN=TDH3 PE=1 SV=3,2,231,,VRVAINGFGRIGRLVMRIALSRPNVEVVALNDPFITNDYAAYMFKYDSTHGRYAGEVSHDDKHIIVDGKKIATYQERDPANLPWGSSNVDIAIDSTGVFKELDTAQKHIDAGAKKVVITAPSSTAPMFVMGVNEEKYTSDLKIVSNASCTTNCLAPLAKVINDAFGIEEGLMTTVHSLTATQKTVDGPSHKDWRGGRTASGNIIPSSTGAAKAVGKVLPELQGKLTGMAF,M.VRVAINGFGRIGRLVMRIALSRPNVEVVALNDPF(ITNDYAAYMFKYDSTHGRYAGEVSHDDKHIIVDGKKIATYQERDPANLPWGSSNVDIAIDSTGVFKELDTAQKHIDAGAKKVVITAPSSTAPMFVMGVNEEKYTSDLKIVSNASCTTNCLAPLAKVINDAFGIEEGLMTTVHSLTATQKTVDGPSHKDWRGGRTASGNIIPSSTGAAKAVGKVLPEL)[-224.0057]QGKLTGMAF.R,24384.585,NME,,1,-224.0057:[35-221],0,,-,9,8,0.000407793926,-,-
79,/home/daniel/Desktop/datafiles/RealData/yeast/study4/lowfeaturescore/960-1040/modified_20220718_Yeast_DIA_960-1040_75cmCapil_300nL_30kV_01_ms2.msalign,142,6252,HCD,6253,1507.31,26,28,28442.6,28442.545,162,-,,-1,1,sp|P00925|ENO2_YEAST,Enolase 2 OS=Saccharomyces cerevisiae (strain ATCC 204508 / S288c) OX=559292 GN=ENO2 PE=1 SV=2,78,339,,VKANLDVKDQKAVDDFLLSLDGTANKSKLGANAILGVSMAAARAAAAEKNVPLYQHLADLSKSKTSPYVLPVPFLNVLNGGSHAGGALALQEFMIAPTGAKTFAEAMRIGSEVYHNLKSLTKKRYGASAGNVGDEGGVAPNIQTAEEALDLIVDAIKAAGHDGKVKIGLDCASSEFFKDGKYDLDFKNPESDKSKWLTGVELADMYHSLMKRYPIVSIEDPFAEDDWEAWSHFFKTAGIQIVADDLTVTNPARIATAIEKKA,F.VKANLDVKDQKAVDDFLL(SLDGT)[+432.1825]ANKSKLGANAILGVSMAAARAAAAEKNVPLYQHLADLSKSKTSPYVLPVPFLNVLNGGSHAGGALALQEFMIAPTGAKTFAEAMRIGSEVYHNLKSLTKKRYGASAGNVGDEGGVAPNIQTAEEALDLIVDAIKAAGHDGKVKIGLDCASSEFFKDGKYDLDFKNPESDKSKWLTGVELADMYHSLMKRYPIVSIEDPFAEDDWEAWSHFFKTAGIQIVADDLTVTNPARIATAIEKKA.A,28442.545,NONE,,1,+432.1825:[19-23],0,,-,9,9,0.000408025189,-,-
57,/home/daniel/Desktop/datafiles/RealData/yeast/study4/lowfeaturescore/960-1040/modified_20220718_Yeast_DIA_960-1040_75cmCapil_300nL_30kV_01_ms2.msalign,94,5811,HCD,5812,1422.45,19,29,29478.7,29479.285,345,-,,-1,1,sp|P00359|G3P3_YEAST,Glyceraldehyde-3-phosphate dehydrogenase 3 OS=Saccharomyces cerevisiae (strain ATCC 204508 / S288c) OX=559292 GN=TDH3 PE=1 SV=3,2,272,,VRVAINGFGRIGRLVMRIALSRPNVEVVALNDPFITNDYAAYMFKYDSTHGRYAGEVSHDDKHIIVDGKKIATYQERDPANLPWGSSNVDIAIDSTGVFKELDTAQKHIDAGAKKVVITAPSSTAPMFVMGVNEEKYTSDLKIVSNASCTTNCLAPLAKVINDAFGIEEGLMTTVHSLTATQKTVDGPSHKDWRGGRTASGNIIPSSTGAAKAVGKVLPELQGKLTGMAFRVPTVDVSVVDLTVKLNKETTYDEIKKVVKAAAEGKLKGVL,M.VRVAINGFGRIGRLVMRIALSRPNVEVVALND(PFITNDYAAYMFKYDSTHGRYAGEVSHDDKHIIVDGKKIATYQERDPANLPWGSSNVDIAIDSTGVFKELDTAQKHIDAGAKKVVITAPSSTAPMFVMGVNEEKYTSDLKIVSNASCTTNCLAPLAKVINDAFGIEEGLMTTVHSLTATQKTVDGPSHKDWRGGRTASGNIIPSSTGAAKAVGKVLPELQGKLTGMAFRVPTVDVSVVDLT)[+436.1478]VKLNKETTYDEIKKVVKAAAEGKLKGVL.G,29479.285,NME,,1,+436.1478:[33-243],0,,-,9,7,0.0004139333016,-,-
73,/home/daniel/Desktop/datafiles/RealData/yeast/study4/lowfeaturescore/960-1040/modified_20220718_Yeast_DIA_960-1040_75cmCapil_300nL_30kV_01_ms2.msalign,128,6079,HCD,6080,1473.7,22,15,14940.9,14939.85765,346,-,,-1,1,sp|P00359|G3P3_YEAST,Glyceraldehyde-3-phosphate dehydrogenase 3 OS=Saccharomyces cerevisiae (strain ATCC 204508 / S288c) OX=559292 GN=TDH3 PE=1 SV=3,193,332,,DWRGGRTASGNIIPSSTGAAKAVGKVLPELQGKLTGMAFRVPTVDVSVVDLTVKLNKETTYDEIKKVVKAAAEGKLKGVLGYTEDAVVSSDFLGDSHSSIFDASAGIQLSPKFVKLVSWYDNEYGYSTRVVDLVEHVAKA,K.DWRGGRTASGNIIPSSTGAAKAVGKVLPELQGKLTGMAFRVPTVDVSVVDLTVKLNKETTYDEIKKVVKAAAEGKLKGVLGYTEDAVVSSDFLGDSHSSIFDASAGIQLSPKFVKLVSWYDNE(YGYSTRVVDLVEHVAKA)[+14.0244].,14939.85765,NONE,,1,+14.0244:[124-140],0,,-,7,7,0.000493605345,-,-
6,/home/daniel/Desktop/datafiles/RealData/yeast/study4/lowfeaturescore/960-1040/modified_20220718_Yeast_DIA_960-1040_75cmCapil_300nL_30kV_01_ms2.msalign,9,4160,HCD,4161,1104.94,24,28,27029.3,27029.84,558,-,,-1,1,sp|P00942|TPIS_YEAST,Triosephosphate isomerase OS=Saccharomyces cerevisiae (strain ATCC 204508 / S288c) OX=559292 GN=TPI1 PE=1 SV=2,2,248,,ARTFFVGGNFKLNGSKQSIKEIVERLNTASIPENVEVVICPPATYLDYSVSLVKKPQVTVGAQNAYLKASGAFTGENSVDQIKDVGAKWVILGHSERRSYFHEDDKFIADKTKFALGQGVGVILCIGETLEEKKAGKTLDVVERQLNAVLEEVKDWTNVVVAYEPVWAIGTGLAATPEDAQDIHASIRKFLASKLGDKAASELRILYGGSANGSNAVTFKDKADVDGFLVGGASLKPEFVDIINSRN,M.ARTFFVGGNFKLNGSKQSIKEIVERLNTAS(IPENVEVVICPPATYLDYSVSLVKKPQVTVGAQNAYLKASGAFTGENSVDQIKDVGAKWVILGHSERRSYFHEDDKFIADKTKFALGQGVGVILCIGETLEEKKAGKTLDVVERQLNAVLEEVKDWTNVVVAYEPVWAIGTGLAATPEDAQDIHASIRKFLASKLGDKAASELRILYGGSANGSNAVTFKDKADVDGFLVGGASLK)[+381.9164]PEFVDIINSRN.,27029.84,NME,,1,+381.9164:[31-236],0,,-,5,5,0.0005432025,-,-
408,/home/daniel/Desktop/datafiles/RealData/yeast/study4/lowfeaturescore/960-1040_round2/modified2_20220718_Yeast_DIA_960-1040_75cmCapil_300nL_30kV_01_ms2.msalign,10,5909,HCD,5910,1440.8,15,6,5929.75,5929.865,87,-,,-1,1,sp|P00359|G3P3_YEAST,Glyceraldehyde-3-phosphate dehydrogenase 3 OS=Saccharomyces cerevisiae (strain ATCC 204508 / S288c) OX=559292 GN=TDH3 PE=1 SV=3,2,58,,VRVAINGFGRIGRLVMRIALSRPNVEVVALNDPFITNDYAAYMFKYDSTHGRYAGEV,M.VRVAINGFGRIGRLVMRIALSRPNVEVVALND(PFITNDYAAYMFKYDSTHGRYAGEV)[-471.4456].S,5929.865,NME,,1,-471.4456:[33-57],0,,-,7,5,0.000544028364,-,-
400,/home/daniel/Desktop/datafiles/RealData/yeast/study4/lowfeaturescore/960-1040_round2/modified2_20220718_Yeast_DIA_960-1040_75cmCapil_300nL_30kV_01_ms2.msalign,0,4090,HCD,4091,1086.24,18,17,17331.9,17332.245,243,-,,-1,1,sp|Q08971|YP225_YEAST,Protein PBDC1 homolog OS=Saccharomyces cerevisiae (strain ATCC 204508 / S288c) OX=559292 GN=YPL225W PE=1 SV=1,1,146,,MSTFNAETADNLEDIEKQFAVVAVEQAETYWKLLTSVPGSKLRLTKFDDEIYENFMERFPEYKDVERVKKFTEEELKTKEAKERWRKFFTIFEKKIEDYNFGTLLRTDASAEYGQFTTCFVVRLQFYAFEIARNKHGLNDWIVGQK,.(MSTFNAETADNLEDIEKQFAVVAVEQAETYWKLLTSVPGSKLRLTKFDDEIYENFMERFPEYKDVERVKKFTEEELKTKEAKERWRKFFTIFEKKIEDYNFGTLLRTDASAEYGQFT)[-101.5439]TCFVVRLQFYAFEIARNKHGLNDWIVGQK.,17332.245,NONE,,1,-101.5439:[1-117],0,,-,5,5,0.0007541145,-,-
38,/home/daniel/Desktop/datafiles/RealData/yeast/study4/lowfeaturescore/960-1040/modified_20220718_Yeast_DIA_960-1040_75cmCapil_300nL_30kV_01_ms2.msalign,70,5504,HCD,5505,1366.29,68,29,27942.6,27941.36765,347,-,,-1,1,sp|P00359|G3P3_YEAST,Glyceraldehyde-3-phosphate dehydrogenase 3 OS=Saccharomyces cerevisiae (strain ATCC 204508 / S288c) OX=559292 GN=TDH3 PE=1 SV=3,2,262,,VRVAINGFGRIGRLVMRIALSRPNVEVVALNDPFITNDYAAYMFKYDSTHGRYAGEVSHDDKHIIVDGKKIATYQERDPANLPWGSSNVDIAIDSTGVFKELDTAQKHIDAGAKKVVITAPSSTAPMFVMGVNEEKYTSDLKIVSNASCTTNCLAPLAKVINDAFGIEEGLMTTVHSLTATQKTVDGPSHKDWRGGRTASGNIIPSSTGAAKAVGKVLPELQGKLTGMAFRVPTVDVSVVDLTVKLNKETTYDEIKKVVKA,M.VRVAINGFGRIGRLVMRIALSRPNVEVVALNDPFITNDYAAYMFKYDSTHGRYAGEVSHDDKHIIVDGKKIATYQERDPANLPWGSSNVDIAIDSTGVFKELDTAQKHIDAGAKKVVITAPSSTAPMFVMGVNEEKYTSDLKIVSNASCTTNCLAPLAKVINDAFGIEEGLMTTVHSLTATQKTVDGPSHKDWRGGRTASGNIIPSSTGAAKAVGKVLPELQGKLTGMAFRVPTVDVSVVDLTVKLNKE(TTYDEIKKVVKA)[-135.1833].A,27941.36765,NME,,1,-135.1833:[250-261],0,,-,14,10,0.000768162857,-,-
32,/home/daniel/Desktop/datafiles/RealData/yeast/study4/lowfeaturescore/960-1040/modified_20220718_Yeast_DIA_960-1040_75cmCapil_300nL_30kV_01_ms2.msalign,51,5435,HCD,5436,1354.09,30,17,17457.4,17457.745,349,-,,-1,1,sp|P00359|G3P3_YEAST,Glyceraldehyde-3-phosphate dehydrogenase 3 OS=Saccharomyces cerevisiae (strain ATCC 204508 / S288c) OX=559292 GN=TDH3 PE=1 SV=3,2,165,,VRVAINGFGRIGRLVMRIALSRPNVEVVALNDPFITNDYAAYMFKYDSTHGRYAGEVSHDDKHIIVDGKKIATYQERDPANLPWGSSNVDIAIDSTGVFKELDTAQKHIDAGAKKVVITAPSSTAPMFVMGVNEEKYTSDLKIVSNASCTTNCLAPLAKVINDA,M.VRVAINGFGRIGRLVMRIALSRPNVEVVALNDPFI(TNDYAAYMFKYDSTHGRYAGEVSHDDKHIIVDGKKIATYQERDPANLPWGSSNVDIAIDSTGVFKELDTAQKHIDAGAKKVVITAPSSTAPMFVMGVNEEKYTSDLKIVSNASCTTNCLAPLAKVINDA)[-362.3286].F,17457.745,NME,,1,-362.3286:[36-164],0,,-,8,7,0.0008052786,-,-
55,/home/daniel/Desktop/datafiles/RealData/yeast/study4/lowfeaturescore/960-1040/modified_20220718_Yeast_DIA_960-1040_75cmCapil_300nL_30kV_01_ms2.msalign,92,5783,HCD,5784,1417.42,13,30,29653.3,29653.89,350,-,,-1,1,sp|P00359|G3P3_YEAST,Glyceraldehyde-3-phosphate dehydrogenase 3 OS=Saccharomyces cerevisiae (strain ATCC 204508 / S288c) OX=559292 GN=TDH3 PE=1 SV=3,2,274,,VRVAINGFGRIGRLVMRIALSRPNVEVVALNDPFITNDYAAYMFKYDSTHGRYAGEVSHDDKHIIVDGKKIATYQERDPANLPWGSSNVDIAIDSTGVFKELDTAQKHIDAGAKKVVITAPSSTAPMFVMGVNEEKYTSDLKIVSNASCTTNCLAPLAKVINDAFGIEEGLMTTVHSLTATQKTVDGPSHKDWRGGRTASGNIIPSSTGAAKAVGKVLPELQGKLTGMAFRVPTVDVSVVDLTVKLNKETTYDEIKKVVKAAAEGKLKGVLGY,M.VRVAINGFGRIGRLVMRIALSRPNVEVVALND(PFITNDYAAYMFKYDSTHGRYAGEVSHDDKHIIVDGKKIATYQERDPANLPWGSSNVDIAIDSTGVFKELDTAQKHIDAGAKKVVITAPSSTAPMFVMGVNEEKYTSDLKIVSNASCTTNCLAPLAKVINDAFGIEEGLMTTVHSLTATQKTVDGPSHKDWRGGRTASGNIIPSSTGAAKAVGKVLPELQGKLTGMAFRVPTVDVSVVDLTVKLNKETTYDEIKKVVKAAAEGKLKGVLGY)[+390.6680].T,29653.89,NME,,1,+390.6680:[33-273],0,,-,6,6,0.000880644736,-,-
56,/home/daniel/Desktop/datafiles/RealData/yeast/study4/lowfeaturescore/960-1040/modified_20220718_Yeast_DIA_960-1040_75cmCapil_300nL_30kV_01_ms2.msalign,93,5799,HCD,5800,1420.44,36,26,25185.4,25185.9,351,-,,-1,1,sp|P00359|G3P3_YEAST,Glyceraldehyde-3-phosphate dehydrogenase 3 OS=Saccharomyces cerevisiae (strain ATCC 204508 / S288c) OX=559292 GN=TDH3 PE=1 SV=3,2,240,,VRVAINGFGRIGRLVMRIALSRPNVEVVALNDPFITNDYAAYMFKYDSTHGRYAGEVSHDDKHIIVDGKKIATYQERDPANLPWGSSNVDIAIDSTGVFKELDTAQKHIDAGAKKVVITAPSSTAPMFVMGVNEEKYTSDLKIVSNASCTTNCLAPLAKVINDAFGIEEGLMTTVHSLTATQKTVDGPSHKDWRGGRTASGNIIPSSTGAAKAVGKVLPELQGKLTGMAFRVPTVDVSV,M.VRVAINGFGRIGRLVMRIALSRPNVEVVALND(PFITNDYAAYMFKYDSTHGRYAGEVSHDDKHIIVDGKKIATYQERDPANLPWGSSNVDIAIDSTGVFKELDTAQKHIDAGAKKVVITAPSSTAPMFVMGVNEEKYTSDLKIVSNASCTTNCLAPLAKVINDAFGIEEGLMTTVHSLTATQKTVDGPSH)[-375.2248]KDWRGGRTASGNIIPSSTGAAKAVGKVLPELQGKLTGMAFRVPTVDVSV.V,25185.9,NME,,1,-375.2248:[33-190],0,,-,9,8,0.00092723202,-,-
61,/home/daniel/Desktop/datafiles/RealData/yeast/study4/lowfeaturescore/960-1040/modified_20220718_Yeast_DIA_960-1040_75cmCapil_300nL_30kV_01_ms2.msalign,106,5911,HCD,5912,1441.07,16,15,14960.4,14960.695,352,-,,-1,1,sp|P00359|G3P3_YEAST,Glyceraldehyde-3-phosphate dehydrogenase 3 OS=Saccharomyces cerevisiae (strain ATCC 204508 / S288c) OX=559292 GN=TDH3 PE=1 SV=3,2,140,,VRVAINGFGRIGRLVMRIALSRPNVEVVALNDPFITNDYAAYMFKYDSTHGRYAGEVSHDDKHIIVDGKKIATYQERDPANLPWGSSNVDIAIDSTGVFKELDTAQKHIDAGAKKVVITAPSSTAPMFVMGVNEEKYTS,M.VRVAINGFGRIGRLVMRIALSRPNVEVVALND(PFITNDYAAYMFKYDSTHGRYAGEVSHDDKHIIVDGKKIATYQERDPANLPWGSSNVDIAIDSTGVFKELDTAQKHIDAGAKKVVITAPSSTAPMFVMGVNEEKYTS)[-304.0698].D,14960.695,NME,,1,-304.0698:[33-139],0,,-,7,6,0.000968421729,-,-
65,/home/daniel/Desktop/datafiles/RealData/yeast/study4/lowfeaturescore/960-1040/modified_20220718_Yeast_DIA_960-1040_75cmCapil_300nL_30kV_01_ms2.msalign,112,5929,HCD,5930,1444.32,25,23,22680,22680.45,353,-,,-1,1,sp|P00359|G3P3_YEAST,Glyceraldehyde-3-phosphate dehydrogenase 3 OS=Saccharomyces cerevisiae (strain ATCC 204508 / S288c) OX=559292 GN=TDH3 PE=1 SV=3,2,213,,VRVAINGFGRIGRLVMRIALSRPNVEVVALNDPFITNDYAAYMFKYDSTHGRYAGEVSHDDKHIIVDGKKIATYQERDPANLPWGSSNVDIAIDSTGVFKELDTAQKHIDAGAKKVVITAPSSTAPMFVMGVNEEKYTSDLKIVSNASCTTNCLAPLAKVINDAFGIEEGLMTTVHSLTATQKTVDGPSHKDWRGGRTASGNIIPSSTGAAK,M.VRVAINGFGRIGRLVMRIALSRPNVEVVALND(PFITNDYAAYMFKYDSTHGRYAGEVSHDDKHIIVDGKKIATYQERDPANLPWGSSNVDIAIDSTGVFKELDTAQKHIDAGAKKVVITAPSSTAPMFVMGVNEEKYTSDLKIVSNASCTTNCLAPLAKVINDAFGIEEGLMTTVHS)[-88.1126]LTATQKTVDGPSHKDWRGGRTASGNIIPSSTGAAK.A,22680.45,NME,,1,-88.1126:[33-177],0,,-,8,7,0.00100337871,-,-
63,/home/daniel/Desktop/datafiles/RealData/yeast/study4/lowfeaturescore/960-1040/modified_20220718_Yeast_DIA_960-1040_75cmCapil_300nL_30kV_01_ms2.msalign,109,5923,HCD,5924,1443.41,17,28,26927.2,26927.735,354,-,,-1,1,sp|P00359|G3P3_YEAST,Glyceraldehyde-3-phosphate dehydrogenase 3 OS=Saccharomyces cerevisiae (strain ATCC 204508 / S288c) OX=559292 GN=TDH3 PE=1 SV=3,2,256,,VRVAINGFGRIGRLVMRIALSRPNVEVVALNDPFITNDYAAYMFKYDSTHGRYAGEVSHDDKHIIVDGKKIATYQERDPANLPWGSSNVDIAIDSTGVFKELDTAQKHIDAGAKKVVITAPSSTAPMFVMGVNEEKYTSDLKIVSNASCTTNCLAPLAKVINDAFGIEEGLMTTVHSLTATQKTVDGPSHKDWRGGRTASGNIIPSSTGAAKAVGKVLPELQGKLTGMAFRVPTVDVSVVDLTVKLNKETTYDEI,M.VRVAINGFGRIGRLVMRIALSRPNVEVVALNDPF(ITNDYAAYMFKYDSTHGRYAGEVSHDDKHIIVDGKKIATYQERDPANLPWGSSNVDIAIDSTGVFKELDTAQKHIDAGAKKVVITAPSSTAPMFVMGVNEEKYTSDLKIVSNASCTTNCLAPLAKVINDAFGIEEGLMTTVHSLTATQKTVDGPSHKDWRGGRTASGNIIPSSTGAAKAVGKVLPELQGKLTGMAFRVPTVDVSVVDLTVKLNKETTYDEI)[-495.3571].K,26927.735,NME,,1,-495.3571:[35-255],0,,-,6,6,0.001036066347,-,-
29,/home/daniel/Desktop/datafiles/RealData/yeast/study4/lowfeaturescore/960-1040/modified_20220718_Yeast_DIA_960-1040_75cmCapil_300nL_30kV_01_ms2.msalign,48,5424,HCD,5425,1352.55,27,27,26477.4,26477.925,355,-,,-1,1,sp|P00359|G3P3_YEAST,Glyceraldehyde-3-phosphate dehydrogenase 3 OS=Saccharomyces cerevisiae (strain ATCC 204508 / S288c) OX=559292 GN=TDH3 PE=1 SV=3,2,244,,VRVAINGFGRIGRLVMRIALSRPNVEVVALNDPFITNDYAAYMFKYDSTHGRYAGEVSHDDKHIIVDGKKIATYQERDPANLPWGSSNVDIAIDSTGVFKELDTAQKHIDAGAKKVVITAPSSTAPMFVMGVNEEKYTSDLKIVSNASCTTNCLAPLAKVINDAFGIEEGLMTTVHSLTATQKTVDGPSHKDWRGGRTASGNIIPSSTGAAKAVGKVLPELQGKLTGMAFRVPTVDVSVVDLT,M.VRVAINGFGRIGRLVMRIALSRPNVEVVALND(PFITNDYAAYMFKYDSTHGRYAGEVSHDDKHIIVDGKKIATYQERDPANLPWGSSNVDIAIDSTGVFKELDTAQKHIDAGAKKVVITAPSSTAPMFVMGVNEEKYTSDLKIVSNASCTTNCLAPLAKVINDAFGIEEGLMTTVHSLTATQKTVDGPSHKDW)[+488.5731]RGGRTASGNIIPSSTGAAKAVGKVLPELQGKLTGMAFRVPTVDVSVVDLT.V,26477.925,NME,,1,+488.5731:[33-193],0,,-,8,7,0.001484114169,-,-
60,/home/daniel/Desktop/datafiles/RealData/yeast/study4/lowfeaturescore/960-1040/modified_20220718_Yeast_DIA_960-1040_75cmCapil_300nL_30kV_01_ms2.msalign,101,5869,HCD,5870,1433.52,22,15,14946.4,14946.695,356,-,,-1,1,sp|P00359|G3P3_YEAST,Glyceraldehyde-3-phosphate dehydrogenase 3 OS=Saccharomyces cerevisiae (strain ATCC 204508 / S288c) OX=559292 GN=TDH3 PE=1 SV=3,2,140,,VRVAINGFGRIGRLVMRIALSRPNVEVVALNDPFITNDYAAYMFKYDSTHGRYAGEVSHDDKHIIVDGKKIATYQERDPANLPWGSSNVDIAIDSTGVFKELDTAQKHIDAGAKKVVITAPSSTAPMFVMGVNEEKYTS,M.VRVAINGFGRIGRLVMRIALSRPNVEVVALND(PFITNDYAAYMFKYDSTHGRYAGEVSHDDKHIIVDGKKIATYQERDPANLPWGSSNVDIAIDSTGVFKELDTAQKHIDAGAKKVVITAPSSTAPMFVMGVNEEKYTS)[-318.0698].D,14946.695,NME,,1,-318.0698:[33-139],0,,-,7,6,0.00199182968,-,-
46,/home/daniel/Desktop/datafiles/RealData/yeast/study4/lowfeaturescore/960-1040/modified_20220718_Yeast_DIA_960-1040_75cmCapil_300nL_30kV_01_ms2.msalign,78,5546,HCD,5547,1373.76,29,30,28941.1,28940.67265,357,-,,-1,1,sp|P00359|G3P3_YEAST,Glyceraldehyde-3-phosphate dehydrogenase 3 OS=Saccharomyces cerevisiae (strain ATCC 204508 / S288c) OX=559292 GN=TDH3 PE=1 SV=3,2,271,,VRVAINGFGRIGRLVMRIALSRPNVEVVALNDPFITNDYAAYMFKYDSTHGRYAGEVSHDDKHIIVDGKKIATYQERDPANLPWGSSNVDIAIDSTGVFKELDTAQKHIDAGAKKVVITAPSSTAPMFVMGVNEEKYTSDLKIVSNASCTTNCLAPLAKVINDAFGIEEGLMTTVHSLTATQKTVDGPSHKDWRGGRTASGNIIPSSTGAAKAVGKVLPELQGKLTGMAFRVPTVDVSVVDLTVKLNKETTYDEIKKVVKAAAEGKLKGV,M.VRVAINGFGRIGRLVMRIALSRPNVEVVALND(PFITNDYAAYMFKYDSTHGRYAGEVSHDDKHIIVDGKKIATYQERDPANLPWGSSNVDIAIDSTGVFKELDTAQKHIDAGAKKVVITAPSSTAPMFVMGVNEEKYTSDLKIVSNASCTTNCLAPLAKVINDAFGIEEGLMTTVHSLTATQKTVDGPSHKDWRGGRTASGNIIPSSTGAAKAVGKVLPELQGKLTGMAFRVPTVDVS)[+10.6195]VVDLTVKLNKETTYDEIKKVVKAAAEGKLKGV.L,28940.67265,NME,,1,+10.6195:[33-238],0,,-,7,7,0.002056752264,-,-
410,/home/daniel/Desktop/datafiles/RealData/yeast/study4/lowfeaturescore/960-1040_round2/modified2_20220718_Yeast_DIA_960-1040_75cmCapil_300nL_30kV_01_ms2.msalign,12,5967,HCD,5968,1451.34,34,30,29059.9,29060.48,89,-,,-1,1,sp|P00359|G3P3_YEAST,Glyceraldehyde-3-phosphate dehydrogenase 3 OS=Saccharomyces cerevisiae (strain ATCC 204508 / S288c) OX=559292 GN=TDH3 PE=1 SV=3,2,272,,VRVAINGFGRIGRLVMRIALSRPNVEVVALNDPFITNDYAAYMFKYDSTHGRYAGEVSHDDKHIIVDGKKIATYQERDPANLPWGSSNVDIAIDSTGVFKELDTAQKHIDAGAKKVVITAPSSTAPMFVMGVNEEKYTSDLKIVSNASCTTNCLAPLAKVINDAFGIEEGLMTTVHSLTATQKTVDGPSHKDWRGGRTASGNIIPSSTGAAKAVGKVLPELQGKLTGMAFRVPTVDVSVVDLTVKLNKETTYDEIKKVVKAAAEGKLKGVL,M.VRVAINGFGRIGRLVMRIALSRPNVEVVALNDPF(ITNDYAAYMFKYDSTHGRYAGEVSHDDKHIIVDGKKIATYQERDPANLPWGSSNVDIAIDSTGVFKELDTAQKHIDAGAKKVVITAPSSTAPMFVMGVNEEKYTSDLKIVSNASCTTNCLAPLAKVINDAFGIEEGLMTTVHSLTATQKTVDGPSHKDWRGGRTASGNIIPSSTGAAKAVGKVLPELQGKLTGMAFRVPTVDVSVVDLTV)[+17.3428]KLNKETTYDEIKKVVKAAAEGKLKGVL.G,29060.48,NME,,1,+17.3428:[35-244],0,,-,10,7,0.002130391488,-,-
41,/home/daniel/Desktop/datafiles/RealData/yeast/study4/lowfeaturescore/960-1040/modified_20220718_Yeast_DIA_960-1040_75cmCapil_300nL_30kV_01_ms2.msalign,73,5519,HCD,5520,1368.51,19,27,27626.2,27626.75,358,-,,-1,1,sp|P00359|G3P3_YEAST,Glyceraldehyde-3-phosphate dehydrogenase 3 OS=Saccharomyces cerevisiae (strain ATCC 204508 / S288c) OX=559292 GN=TDH3 PE=1 SV=3,2,262,,VRVAINGFGRIGRLVMRIALSRPNVEVVALNDPFITNDYAAYMFKYDSTHGRYAGEVSHDDKHIIVDGKKIATYQERDPANLPWGSSNVDIAIDSTGVFKELDTAQKHIDAGAKKVVITAPSSTAPMFVMGVNEEKYTSDLKIVSNASCTTNCLAPLAKVINDAFGIEEGLMTTVHSLTATQKTVDGPSHKDWRGGRTASGNIIPSSTGAAKAVGKVLPELQGKLTGMAFRVPTVDVSVVDLTVKLNKETTYDEIKKVVKA,M.VRVAINGFGRIGRLVMRIALSRPNVEVVALNDPF(ITNDYAAYMFKYDSTHGRYAGEVSHDDKHIIVDGKKIATYQERDPANLPWGSSNVDIAIDSTGVFKELDTAQKHIDAGAKKVVITAPSSTAPMFVMGVNEEKYTSDLKIVSNASCTTNCLAPLAKVINDAFGIEEGLMTTVHSLTATQKTVDGPSHKDWRGGRTASGNIIPSSTGAAKAVGKVLPELQGKLTGMAF)[-449.8010]RVPTVDVSVVDLTVKLNKETTYDEIKKVVKA.A,27626.75,NME,,1,-449.8010:[35-230],0,,-,6,6,0.002166453864,-,-
72,/home/daniel/Desktop/datafiles/RealData/yeast/study4/lowfeaturescore/960-1040/modified_20220718_Yeast_DIA_960-1040_75cmCapil_300nL_30kV_01_ms2.msalign,127,6077,HCD,6078,1473.32,36,27,26685.8,26686.33,165,-,,-1,1,sp|P00925|ENO2_YEAST,Enolase 2 OS=Saccharomyces cerevisiae (strain ATCC 204508 / S288c) OX=559292 GN=ENO2 PE=1 SV=2,195,437,,KSLTKKRYGASAGNVGDEGGVAPNIQTAEEALDLIVDAIKAAGHDGKVKIGLDCASSEFFKDGKYDLDFKNPESDKSKWLTGVELADMYHSLMKRYPIVSIEDPFAEDDWEAWSHFFKTAGIQIVADDLTVTNPARIATAIEKKAADALLLKVNQIGTLSESIKAAQDSFAANWGVMVSHRSGETEDTFIADLVVGLRTGQIKTGAPARSERLAKLNQLLRIEEELGDKAVYAGENFHHGDKL,L.(KSLTKKRYGASAGNVGDEGGVAPNIQTAEEALDLIVDAIKAAGHDGKVKIGLDCASSEFFKDGKYDLDFKNPESDKSKWLTGVELADMYHSLMKRYPIVSIEDPFAEDDWEAWSHFFKTAGIQIVADDLTVTNPARIATAIEKKAADALLLKVNQIGTLSESIKAAQDSFAANWGVMVSHRSGETEDTFIADLVVGLRTGQIKTGAPARSERLAKLNQLLRIEEELGD)[+278.8593]KAVYAGENFHHGDKL.,26686.33,NONE,,1,+278.8593:[1-228],0,,-,7,7,0.002227273848,-,-
34,/home/daniel/Desktop/datafiles/RealData/yeast/study4/lowfeaturescore/960-1040/modified_20220718_Yeast_DIA_960-1040_75cmCapil_300nL_30kV_01_ms2.msalign,56,5448,HCD,5449,1356.51,30,30,29789.1,29789.695,359,-,,-1,1,sp|P00359|G3P3_YEAST,Glyceraldehyde-3-phosphate dehydrogenase 3 OS=Saccharomyces cerevisiae (strain ATCC 204508 / S288c) OX=559292 GN=TDH3 PE=1 SV=3,2,282,,VRVAINGFGRIGRLVMRIALSRPNVEVVALNDPFITNDYAAYMFKYDSTHGRYAGEVSHDDKHIIVDGKKIATYQERDPANLPWGSSNVDIAIDSTGVFKELDTAQKHIDAGAKKVVITAPSSTAPMFVMGVNEEKYTSDLKIVSNASCTTNCLAPLAKVINDAFGIEEGLMTTVHSLTATQKTVDGPSHKDWRGGRTASGNIIPSSTGAAKAVGKVLPELQGKLTGMAFRVPTVDVSVVDLTVKLNKETTYDEIKKVVKAAAEGKLKGVLGYTEDAVVSS,M.VRVAINGFGRIGRLVMRIALSRPNVEVVALNDPF(ITNDYAAYMFKYDSTHGRYAGEVSHDDKHIIVDGKKIATYQERDPANLPWGSSNVDIAIDSTGVFKELDTAQKHIDAGAKKVVITAPSSTAPMFVMGVNEEKYTSDLKIVSNASCTTNCLAPLAKVINDAFGIEEGLMTTVHSLTATQKTVDGPSHKDWRGGRTASGNIIPSSTGAAKAVGKVLPELQGKLTGMAFRVPTVDVSVVDLTVKLNKETTYDEIKKVVKAAAEGKLKGVLGYTEDAVVSS)[-261.8822].D,29789.695,NME,,1,-261.8822:[35-281],0,,-,9,7,0.002549626981,-,-
1,/home/daniel/Desktop/datafiles/RealData/yeast/study4/lowfeaturescore/960-1040/modified_20220718_Yeast_DIA_960-1040_75cmCapil_300nL_30kV_01_ms2.msalign,1,4089,HCD,4090,1086,39,17,17319.9,17320.245,596,-,,-1,1,sp|Q08971|YP225_YEAST,Protein PBDC1 homolog OS=Saccharomyces cerevisiae (strain ATCC 204508 / S288c) OX=559292 GN=YPL225W PE=1 SV=1,1,146,,MSTFNAETADNLEDIEKQFAVVAVEQAETYWKLLTSVPGSKLRLTKFDDEIYENFMERFPEYKDVERVKKFTEEELKTKEAKERWRKFFTIFEKKIEDYNFGTLLRTDASAEYGQFTTCFVVRLQFYAFEIARNKHGLNDWIVGQK,.(MSTFNAETADNLEDIEKQFAVVAVEQAETYWKLLTSVPGSKLRLTKFDDEIYENFMERFPEYKDVERVKKFTEEELKTKEAKERWRKFFTIFEKKIEDYNFGTLLRTDASAEYGQF)[-113.5439]TTCFVVRLQFYAFEIARNKHGLNDWIVGQK.,17320.245,NONE,,1,-113.5439:[1-116],0,,-,6,6,0.0026210458,-,-
58,/home/daniel/Desktop/datafiles/RealData/yeast/study4/lowfeaturescore/960-1040/modified_20220718_Yeast_DIA_960-1040_75cmCapil_300nL_30kV_01_ms2.msalign,95,5820,HCD,5821,1424.82,57,30,29113.4,29114.69735,361,-,,-1,1,sp|P00359|G3P3_YEAST,Glyceraldehyde-3-phosphate dehydrogenase 3 OS=Saccharomyces cerevisiae (strain ATCC 204508 / S288c) OX=559292 GN=TDH3 PE=1 SV=3,2,271,,VRVAINGFGRIGRLVMRIALSRPNVEVVALNDPFITNDYAAYMFKYDSTHGRYAGEVSHDDKHIIVDGKKIATYQERDPANLPWGSSNVDIAIDSTGVFKELDTAQKHIDAGAKKVVITAPSSTAPMFVMGVNEEKYTSDLKIVSNASCTTNCLAPLAKVINDAFGIEEGLMTTVHSLTATQKTVDGPSHKDWRGGRTASGNIIPSSTGAAKAVGKVLPELQGKLTGMAFRVPTVDVSVVDLTVKLNKETTYDEIKKVVKAAAEGKLKGV,M.VRVAINGFGRIGRLVMRIALSRPNVEVVALNDPF(I)[+184.6442]TNDYAAYMFKYDSTHGRYAGEVSHDDKHIIVDGKKIATYQERDPANLPWGSSNVDIAIDSTGVFKELDTAQKHIDAGAKKVVITAPSSTAPMFVMGVNEEKYTSDLKIVSNASCTTNCLAPLAKVINDAFGIEEGLMTTVHSLTATQKTVDGPSHKDWRGGRTASGNIIPSSTGAAKAVGKVLPELQGKLTGMAFRVPTVDVSVVDLTVKLNKETTYDEIKKVVKAAAEGKLKGV.L,29114.69735,NME,,1,+184.6442:[35],0,,-,10,9,0.00289703034,-,-
48,/home/daniel/Desktop/datafiles/RealData/yeast/study4/lowfeaturescore/960-1040/modified_20220718_Yeast_DIA_960-1040_75cmCapil_300nL_30kV_01_ms2.msalign,82,5609,HCD,5610,1385.63,30,29,27929.5,27929.505,362,-,,-1,1,sp|P00359|G3P3_YEAST,Glyceraldehyde-3-phosphate dehydrogenase 3 OS=Saccharomyces cerevisiae (strain ATCC 204508 / S288c) OX=559292 GN=TDH3 PE=1 SV=3,2,262,,VRVAINGFGRIGRLVMRIALSRPNVEVVALNDPFITNDYAAYMFKYDSTHGRYAGEVSHDDKHIIVDGKKIATYQERDPANLPWGSSNVDIAIDSTGVFKELDTAQKHIDAGAKKVVITAPSSTAPMFVMGVNEEKYTSDLKIVSNASCTTNCLAPLAKVINDAFGIEEGLMTTVHSLTATQKTVDGPSHKDWRGGRTASGNIIPSSTGAAKAVGKVLPELQGKLTGMAFRVPTVDVSVVDLTVKLNKETTYDEIKKVVKA,M.VRVAINGFGRIGRLVMRIALSRPNVEVVALNDPFITNDYAAYMFKYDSTHGRYAGEVSHDDKHIIVDGKKIATYQERDPANLPWGSSNVDIAIDSTGVFKELDTAQKHIDAGAKKVVITAPSSTAPMFVMGVNEEKYTSDLKIVSNASCTTNCLAPLAKVINDAFGIEEGLMTTVHSLTATQKTVDGPSHKDWRGGRTASGNIIPSSTGAAKAVGKVLPELQGKLTGMA(F)[-147.0460]RVPTVDVSVVDLTVKLNKETTYDEIKKVVKA.A,27929.505,NME,,1,-147.0460:[230],0,,-,6,7,0.002985783019,-,-
105,/home/daniel/Desktop/datafiles/RealData/yeast/study4/lowfeaturescore/960-1040/modified_20220718_Yeast_DIA_960-1040_75cmCapil_300nL_30kV_01_ms2.msalign,187,6555,HCD,6556,1579.1,12,12,11608.9,11608.895,61,-,,-1,1,sp|P06169|PDC1_YEAST,Pyruvate decarboxylase isozyme 1 OS=Saccharomyces cerevisiae (strain ATCC 204508 / S288c) OX=559292 GN=PDC1 PE=1 SV=7,2,109,,SEITLGKYLFERLKQVNVNTVFGLPGDFNLSLLDKIYEVEGMRWAGNANELNAAYAADGYARIKGMSCIITTFGVGELSALNGIAGSYAEHVGVLHVVGVPSISAQAK,M.SEITLGKYLFERLKQVNVNTVFGLPGDFNLSLLDKIYEVEGMRWAGNANELNAAYAADGYARIKGMSCIITTFGVGELSALNGIAGSYAE(HVGVLHV)[+122.9899]VGVPSISAQAK.Q,11608.895,NME,,1,+122.9899:[91-97],0,,-,5,5,0.00301253364,-,-
234,/home/daniel/Desktop/datafiles/RealData/yeast/study4/lowfeaturescore/960-1040/modified_20220718_Yeast_DIA_960-1040_75cmCapil_300nL_30kV_01_ms2.msalign,426,8289,HCD,8290,2018.98,39,27,27457.6,27458.145,120,-,,-1,1,sp|P00924|ENO1_YEAST,Enolase 1 OS=Saccharomyces cerevisiae (strain ATCC 204508 / S288c) OX=559292 GN=ENO1 PE=1 SV=3,86,341,,DQKAVDDFLISLDGTANKSKLGANAILGVSLAASRAAAAEKNVPLYKHLADLSKSKTSPYVLPVPFLNVLNGGSHAGGALALQEFMIAPTGAKTFAEALRIGSEVYHNLKSLTKKRYGASAGNVGDEGGVAPNIQTAEEALDLIVDAIKAAGHDGKIKIGLDCASSEFFKDGKYDLDFKNPNSDKSKWLTGPQLADLYHSLMKRYPIVSIEDPFAEDDWEAWSHFFKTAGIQIVADDLTVTNPKRIATAIEKKAAD,K.DQKAVDDFLISLDGTANKS(KLGANAILGVSLAASRAAAAEKNVPLYKHLADLSKSKTSPYVLPVPFLNVLNGGSHAGGALALQEFMIAPTGAKTFAEALRIGSEVYHNLKSLTKKRYGASAGNVGDEGGVAPNIQTAEEALDLIVDAIKAAGHDGKIKIGLDCASSEFFKDGKYDLDFKNPNSDKSKWLTGPQLADLYHSLMKRYPIVSIEDPFAEDDWEAWSHFFKTAGIQIVADDLTVTNPKRIATAIEKKAAD)[+114.0001].A,27458.145,NONE,,1,+114.0001:[20-256],0,,-,11,11,0.00307279191,-,-
31,/home/daniel/Desktop/datafiles/RealData/yeast/study4/lowfeaturescore/960-1040/modified_20220718_Yeast_DIA_960-1040_75cmCapil_300nL_30kV_01_ms2.msalign,50,5428,HCD,5429,1353.09,19,18,17952.3,17951.65265,363,-,,-1,1,sp|P00359|G3P3_YEAST,Glyceraldehyde-3-phosphate dehydrogenase 3 OS=Saccharomyces cerevisiae (strain ATCC 204508 / S288c) OX=559292 GN=TDH3 PE=1 SV=3,2,170,,VRVAINGFGRIGRLVMRIALSRPNVEVVALNDPFITNDYAAYMFKYDSTHGRYAGEVSHDDKHIIVDGKKIATYQERDPANLPWGSSNVDIAIDSTGVFKELDTAQKHIDAGAKKVVITAPSSTAPMFVMGVNEEKYTSDLKIVSNASCTTNCLAPLAKVINDAFGIEE,M.VRVAINGFGRIGRLVMRIALSRPNVEVVALNDPF(ITNDYAAYMFKYDSTHGRYAGEVSHDDKHIIVDGKKIATYQERDPANLPWGSSNVDIAIDSTGVFKELDTAQKHIDAGAKKVVITAPSSTAPMFVMGVNEEKYTSDLKIVSNASCTTNCLAPLAKVINDAFGIEE)[-443.6801].G,17951.65265,NME,,1,-443.6801:[35-169],0,,-,8,6,0.003534805986,-,-
22,/home/daniel/Desktop/datafiles/RealData/yeast/study4/lowfeaturescore/960-1040/modified_20220718_Yeast_DIA_960-1040_75cmCapil_300nL_30kV_01_ms2.msalign,35,5393,HCD,5394,1346.81,10,27,27675.6,27676.15,364,-,,-1,1,sp|P00359|G3P3_YEAST,Glyceraldehyde-3-phosphate dehydrogenase 3 OS=Saccharomyces cerevisiae (strain ATCC 204508 / S288c) OX=559292 GN=TDH3 PE=1 SV=3,2,262,,VRVAINGFGRIGRLVMRIALSRPNVEVVALNDPFITNDYAAYMFKYDSTHGRYAGEVSHDDKHIIVDGKKIATYQERDPANLPWGSSNVDIAIDSTGVFKELDTAQKHIDAGAKKVVITAPSSTAPMFVMGVNEEKYTSDLKIVSNASCTTNCLAPLAKVINDAFGIEEGLMTTVHSLTATQKTVDGPSHKDWRGGRTASGNIIPSSTGAAKAVGKVLPELQGKLTGMAFRVPTVDVSVVDLTVKLNKETTYDEIKKVVKA,M.VRVAINGFGRIGRLVMRIALSRPNVEVVALND(PFITNDYAAYMFKYDSTHGRYAGEVSHDDKHIIVDGKKIATYQERDPANLPWGSSNVDIAIDSTGVFKELDTAQKHIDAGAKKVVITAPSSTAPMFVMGVNEEKYTSDLKIVSNASCTTNCLAPLAKVINDAFGIEEGLMTTVHSLTATQKTVDGPSHKDWRGGRTASGNIIPSSTGAAKAVGKVLPELQGKLTGMAF)[-400.4010]RVPTVDVSVVDLTVKLNKETTYDEIKKVVKA.A,27676.15,NME,,1,-400.4010:[33-230],0,,-,6,5,0.004033776824,-,-
409,/home/daniel/Desktop/datafiles/RealData/yeast/study4/lowfeaturescore/960-1040_round2/modified2_20220718_Yeast_DIA_960-1040_75cmCapil_300nL_30kV_01_ms2.msalign,11,5966,HCD,5967,1451.15,66,19,18315.1,18314.46265,90,-,,-1,1,sp|P00359|G3P3_YEAST,Glyceraldehyde-3-phosphate dehydrogenase 3 OS=Saccharomyces cerevisiae (strain ATCC 204508 / S288c) OX=559292 GN=TDH3 PE=1 SV=3,2,171,,VRVAINGFGRIGRLVMRIALSRPNVEVVALNDPFITNDYAAYMFKYDSTHGRYAGEVSHDDKHIIVDGKKIATYQERDPANLPWGSSNVDIAIDSTGVFKELDTAQKHIDAGAKKVVITAPSSTAPMFVMGVNEEKYTSDLKIVSNASCTTNCLAPLAKVINDAFGIEEG,M.VRVAINGFGRIGRLVMRIALSRPNVEVVALNDPF(ITNDYAAYMFKYDSTHGRYAGEVSHDDKHIIVDGKKIATYQERDPANLP)[-137.8915]WGSSNVDIAIDSTGVFKELDTAQKHIDAGAKKVVITAPSSTAPMFVMGVNEEKYTSDLKIVSNASCTTNCLAPLAKVINDAFGIEEG.L,18314.46265,NME,,1,-137.8915:[35-83],0,,-,12,9,0.00466590036,-,-
407,/home/daniel/Desktop/datafiles/RealData/yeast/study4/lowfeaturescore/960-1040_round2/modified2_20220718_Yeast_DIA_960-1040_75cmCapil_300nL_30kV_01_ms2.msalign,7,5484,HCD,5485,1362.87,70,29,28060.7,28061.26,91,-,,-1,1,sp|P00359|G3P3_YEAST,Glyceraldehyde-3-phosphate dehydrogenase 3 OS=Saccharomyces cerevisiae (strain ATCC 204508 / S288c) OX=559292 GN=TDH3 PE=1 SV=3,2,262,,VRVAINGFGRIGRLVMRIALSRPNVEVVALNDPFITNDYAAYMFKYDSTHGRYAGEVSHDDKHIIVDGKKIATYQERDPANLPWGSSNVDIAIDSTGVFKELDTAQKHIDAGAKKVVITAPSSTAPMFVMGVNEEKYTSDLKIVSNASCTTNCLAPLAKVINDAFGIEEGLMTTVHSLTATQKTVDGPSHKDWRGGRTASGNIIPSSTGAAKAVGKVLPELQGKLTGMAFRVPTVDVSVVDLTVKLNKETTYDEIKKVVKA,M.VRVAINGFGRIGRLVMRIALSRPNVEVVALNDPF(ITNDYAAYMFKYDSTHGRYAGEVSHDDKHIIVDGKKIATYQERDPANLPWGSSNVDIAIDSTGVFKELDTAQKHIDAGAKKVVITAPSSTAPMFVMGVNEEKYTSDLKIVSNASCTTNCLAPLAKVINDAFGIEEGLMTTVHSLTATQKTVDGPSHKDWRGGRTASGNIIPSSTGAAKAVGKVLPELQGKLTGMAF)[-15.2910]RVPTVDVSVVDLTVKLNKETTYDEIKKVVKA.A,28061.26,NME,,1,-15.2910:[35-230],0,,-,11,9,0.006373003655,-,-
44,/home/daniel/Desktop/datafiles/RealData/yeast/study4/lowfeaturescore/960-1040/modified_20220718_Yeast_DIA_960-1040_75cmCapil_300nL_30kV_01_ms2.msalign,76,5534,HCD,5535,1371.42,12,18,18009.3,18009.66,365,-,,-1,1,sp|P00359|G3P3_YEAST,Glyceraldehyde-3-phosphate dehydrogenase 3 OS=Saccharomyces cerevisiae (strain ATCC 204508 / S288c) OX=559292 GN=TDH3 PE=1 SV=3,2,171,,VRVAINGFGRIGRLVMRIALSRPNVEVVALNDPFITNDYAAYMFKYDSTHGRYAGEVSHDDKHIIVDGKKIATYQERDPANLPWGSSNVDIAIDSTGVFKELDTAQKHIDAGAKKVVITAPSSTAPMFVMGVNEEKYTSDLKIVSNASCTTNCLAPLAKVINDAFGIEEG,M.VRVAINGFGRIGRLVMRIALSRPNVEVVALNDPF(ITNDYAAYMFKYDSTHGRYAGEVSHDDKHIIVDGKKIATYQERDPANLPWGSSNVDIAIDSTGVFKELDTAQKHIDAGAKKVVITAPSSTAPMFVMGVNEEKYTSDLKIVSNASCTTNCLAPLAKVINDAFGIEEG)[-442.6942].L,18009.66,NME,,1,-442.6942:[35-170],0,,-,7,5,0.006416233296,-,-
62,/home/daniel/Desktop/datafiles/RealData/yeast/study4/lowfeaturescore/960-1040/modified_20220718_Yeast_DIA_960-1040_75cmCapil_300nL_30kV_01_ms2.msalign,108,5919,HCD,5920,1442.21,17,20,20548.1,20548.51,366,-,,-1,1,sp|P00359|G3P3_YEAST,Glyceraldehyde-3-phosphate dehydrogenase 3 OS=Saccharomyces cerevisiae (strain ATCC 204508 / S288c) OX=559292 GN=TDH3 PE=1 SV=3,2,194,,VRVAINGFGRIGRLVMRIALSRPNVEVVALNDPFITNDYAAYMFKYDSTHGRYAGEVSHDDKHIIVDGKKIATYQERDPANLPWGSSNVDIAIDSTGVFKELDTAQKHIDAGAKKVVITAPSSTAPMFVMGVNEEKYTSDLKIVSNASCTTNCLAPLAKVINDAFGIEEGLMTTVHSLTATQKTVDGPSHKDW,M.VRVAINGFGRIGRLVMRIALSRPNVEVVALNDPF(ITNDYAAYMFKYDSTHGRYAGEVSHDDKHIIVDGKKIATYQERDPANLPWGSSNVDIAIDSTGVFKELDTAQKHIDAGAKKVVITAPSSTAPMFVMGVNEEKYTSDLKIVSNASCTTNCLAPLAKVINDAFGIEEGLMTTVHSLTATQKTVDGPSHKDW)[-438.1029].R,20548.51,NME,,1,-438.1029:[35-193],0,,-,7,5,0.006751207862,-,-
9,/home/daniel/Desktop/datafiles/RealData/yeast/study4/lowfeaturescore/960-1040/modified_20220718_Yeast_DIA_960-1040_75cmCapil_300nL_30kV_01_ms2.msalign,17,4343,HCD,4344,1151.58,119,28,28695.1,28695.67,166,-,,-1,1,sp|P00925|ENO2_YEAST,Enolase 2 OS=Saccharomyces cerevisiae (strain ATCC 204508 / S288c) OX=559292 GN=ENO2 PE=1 SV=2,172,437,,IAPTGAKTFAEAMRIGSEVYHNLKSLTKKRYGASAGNVGDEGGVAPNIQTAEEALDLIVDAIKAAGHDGKVKIGLDCASSEFFKDGKYDLDFKNPESDKSKWLTGVELADMYHSLMKRYPIVSIEDPFAEDDWEAWSHFFKTAGIQIVADDLTVTNPARIATAIEKKAADALLLKVNQIGTLSESIKAAQDSFAANWGVMVSHRSGETEDTFIADLVVGLRTGQIKTGAPARSERLAKLNQLLRIEEELGDKAVYAGENFHHGDKL,M.(IAPTGAKTFAEAMRIGSEVYHNLKSLTKKRYGASAGNVGDEGGVAPNIQTAEEALDLIVDAIKAAGHDGKVKIGLDCASSEFFKDGKYDLDFKNPESDKSKWLTGVELADMYHSLMKRYPIVSIEDPFAEDDWEAWSHFFKTAGIQIVADDLTVTNPARIATAIEKKAADALLLKVNQIGTLSESIKAAQDSFAANWGVMVSHRSGETEDTFIADLVVGL)[-169.0482]RTGQIKTGAPARSERLAKLNQLLRIEEELGDKAVYAGENFHHGDKL.,28695.67,NONE,,1,-169.0482:[1-220],0,,-,16,11,0.00706252443,-,-
406,/home/daniel/Desktop/datafiles/RealData/yeast/study4/lowfeaturescore/960-1040_round2/modified2_20220718_Yeast_DIA_960-1040_75cmCapil_300nL_30kV_01_ms2.msalign,6,5433,HCD,5434,1353.82,17,29,29478.1,29477.32765,258,-,,-1,1,sp|Q06096|COG4_YEAST,Conserved oligomeric Golgi complex subunit 4 OS=Saccharomyces cerevisiae (strain ATCC 204508 / S288c) OX=559292 GN=COG4 PE=1 SV=1,606,861,,LNTLYLSKVYVHRLLSIEILEDDSQRILRDNFPFDNDAAQLQNLIINSEKLVLEQTDKLSKWAVKYLFQNILQNRVRNLLGTVFVNSASSNSSTSNQKNVSRDYSAGSNQKNYITSIEDFEDLSQINSFNSKWNQLIIPYKNILHNEAYAELLSVIVDYIVTTLEQRIWTLEFNELGVTKLDRELSLFIGNMCGLNYNLREKFLKLTQIVLLLGLDDDNFDLTTGDIKDDFNGTFDWVINSQERIKARNMKIDRTQ,Y.(LNTLYLSKVYVHRLLSIEILEDDSQR)[-224.0148]ILRDNFPFDNDAAQLQNLIINSEKLVLEQTDKLSKWAVKYLFQNILQNRVRNLLGTVFVNSASSNSSTSNQKNVSRDYSAGSNQKNYITSIEDFEDLSQINSFNSKWNQLIIPYKNILHNEAYAELLSVIVDYIVTTLEQRIWTLEFNELGVTKLDRELSLFIGNMCGLNYNLREKFLKLTQIVLLLGLDDDNFDLTTGDIKDDFNGTFDWVINSQERIKARNMKIDRTQ.,29477.32765,NONE,,1,-224.0148:[1-26],0,,-,6,5,0.00712754976,-,-
412,/home/daniel/Desktop/datafiles/RealData/yeast/study4/lowfeaturescore/960-1040_round2/modified2_20220718_Yeast_DIA_960-1040_75cmCapil_300nL_30kV_01_ms2.msalign,14,6056,HCD,6057,1468.64,28,13,12844.2,12844.455,92,-,2.42037E-06,-1,1,sp|P00359|G3P3_YEAST,Glyceraldehyde-3-phosphate dehydrogenase 3 OS=Saccharomyces cerevisiae (strain ATCC 204508 / S288c) OX=559292 GN=TDH3 PE=1 SV=3,2,114,,VRVAINGFGRIGRLVMRIALSRPNVEVVALNDPFITNDYAAYMFKYDSTHGRYAGEVSHDDKHIIVDGKKIATYQERDPANLPWGSSNVDIAIDSTGVFKELDTAQKHIDAGA,M.VRVAINGFGRIGRLVMRIALSRPNVEVVALNDPF(ITNDYAAYMFKYDSTHGRYAGEVSHDDKHIIVDGKKIATYQERDPANLPWGSSNVDIAIDSTGVFKELDTAQKHIDAGA)[+375.1139].K,12844.455,NME,,1,+375.1139:[35-113],0,,-,6,6,0.0078585936,-,-
51,/home/daniel/Desktop/datafiles/RealData/yeast/study4/lowfeaturescore/960-1040/modified_20220718_Yeast_DIA_960-1040_75cmCapil_300nL_30kV_01_ms2.msalign,87,5696,HCD,5697,1401.14,66,18,17600.9,17601.25,314,-,0.0124962,-1,1,sp|P14832|CYPH_YEAST,Peptidyl-prolyl cis-trans isomerase OS=Saccharomyces cerevisiae (strain ATCC 204508 / S288c) OX=559292 GN=CPR1 PE=1 SV=3,2,162,,SQVYFDVEADGQPIGRVVFKLYNDIVPKTAENFRALCTGEKGFGYAGSPFHRVIPDFMLQGGDFTAGNGTGGKSIYGGKFPDENFKKHHDRPGLLSMANAGPNTNGSQFFITTVPCPWLDGKHVVFGEVVDGYDIVKKVESLGSPSGATKARIVVAKSGEL,M.[Acetyl]-SQV(YFDVEADGQPIGRVVFKLYNDIVPKTAENFRALCTGEKGFGYAGSPFHRVIPDFMLQGGDFTAGNGTGGKSIYGGKFPDENFKKHHDRPGLLSMANAGPNTNGSQFFITTVPC)[+310.5802]PWLDGKHVVFGEVVDGYDIVKKVESLGSPSGATKARIVVAKSGEL.,17601.25,NME_ACETYLATION,,1,+310.5802:[4-116],0,,-,7,7,0.00816788,-,-
23,/home/daniel/Desktop/datafiles/RealData/yeast/study4/lowfeaturescore/960-1040/modified_20220718_Yeast_DIA_960-1040_75cmCapil_300nL_30kV_01_ms2.msalign,36,5394,HCD,5395,1346.94,12,15,15405.7,15405.00265,367,-,0.00069337,-1,1,sp|P00359|G3P3_YEAST,Glyceraldehyde-3-phosphate dehydrogenase 3 OS=Saccharomyces cerevisiae (strain ATCC 204508 / S288c) OX=559292 GN=TDH3 PE=1 SV=3,2,144,,VRVAINGFGRIGRLVMRIALSRPNVEVVALNDPFITNDYAAYMFKYDSTHGRYAGEVSHDDKHIIVDGKKIATYQERDPANLPWGSSNVDIAIDSTGVFKELDTAQKHIDAGAKKVVITAPSSTAPMFVMGVNEEKYTSDLKI,M.VRVAINGFGRIGRLVMRIALSRPNVEVVALNDPF(ITNDYAAYMFKYDSTHGRYAGEVSHDDKHIIVDGKKIATYQERDPANLPWGSSNVDIAIDSTGVFKELDTAQKHIDAGAKKVVITAPSSTAPMFVMGVNEEKYTSDLKI)[-329.0522].V,15405.00265,NME,,1,-329.0522:[35-143],0,,-,6,5,0.00912360876,-,-
14,/home/daniel/Desktop/datafiles/RealData/yeast/study4/lowfeaturescore/960-1040/modified_20220718_Yeast_DIA_960-1040_75cmCapil_300nL_30kV_01_ms2.msalign,23,4979,HCD,4980,1274.68,90,30,29003.6,29003.8,167,-,8.29933E-06,-1,1,sp|P00925|ENO2_YEAST,Enolase 2 OS=Saccharomyces cerevisiae (strain ATCC 204508 / S288c) OX=559292 GN=ENO2 PE=1 SV=2,26,302,,TEKGVFRSIVPSGASTGVHEALEMRDEDKSKWMGKGVMNAVNNVNNVIAAAFVKANLDVKDQKAVDDFLLSLDGTANKSKLGANAILGVSMAAARAAAAEKNVPLYQHLADLSKSKTSPYVLPVPFLNVLNGGSHAGGALALQEFMIAPTGAKTFAEAMRIGSEVYHNLKSLTKKRYGASAGNVGDEGGVAPNIQTAEEALDLIVDAIKAAGHDGKVKIGLDCASSEFFKDGKYDLDFKNPESDKSKWLTGVELADMYHSLMKRYPIVSIEDPFAED,T.TEKGVFRSIVPSGASTGVHEALEMRDED(KSKWMGKG)[-454.1955]VMNAVNNVNNVIAAAFVKANLDVKDQKAVDDFLLSLDGTANKSKLGANAILGVSMAAARAAAAEKNVPLYQHLADLSKSKTSPYVLPVPFLNVLNGGSHAGGALALQEFMIAPTGAKTFAEAMRIGSEVYHNLKSLTKKRYGASAGNVGDEGGVAPNIQTAEEALDLIVDAIKAAGHDGKVKIGLDCASSEFFKDGKYDLDFKNPESDKSKWLTGVELADMYHSLMKRYPIVSIEDPFAED.D,29003.8,NONE,,1,-454.1955:[29-36],0,,-,14,12,0.0092175659,-,-
15,/home/daniel/Desktop/datafiles/RealData/yeast/study4/lowfeaturescore/960-1040/modified_20220718_Yeast_DIA_960-1040_75cmCapil_300nL_30kV_01_ms2.msalign,24,4982,HCD,4983,1275.08,51,25,24468.5,24467.50765,122,-,1.04321E-05,-1,1,sp|P00924|ENO1_YEAST,Enolase 1 OS=Saccharomyces cerevisiae (strain ATCC 204508 / S288c) OX=559292 GN=ENO1 PE=1 SV=3,217,437,,PNIQTAEEALDLIVDAIKAAGHDGKIKIGLDCASSEFFKDGKYDLDFKNPNSDKSKWLTGPQLADLYHSLMKRYPIVSIEDPFAEDDWEAWSHFFKTAGIQIVADDLTVTNPKRIATAIEKKAADALLLKVNQIGTLSESIKAAQDSFAAGWGVMVSHRSGETEDTFIADLVVGLRTGQIKTGAPARSERLAKLNQLLRIEEELGDNAVFAGENFHHGDKL,A.PNIQTAEEALDLIVDAIKAAGHDGKIKIGLDCASSEFFKDGKYDLDFKNPNSDKSKWLTGPQLADLYHSLMKRYPIVSIEDPFAEDDWEAWSHFFKTAGIQIVADDLTVTNPKRIATAIEKKAADALLLKVNQIGTLSESIKAAQDSFAAGWGVMVSHRSGETEDTFIADLVVGLRTGQIKTGAPARSE(RLAKLNQLLRIEEELGDNAVFA)[+258.1007]GENFHHGDKL.,24467.50765,NONE,,1,+258.1007:[190-211],0,,-,8,8,0.00999463888,-,-
