	Data file name	Prsm ID	Spectrum ID	Fragmentation	Scan(s)	Retention time	#peaks	Charge	Precursor mass	Adjusted precursor mass	Proteoform ID	Feature ID	Feature intensity	Feature score	Feature apex time	#Protein hits	Protein accession	Protein description	First residue	Last residue	Special amino acids	Database protein sequence	Proteoform	Proteoform mass	Protein N-terminal form	Fixed PTMs	#unexpected modifications	unexpected modifications	#variable PTMs	variable PTMs	MIScore	#matched peaks	#matched fragment ions	E-value	Spectrum-level Q-value	Proteoform-level Q-value
0	/home/daniel/Desktop/datafiles/RealData/ecoli/DDA/20231102_DDA_720_1200_60minutes_RB3/20231102_DDA_720_1200_60minutes_RB3_ms2.msalign	0	2826	HCD	3300	2119.01	17	2	1486.76315	1486.762736	38	800	499200.0	0.96765	2118.7	1	sp|P0A7N4|RL32_ECOLI	Large ribosomal subunit protein bL32 OS=Escherichia coli (strain K12) OX=83333 GN=rpmF PE=1 SV=2	25	38		VTSLSVDKTSGEKH	A.VTSLSVDKTSGEKH.L	1486.762736	NONE		0		0		-	10	9	5.65480245e-10	-	-
1	/home/daniel/Desktop/datafiles/RealData/ecoli/DDA/20231102_DDA_720_1200_60minutes_RB3/20231102_DDA_720_1200_60minutes_RB3_ms2.msalign	3	2937	HCD	3429	2202.16	11	3	2421.10281	2421.14781	86	877	1303000.0	0.98842	2217.8	1	sp|P0ADY3|RL14_ECOLI	Large ribosomal subunit protein uL14 OS=Escherichia coli (strain K12) OX=83333 GN=rplN PE=1 SV=1	1	21		MIQEQTMLNVADNSGARRVMC	.(MI)[-1.9700]QEQTMLNVADNSGARRVM(C)[Carbamidomethylation].I	2421.14781	NONE	Carbamidomethylation:[21]	1	-1.9700:[1-2]	0		-	7	7	0.0002159720073	-	-
2	/home/daniel/Desktop/datafiles/RealData/ecoli/DDA/20231102_DDA_720_1200_60minutes_RB3/20231102_DDA_720_1200_60minutes_RB3_ms2.msalign	5	2994	HCD	3496	2245.09	20	2	1547.82071	1547.819523	63	287	7120000.0	0.98584	2249.3	1	sp|P37194|SLP_ECOLI	Outer membrane protein Slp OS=Escherichia coli (strain K12) OX=83333 GN=slp PE=1 SV=1	175	188		YTNAVSQVTPELVK	Y.YTNAVSQVTPELVK.	1547.819523	NONE		0		0		-	10	10	1.485475e-07	-	-
3	/home/daniel/Desktop/datafiles/RealData/ecoli/DDA/20231102_DDA_720_1200_60minutes_RB3/20231102_DDA_720_1200_60minutes_RB3_ms2.msalign	6	3042	HCD	3552	2281.14	12	2	1535.70046	1535.699133	49	290	7484000.0	0.98627	2294.4	1	sp|P0AD49|YFIA_ECOLI	Ribosome-associated inhibitor A OS=Escherichia coli (strain K12) OX=83333 GN=raiA PE=1 SV=2	101	113		VKDANFVEEVEEE	S.VKDANFVEEVEEE.	1535.699133	NONE		0		0		-	7	7	2.04708e-08	-	-
4	/home/daniel/Desktop/datafiles/RealData/ecoli/DDA/20231102_DDA_720_1200_60minutes_RB3/20231102_DDA_720_1200_60minutes_RB3_ms2.msalign	8	3048	HCD	3559	2285.64	10	3	2919.42441	2919.421008	53	379	5862000.0	0.99551	2298.9	1	sp|P0A7V0|RS2_ECOLI	Small ribosomal subunit protein uS2 OS=Escherichia coli (strain K12) OX=83333 GN=rpsB PE=1 SV=2	214	241		LGAVAATVREGRSQDLASQAEESFVEAE	Y.LGAVAATVREGRSQDLASQAEESFVEAE.	2919.421008	NONE		0		0		-	6	6	2.4286e-08	-	-
5	/home/daniel/Desktop/datafiles/RealData/ecoli/DDA/20231102_DDA_720_1200_60minutes_RB3/20231102_DDA_720_1200_60minutes_RB3_ms2.msalign	9	3306	HCD	3860	2480.16	18	5	3638.79921	3638.796035	22	635	3994000.0	0.99614	2488.9	1	sp|P0A6F5|CH60_ECOLI	Chaperonin GroEL OS=Escherichia coli (strain K12) OX=83333 GN=groEL PE=1 SV=2	44	76		FGAPTITKDGVSVAREIELEDKFENMGAQMVKE	S.FGAPTITKDGVSVAREIELEDKFENMGAQMVKE.V	3638.796035	NONE		0		0		-	10	11	3.92429148e-12	-	-
6	/home/daniel/Desktop/datafiles/RealData/ecoli/DDA/20231102_DDA_720_1200_60minutes_RB3/20231102_DDA_720_1200_60minutes_RB3_ms2.msalign	10	3367	HCD	3931	2526.04	12	3	2212.235	2213.27735	82	912	1245000.0	0.99232	2538.5	1	sp|P0A800|RPOZ_ECOLI	DNA-directed RNA polymerase subunit omega OS=Escherichia coli (strain K12) OX=83333 GN=rpoZ PE=1 SV=1	2	25		ARVTVQDAVEKIGNRFDLVLVAAR	M.(ARVTVQ)[-426.2098]DAVEKIGNRFDLVLVAAR.R	2213.27735	NME		1	-426.2098:[1-6]	0		-	8	8	4.76108416e-05	-	-
7	/home/daniel/Desktop/datafiles/RealData/ecoli/DDA/20231102_DDA_720_1200_60minutes_RB3/20231102_DDA_720_1200_60minutes_RB3_ms2.msalign	12	3534	HCD	4126	2651.81	33	9	7458.69105	7459.6884	51	280	15790000.0	0.99826	2660.6	1	sp|Q59385|COPA_ECOLI	Copper-exporting P-type ATPase OS=Escherichia coli (strain K12) OX=83333 GN=copA PE=1 SV=4	2	74		SQTIDLTLDGLSCGHCVKRVKESLEQRPDVEQADVSITEAHVTGTASAEQLIETIKQAGYDASVSHPKAKPLA	M.SQTIDLTLDGLS(C)[Carbamidomethylation]GH(C)[Carbamidomethylation]VKRVKESLEQRPDVEQADVSITEAHVTGTASAEQLIETIKQAGYDASV(SHPKAKPLA)[-423.2862].E	7459.6884	NME	Carbamidomethylation:[13];Carbamidomethylation:[16]	1	-423.2862:[65-73]	0		-	13	13	2.347216408e-08	-	-
8	/home/daniel/Desktop/datafiles/RealData/ecoli/DDA/20231102_DDA_720_1200_60minutes_RB3/20231102_DDA_720_1200_60minutes_RB3_ms2.msalign	15	3552	HCD	4147	2665.37	15	7	7473.67441	7473.70567	95	528	7666000.0	0.9977	2669.6	1	sp|Q59385|COPA_ECOLI	Copper-exporting P-type ATPase OS=Escherichia coli (strain K12) OX=83333 GN=copA PE=1 SV=4	2	70		SQTIDLTLDGLSCGHCVKRVKESLEQRPDVEQADVSITEAHVTGTASAEQLIETIKQAGYDASVSHPKA	M.SQTIDLTLDGLS(C)[Carbamidomethylation]GH(C)[Carbamidomethylation]VKRVKESLEQRPDVEQADVSITEAHVTGTASAEQLIETIKQAGYDASVSHPKA.K	7473.70567	NME	Carbamidomethylation:[13];Carbamidomethylation:[16]	0		0		-	5	5	0.0013231	-	-
9	/home/daniel/Desktop/datafiles/RealData/ecoli/DDA/20231102_DDA_720_1200_60minutes_RB3/20231102_DDA_720_1200_60minutes_RB3_ms2.msalign	19	3636	HCD	4245	2729.33	23	4	2991.48129	2991.47986	27	601	2861000.0	0.99619	2738.1	1	sp|P0ADZ4|RS15_ECOLI	Small ribosomal subunit protein uS15 OS=Escherichia coli (strain K12) OX=83333 GN=rpsO PE=1 SV=2	15	42		FGRDANDTGSTEVQVALLTAQINHLQGH	E.FGRDANDTGSTEVQVALLTAQINHLQGH.F	2991.47986	NONE		0		0		-	17	13	3.64001715e-11	-	-
10	/home/daniel/Desktop/datafiles/RealData/ecoli/DDA/20231102_DDA_720_1200_60minutes_RB3/20231102_DDA_720_1200_60minutes_RB3_ms2.msalign	20	3642	HCD	4252	2733.87	13	3	2424.32433	2424.322403	20	597	2393000.0	0.9948	2747.2	1	sp|P0ACF8|HNS_ECOLI	DNA-binding protein H-NS OS=Escherichia coli (strain K12) OX=83333 GN=hns PE=1 SV=2	66	89		IADGIDPNELLNSLAAVKSGTKAK	L.IADGIDPNELLNSLAAVKSGTKAK.R	2424.322403	NONE		0		0		-	11	11	1.098120969e-12	-	-
11	/home/daniel/Desktop/datafiles/RealData/ecoli/DDA/20231102_DDA_720_1200_60minutes_RB3/20231102_DDA_720_1200_60minutes_RB3_ms2.msalign	35	3684	HCD	4301	2765.63	19	8	8746.42939	8747.436249	29	445	6372000.0	0.97964	2765.3	1	sp|P0AA31|YEDF_ECOLI	Putative sulfur carrier protein YedF OS=Escherichia coli (strain K12) OX=83333 GN=yedF PE=1 SV=1	1	77		MKNIVPDYRLDMVGEPCPYPAVATLEAMPQLKKGEILEVVSDCPQSINNIPLDARNHGYTVLDIQQDGPTIRYLIQK	.MKNIVPDYRLDMVGEP(C)[Carbamidomethylation]PYPAVATLEAMPQLKKGEILEVVSD(C)[Carbamidomethylation]PQSINNIPLDARNHGYTVLDIQQDGPTIRYLIQK.	8747.436249	NONE	Carbamidomethylation:[17];Carbamidomethylation:[43]	0		0		-	10	10	5.0466e-11	-	-
12	/home/daniel/Desktop/datafiles/RealData/ecoli/DDA/20231102_DDA_720_1200_60minutes_RB3/20231102_DDA_720_1200_60minutes_RB3_ms2.msalign	45	3706	HCD	4326	2782.03	81	12	9864.86636	9865.06136	21	171	39740000.0	0.99777	2805.8	1	sp|P0AES9|HDEA_ECOLI	Acid stress chaperone HdeA OS=Escherichia coli (strain K12) OX=83333 GN=hdeA PE=1 SV=1	22	110		ADAQKAADNKKPVNSWTCEDFLAVDESFQPTAVGFAEALNNKDKPEDAVLDVQGIATVTPAIVQACTQDKQANFKDKVKGEWDKIKKDM	A.ADAQKAADNKKPVNSWT(C)[Carbamidomethylation]EDFLAVDESFQ(PTAVGFAEALNNKDKPEDAVLDVQGI)[+16.1897]ATVTPAIVQA(C)[Carbamidomethylation]TQDKQANFKDKVKGEWDKIKKDM.	9865.06136	NONE	Carbamidomethylation:[18];Carbamidomethylation:[66]	1	+16.1897:[30-55]	0		-	25	18	2.019418625e-12	-	-
13	/home/daniel/Desktop/datafiles/RealData/ecoli/DDA/20231102_DDA_720_1200_60minutes_RB3/20231102_DDA_720_1200_60minutes_RB3_ms2.msalign	65	3729	HCD	4353	2799.53	83	9	9880.86189	9881.05689	35	115	64350000.0	0.99866	2805.8	1	sp|P0AES9|HDEA_ECOLI	Acid stress chaperone HdeA OS=Escherichia coli (strain K12) OX=83333 GN=hdeA PE=1 SV=1	22	110		ADAQKAADNKKPVNSWTCEDFLAVDESFQPTAVGFAEALNNKDKPEDAVLDVQGIATVTPAIVQACTQDKQANFKDKVKGEWDKIKKDM	A.ADAQKAADNKKPVNSWT(C)[Carbamidomethylation]EDFLAVDES(FQ)[+32.1852]PTAVGFAEALNNKDKPEDAVLDVQGIATVTPAIVQA(C)[Carbamidomethylation]TQDKQANFKDKVKGEWDKIKKDM.	9881.05689	NONE	Carbamidomethylation:[18];Carbamidomethylation:[66]	1	+32.1852:[28-29]	0		-	21	17	3.21856353e-10	-	-
14	/home/daniel/Desktop/datafiles/RealData/ecoli/DDA/20231102_DDA_720_1200_60minutes_RB3/20231102_DDA_720_1200_60minutes_RB3_ms2.msalign	67	3732	HCD	4357	2801.93	150	11	9848.87604	9848.871696	3	32	141900000.0	0.99883	2805.8	1	sp|P0AES9|HDEA_ECOLI	Acid stress chaperone HdeA OS=Escherichia coli (strain K12) OX=83333 GN=hdeA PE=1 SV=1	22	110		ADAQKAADNKKPVNSWTCEDFLAVDESFQPTAVGFAEALNNKDKPEDAVLDVQGIATVTPAIVQACTQDKQANFKDKVKGEWDKIKKDM	A.ADAQKAADNKKPVNSWT(C)[Carbamidomethylation]EDFLAVDESFQPTAVGFAEALNNKDKPEDAVLDVQGIATVTPAIVQA(C)[Carbamidomethylation]TQDKQANFKDKVKGEWDKIKKDM.	9848.871696	NONE	Carbamidomethylation:[18];Carbamidomethylation:[66]	0		0		-	47	28	3.5068600000000004e-23	-	-
15	/home/daniel/Desktop/datafiles/RealData/ecoli/DDA/20231102_DDA_720_1200_60minutes_RB3/20231102_DDA_720_1200_60minutes_RB3_ms2.msalign	72	3737	HCD	4362	2804.96	103	10	9944.83577	9945.03077	74	229	17400000.0	0.99718	2805.8	1	sp|P0AES9|HDEA_ECOLI	Acid stress chaperone HdeA OS=Escherichia coli (strain K12) OX=83333 GN=hdeA PE=1 SV=1	22	110		ADAQKAADNKKPVNSWTCEDFLAVDESFQPTAVGFAEALNNKDKPEDAVLDVQGIATVTPAIVQACTQDKQANFKDKVKGEWDKIKKDM	A.ADAQKAADNKKPVNSWT(C)[Carbamidomethylation]EDFLAVDESFQ(PTAVGFAEALNNKDKPEDAVLDVQGI)[+96.1591]ATVTPAIVQA(C)[Carbamidomethylation]TQDKQANFKDKVKGEWDKIKKDM.	9945.03077	NONE	Carbamidomethylation:[18];Carbamidomethylation:[66]	1	+96.1591:[30-55]	0		-	16	14	3.04281394e-06	-	-
16	/home/daniel/Desktop/datafiles/RealData/ecoli/DDA/20231102_DDA_720_1200_60minutes_RB3/20231102_DDA_720_1200_60minutes_RB3_ms2.msalign	73	3738	HCD	4364	2806.03	25	2	1532.72282	1532.72282	85	72	24490000.0	0.98709	2832.1	1	sp|P60723|RL4_ECOLI	Large ribosomal subunit protein uL4 OS=Escherichia coli (strain K12) OX=83333 GN=rplD PE=1 SV=1	186	201		VVMTADAVKQVEEMLA	K.(VVMTAD)[-200.1511]AVKQVEEMLA.	1532.72282	NONE		1	-200.1511:[1-6]	0		-	8	8	0.0001590692955	-	-
17	/home/daniel/Desktop/datafiles/RealData/ecoli/DDA/20231102_DDA_720_1200_60minutes_RB3/20231102_DDA_720_1200_60minutes_RB3_ms2.msalign	74	3739	HCD	4365	2806.83	159	12	9911.84903	9911.04168	32	141	48170000.0	0.99856	2810.2	1	sp|P0AES9|HDEA_ECOLI	Acid stress chaperone HdeA OS=Escherichia coli (strain K12) OX=83333 GN=hdeA PE=1 SV=1	22	110		ADAQKAADNKKPVNSWTCEDFLAVDESFQPTAVGFAEALNNKDKPEDAVLDVQGIATVTPAIVQACTQDKQANFKDKVKGEWDKIKKDM	A.ADAQKAADNKKPVNSWT(C)[Carbamidomethylation]EDFLAVD(ESFQ)[+62.1700]PTAVGFAEALNNKDKPEDAVLDVQGIATVTPAIVQA(C)[Carbamidomethylation]TQDKQANFKDKVKGEWDKIKKDM.	9911.04168	NONE	Carbamidomethylation:[18];Carbamidomethylation:[66]	1	+62.1700:[26-29]	0		-	25	20	1.914428712e-10	-	-
18	/home/daniel/Desktop/datafiles/RealData/ecoli/DDA/20231102_DDA_720_1200_60minutes_RB3/20231102_DDA_720_1200_60minutes_RB3_ms2.msalign	80	3747	HCD	4374	2812.24	88	10	9927.8385	9928.0335	87	270	22730000.0	0.99643	2805.8	1	sp|P0AES9|HDEA_ECOLI	Acid stress chaperone HdeA OS=Escherichia coli (strain K12) OX=83333 GN=hdeA PE=1 SV=1	22	110		ADAQKAADNKKPVNSWTCEDFLAVDESFQPTAVGFAEALNNKDKPEDAVLDVQGIATVTPAIVQACTQDKQANFKDKVKGEWDKIKKDM	A.ADAQKAADNKKPVNSWT(C)[Carbamidomethylation]EDFLAVDE(SFQ)[+79.1618]PTAVGFAEALNNKDKPEDAVLDVQGIATVTPAIVQA(C)[Carbamidomethylation]TQDKQANFKDKVKGEWDKIKKDM.	9928.0335	NONE	Carbamidomethylation:[18];Carbamidomethylation:[66]	1	+79.1618:[27-29]	0		-	13	11	0.000266320218	-	-
19	/home/daniel/Desktop/datafiles/RealData/ecoli/DDA/20231102_DDA_720_1200_60minutes_RB3/20231102_DDA_720_1200_60minutes_RB3_ms2.msalign	90	3760	HCD	4389	2821.54	23	10	9978.80366	9978.99866	78	360	8583000.0	0.97333	2805.8	1	sp|P0AES9|HDEA_ECOLI	Acid stress chaperone HdeA OS=Escherichia coli (strain K12) OX=83333 GN=hdeA PE=1 SV=1	22	110		ADAQKAADNKKPVNSWTCEDFLAVDESFQPTAVGFAEALNNKDKPEDAVLDVQGIATVTPAIVQACTQDKQANFKDKVKGEWDKIKKDM	A.ADAQKAADNKKPVNSWT(C)[Carbamidomethylation]EDFLAVDES(FQPTAVGFAEALNNKDKPEDAVLDVQGIATV)[+130.1270]TPAIVQA(C)[Carbamidomethylation]TQDKQANFKDKVKGEWDKIKKDM.	9978.99866	NONE	Carbamidomethylation:[18];Carbamidomethylation:[66]	1	+130.1270:[28-58]	0		-	9	8	7.12904751e-06	-	-
20	/home/daniel/Desktop/datafiles/RealData/ecoli/DDA/20231102_DDA_720_1200_60minutes_RB3/20231102_DDA_720_1200_60minutes_RB3_ms2.msalign	91	3763	HCD	4393	2824.09	130	12	9896.85748	9895.86013	81	133	45700000.0	0.99879	2805.8	1	sp|P0AES9|HDEA_ECOLI	Acid stress chaperone HdeA OS=Escherichia coli (strain K12) OX=83333 GN=hdeA PE=1 SV=1	22	110		ADAQKAADNKKPVNSWTCEDFLAVDESFQPTAVGFAEALNNKDKPEDAVLDVQGIATVTPAIVQACTQDKQANFKDKVKGEWDKIKKDM	A.ADAQKAADNKKPVNSWT(C)[Carbamidomethylation]EDFLAVDESFQPTAVGFAEALNNKDKPEDAVLDVQGIATVTPAIVQA(C)[Carbamidomethylation]TQD(KQANFKDKVKGEWDKIKKDM)[+46.9884].	9895.86013	NONE	Carbamidomethylation:[18];Carbamidomethylation:[66]	1	+46.9884:[70-89]	0		-	18	15	1.404321586e-05	-	-
21	/home/daniel/Desktop/datafiles/RealData/ecoli/DDA/20231102_DDA_720_1200_60minutes_RB3/20231102_DDA_720_1200_60minutes_RB3_ms2.msalign	96	3788	HCD	4422	2842.92	23	7	5627.10915	5627.105034	50	612	4286000.0	0.98782	2845.7	1	sp|P0ABT2|DPS_ECOLI	DNA protection during starvation protein OS=Escherichia coli (strain K12) OX=83333 GN=dps PE=1 SV=2	2	51		STAKLVKSKATNLLYTRNDVSDSEKKATVELLNRQVIQFIDLSLITKQAH	M.STAKLVKSKATNLLYTRNDVSDSEKKATVELLNRQVIQFIDLSLITKQAH.W	5627.105034	NME		0		0		-	11	10	2.139434e-08	-	-
22	/home/daniel/Desktop/datafiles/RealData/ecoli/DDA/20231102_DDA_720_1200_60minutes_RB3/20231102_DDA_720_1200_60minutes_RB3_ms2.msalign	104	3810	HCD	4448	2859.61	112	9	7493.87346	7493.87346	5	11	195300000.0	0.99891	2880.9	1	sp|P0A800|RPOZ_ECOLI	DNA-directed RNA polymerase subunit omega OS=Escherichia coli (strain K12) OX=83333 GN=rpoZ PE=1 SV=1	26	91		RARQMQVGGKDPLVPEENDKTTVIALREIEEGLINNQILDVRERQEQQEQEAAELQAVTAIAEGRR	R.(RARQMQVGG)[+16.0010]KDPLVPEENDKTTVIALREIEEGLINNQILDVRERQEQQEQEAAELQAVTAIAEGRR.	7493.87346	NONE		1	+16.0010:[1-9]	0		-	48	40	2.2178646080000002e-20	-	-
23	/home/daniel/Desktop/datafiles/RealData/ecoli/DDA/20231102_DDA_720_1200_60minutes_RB3/20231102_DDA_720_1200_60minutes_RB3_ms2.msalign	110	3822	HCD	4462	2868.42	115	9	7477.87969	7477.872432	0	2	290200000.0	0.99875	2884.8	1	sp|P0A800|RPOZ_ECOLI	DNA-directed RNA polymerase subunit omega OS=Escherichia coli (strain K12) OX=83333 GN=rpoZ PE=1 SV=1	26	91		RARQMQVGGKDPLVPEENDKTTVIALREIEEGLINNQILDVRERQEQQEQEAAELQAVTAIAEGRR	R.RARQMQVGGKDPLVPEENDKTTVIALREIEEGLINNQILDVRERQEQQEQEAAELQAVTAIAEGRR.	7477.872432	NONE		0		0		-	61	49	4.372e-28	-	-
24	/home/daniel/Desktop/datafiles/RealData/ecoli/DDA/20231102_DDA_720_1200_60minutes_RB3/20231102_DDA_720_1200_60minutes_RB3_ms2.msalign	117	3831	HCD	4472	2874.54	115	9	7508.85989	7509.86224	67	460	4676000.0	0.963	2880.9	1	sp|P0A800|RPOZ_ECOLI	DNA-directed RNA polymerase subunit omega OS=Escherichia coli (strain K12) OX=83333 GN=rpoZ PE=1 SV=1	24	91		ARRARQMQVGGKDPLVPEENDKTTVIALREIEEGLINNQILDVRERQEQQEQEAAELQAVTAIAEGRR	A.(ARRARQMQV)[-195.1484]GGKDPLVPEENDKTTVIALREIEEGLINNQILDVRERQEQQEQEAAELQAVTAIAEGRR.	7509.86224	NONE		1	-195.1484:[1-9]	0		-	25	20	4.94555139e-07	-	-
25	/home/daniel/Desktop/datafiles/RealData/ecoli/DDA/20231102_DDA_720_1200_60minutes_RB3/20231102_DDA_720_1200_60minutes_RB3_ms2.msalign	119	3835	HCD	4477	2877.49	48	9	7444.87053	7445.86288	84	483	4216000.0	0.71139	2872.4	1	sp|P0A800|RPOZ_ECOLI	DNA-directed RNA polymerase subunit omega OS=Escherichia coli (strain K12) OX=83333 GN=rpoZ PE=1 SV=1	25	91		RRARQMQVGGKDPLVPEENDKTTVIALREIEEGLINNQILDVRERQEQQEQEAAELQAVTAIAEGRR	A.(RRARQMQVGGK)[-188.1107]DPLVPEENDKTTVIALREIEEGLINNQILDVRERQEQQEQEAAELQAVTAIAEGRR.	7445.86288	NONE		1	-188.1107:[1-11]	0		-	13	12	6.76824174e-05	-	-
26	/home/daniel/Desktop/datafiles/RealData/ecoli/DDA/20231102_DDA_720_1200_60minutes_RB3/20231102_DDA_720_1200_60minutes_RB3_ms2.msalign	128	3859	HCD	4505	2894.81	52	9	7763.06718	7762.05983	75	123	20600000.0	0.99591	2884.8	1	sp|P0A800|RPOZ_ECOLI	DNA-directed RNA polymerase subunit omega OS=Escherichia coli (strain K12) OX=83333 GN=rpoZ PE=1 SV=1	21	91		LVAARRARQMQVGGKDPLVPEENDKTTVIALREIEEGLINNQILDVRERQEQQEQEAAELQAVTAIAEGRR	V.LVA(AR)[-226.1404]RARQMQVGGKDPLVPEENDKTTVIALREIEEGLINNQILDVRERQEQQEQEAAELQAVTAIAEGRR.	7762.05983	NONE		1	-226.1404:[4-5]	0		-	16	13	3.34042449e-06	-	-
27	/home/daniel/Desktop/datafiles/RealData/ecoli/DDA/20231102_DDA_720_1200_60minutes_RB3/20231102_DDA_720_1200_60minutes_RB3_ms2.msalign	134	3896	HCD	4548	2922.29	18	3	2171.20634	2171.204914	43	828	1533000.0	0.99017	2920.5	1	sp|P0A850|TIG_ECOLI	Trigger factor OS=Escherichia coli (strain K12) OX=83333 GN=tig PE=1 SV=1	17	37		ITIAADSIETAVKSELVNVAK	T.ITIAADSIETAVKSELVNVAK.K	2171.204914	NONE		0		0		-	13	11	1.028970474e-08	-	-
28	/home/daniel/Desktop/datafiles/RealData/ecoli/DDA/20231102_DDA_720_1200_60minutes_RB3/20231102_DDA_720_1200_60minutes_RB3_ms2.msalign	136	3907	HCD	4561	2930.73	34	8	5827.1649	5827.1649	54	598	4720000.0	0.9826	2943.3	1	sp|P0ABT2|DPS_ECOLI	DNA protection during starvation protein OS=Escherichia coli (strain K12) OX=83333 GN=dps PE=1 SV=2	2	55		STAKLVKSKATNLLYTRNDVSDSEKKATVELLNRQVIQFIDLSLITKQAHWNMR	M.STAKLVKSKATNLLYTRNDVSDSEKKATVELLNRQVIQFIDLSLIT(KQAHWNMR)[-387.2040].G	5827.1649	NME		1	-387.2040:[47-54]	0		-	21	16	2.452400025e-08	-	-
29	/home/daniel/Desktop/datafiles/RealData/ecoli/DDA/20231102_DDA_720_1200_60minutes_RB3/20231102_DDA_720_1200_60minutes_RB3_ms2.msalign	140	3966	HCD	4630	2975.4	22	17	14360.40057	14360.68557	83	513	3150000.0	0.59616	2984.2	1	sp|P68066|GRCA_ECOLI	Autonomous glycyl radical cofactor OS=Escherichia coli (strain K12) OX=83333 GN=grcA PE=1 SV=1	1	127		MITGIQITKAANDDLLNSFWLLDSEKGEARCIVAKAGYAEDEVVAVSKLGDIEYREVPVEVKPEVRVEGGQHLNVNVLRRETLEDAVKHPEKYPQLTIRVSGYAVRFNSLTPEQQRDVIARTFTESL	.(MITGIQITKAANDDLLNSFWLLDSEKGEAR(C)[Carbamidomethylation]IVAKAGYAEDEVVAVSKLGDIEYREVPVEVKPEVRVEGGQHLNVNVLRRETLEDAVKH)[+28.2305]PEKYPQLTIRVSGYAVRFNSLTPEQQRDVIARTFTESL.	14360.68557	NONE	Carbamidomethylation:[31]	1	+28.2305:[1-89]	0		-	6	6	4.84554e-05	-	-
30	/home/daniel/Desktop/datafiles/RealData/ecoli/DDA/20231102_DDA_720_1200_60minutes_RB3/20231102_DDA_720_1200_60minutes_RB3_ms2.msalign	141	4002	HCD	4672	3002.44	16	5	4308.16203	4308.162221	62	599	3502000.0	0.98296	3002.2	1	sp|P0ADZ4|RS15_ECOLI	Small ribosomal subunit protein uS15 OS=Escherichia coli (strain K12) OX=83333 GN=rpsO PE=1 SV=2	2	42		SLSTEATAKIVSEFGRDANDTGSTEVQVALLTAQINHLQGH	M.SLSTEATAKIVSEFGRDANDTGSTEVQVALLTAQINHLQGH.F	4308.162221	NME		0		0		-	11	9	1.155926e-07	-	-
31	/home/daniel/Desktop/datafiles/RealData/ecoli/DDA/20231102_DDA_720_1200_60minutes_RB3/20231102_DDA_720_1200_60minutes_RB3_ms2.msalign	145	4057	HCD	4736	3044.44	31	15	14367.40177	14367.68677	45	467	10620000.0	0.90678	3043.3	1	sp|P68066|GRCA_ECOLI	Autonomous glycyl radical cofactor OS=Escherichia coli (strain K12) OX=83333 GN=grcA PE=1 SV=1	1	127		MITGIQITKAANDDLLNSFWLLDSEKGEARCIVAKAGYAEDEVVAVSKLGDIEYREVPVEVKPEVRVEGGQHLNVNVLRRETLEDAVKHPEKYPQLTIRVSGYAVRFNSLTPEQQRDVIARTFTESL	.(MITGIQITKAANDDLLNSFWLLDSEKGEAR(C)[Carbamidomethylation]IVAKAGYAEDEVV)[+35.2317]AVSKLGDIEYREVPVEVKPEVRVEGGQHLNVNVLRRETLEDAVKHPEKYPQLTIRVSGYAVRFNSLTPEQQRDVIARTFTESL.	14367.68677	NONE	Carbamidomethylation:[31]	1	+35.2317:[1-44]	0		-	14	11	1.1547952e-08	-	-
32	/home/daniel/Desktop/datafiles/RealData/ecoli/DDA/20231102_DDA_720_1200_60minutes_RB3/20231102_DDA_720_1200_60minutes_RB3_ms2.msalign	147	4072	HCD	4753	3055.55	104	17	14349.39641	14348.56906	28	594	5398000.0	0.84442	3052.4	1	sp|P68066|GRCA_ECOLI	Autonomous glycyl radical cofactor OS=Escherichia coli (strain K12) OX=83333 GN=grcA PE=1 SV=1	1	127		MITGIQITKAANDDLLNSFWLLDSEKGEARCIVAKAGYAEDEVVAVSKLGDIEYREVPVEVKPEVRVEGGQHLNVNVLRRETLEDAVKHPEKYPQLTIRVSGYAVRFNSLTPEQQRDVIARTFTESL	.([Acetyl]-MITGIQITKAANDDLL)[-25.8965]NSFWLLDSEKGEAR(C)[Carbamidomethylation]IVAKAGYAEDEVVAVSKLGDIEYREVPVEVKPEVRVEGGQHLNVNVLRRETLEDAVKHPEKYPQLTIRVSGYAVRFNSLTPEQQRDVIARTFTESL.	14348.56906	M_ACETYLATION	Carbamidomethylation:[31]	1	-25.8965:[1-16]	0		-	24	19	3.8829e-11	-	-
33	/home/daniel/Desktop/datafiles/RealData/ecoli/DDA/20231102_DDA_720_1200_60minutes_RB3/20231102_DDA_720_1200_60minutes_RB3_ms2.msalign	148	4218	HCD	4924	3164.33	35	8	6571.43532	6570.44297	36	321	7142000.0	0.96334	3181.8	1	sp|P0AC92|GNSA_ECOLI	Protein GnsA OS=Escherichia coli (strain K12) OX=83333 GN=gnsA PE=1 SV=1	1	57		MNIEELKKQAETEIADFIAQKIAELNKNTGKEVSEIRFTAREKMTGLESYDVKIKIM	.(M)[-0.9950]NIEELKKQAETEIADFIAQKIAELNKNTGKEVSEIRFTAREKMTGLESYDVKIKIM.	6570.44297	NONE		1	-0.9950:[1]	0		-	16	16	3.38247e-10	-	-
34	/home/daniel/Desktop/datafiles/RealData/ecoli/DDA/20231102_DDA_720_1200_60minutes_RB3/20231102_DDA_720_1200_60minutes_RB3_ms2.msalign	156	4383	HCD	5116	3280.85	87	10	9112.72677	9111.72442	19	129	44790000.0	0.99199	3271.7	1	sp|P0AA04|PTHP_ECOLI	Phosphocarrier protein HPr OS=Escherichia coli (strain K12) OX=83333 GN=ptsH PE=1 SV=1	1	85		MFQQEVTITAPNGLHTRPAAQFVKEAKGFTSEITVTSNGKSASAKSLFKLQTLGLTQGTVVTISAEGEDEQKAVEHLVKLMAELE	.(MFQQE)[-2.0129]VTITAPNGLHTRPAAQFVKEAKGFTSEITVTSNGKSASAKSLFKLQTLGLTQGTVVTISAEGEDEQKAVEHLVKLMAELE.	9111.72442	NONE		1	-2.0129:[1-5]	0		-	28	21	1.13742e-13	-	-
35	/home/daniel/Desktop/datafiles/RealData/ecoli/DDA/20231102_DDA_720_1200_60minutes_RB3/20231102_DDA_720_1200_60minutes_RB3_ms2.msalign	167	4469	HCD	5216	3329.06	244	17	13828.54267	13829.50002	76	111	19130000.0	0.69562	3337.6	1	sp|P02925|RBSB_ECOLI	Ribose import binding protein RbsB OS=Escherichia coli (strain K12) OX=83333 GN=rbsB PE=1 SV=1	165	296		ERGEGFQQAVAAHKFNVLASQPADFDRIKGLNVMQNLLTAHPDVQAVFAQNDEMALGALRALQTAGKSDVMVVGFDGTPDGEKAVNDGKLAATIAQLPDQIGAKGVETADKVLKGEKVQAKYPVDLKLVVKQ	R.(ER)[-158.8252]GEGFQQAVAAHKFNVLASQPADFDRIKGLNVMQNLLTAHPDVQAVFAQNDEMALGALRALQTAGKSDVMVVGFDGTPDGEKAVNDGKLAATIAQLPDQIGAKGVETADKVLKGEKVQAKYPVDLKLVVKQ.	13829.50002	NONE		1	-158.8252:[1-2]	0		-	33	24	4.545135e-06	-	-
36	/home/daniel/Desktop/datafiles/RealData/ecoli/DDA/20231102_DDA_720_1200_60minutes_RB3/20231102_DDA_720_1200_60minutes_RB3_ms2.msalign	175	4489	HCD	5240	3338.52	137	16	14694.00511	14693.06276	46	68	40470000.0	0.85872	3323.9	1	sp|P02925|RBSB_ECOLI	Ribose import binding protein RbsB OS=Escherichia coli (strain K12) OX=83333 GN=rbsB PE=1 SV=1	157	296		IAGTSAARERGEGFQQAVAAHKFNVLASQPADFDRIKGLNVMQNLLTAHPDVQAVFAQNDEMALGALRALQTAGKSDVMVVGFDGTPDGEKAVNDGKLAATIAQLPDQIGAKGVETADKVLKGEKVQAKYPVDLKLVVKQ	G.IAGTSAARER(GEGFQQAVAAHKFNVLA)[-22.6601]SQPADFDRIKGLNVMQNLLTAHPDVQAVFAQNDEMALGALRALQTAGKSDVMVVGFDGTPDGEKAVNDGKLAATIAQLPDQIGAKGVETADKVLKGEKVQAKYPVDLKLVVKQ.	14693.06276	NONE		1	-22.6601:[11-27]	0		-	29	20	1.241042715e-08	-	-
37	/home/daniel/Desktop/datafiles/RealData/ecoli/DDA/20231102_DDA_720_1200_60minutes_RB3/20231102_DDA_720_1200_60minutes_RB3_ms2.msalign	181	4520	HCD	5276	3353.14	181	16	14236.0213	14235.06395	58	61	112300000.0	0.94509	3323.9	1	sp|P02925|RBSB_ECOLI	Ribose import binding protein RbsB OS=Escherichia coli (strain K12) OX=83333 GN=rbsB PE=1 SV=1	159	296		GTSAARERGEGFQQAVAAHKFNVLASQPADFDRIKGLNVMQNLLTAHPDVQAVFAQNDEMALGALRALQTAGKSDVMVVGFDGTPDGEKAVNDGKLAATIAQLPDQIGAKGVETADKVLKGEKVQAKYPVDLKLVVKQ	A.GTSAARERGEGFQQ(AVAAHK)[-296.5378]FNVLASQPADFDRIKGLNVMQNLLTAHPDVQAVFAQNDEMALGALRALQTAGKSDVMVVGFDGTPDGEKAVNDGKLAATIAQLPDQIGAKGVETADKVLKGEKVQAKYPVDLKLVVKQ.	14235.06395	NONE		1	-296.5378:[15-20]	0		-	28	20	7.22295119e-08	-	-
38	/home/daniel/Desktop/datafiles/RealData/ecoli/DDA/20231102_DDA_720_1200_60minutes_RB3/20231102_DDA_720_1200_60minutes_RB3_ms2.msalign	185	4526	HCD	5283	3355.87	233	16	14228.02878	14227.06143	44	24	229900000.0	0.95457	3379.8	1	sp|P02925|RBSB_ECOLI	Ribose import binding protein RbsB OS=Escherichia coli (strain K12) OX=83333 GN=rbsB PE=1 SV=1	163	296		ARERGEGFQQAVAAHKFNVLASQPADFDRIKGLNVMQNLLTAHPDVQAVFAQNDEMALGALRALQTAGKSDVMVVGFDGTPDGEKAVNDGKLAATIAQLPDQIGAKGVETADKVLKGEKVQAKYPVDLKLVVKQ	A.ARERGEGFQQAVAAHKFNVLASQPADFDRIKGLNVMQNLLTAHPDVQAVFA(Q)[+11.5980]NDEMALGALRALQTAGKSDVMVVGFDGTPDGEKAVNDGKLAATIAQLPDQIGAKGVETADKVLKGEKVQAKYPVDLKLVVKQ.	14227.06143	NONE		1	+11.5980:[52]	0		-	29	24	1.096491064e-08	-	-
39	/home/daniel/Desktop/datafiles/RealData/ecoli/DDA/20231102_DDA_720_1200_60minutes_RB3/20231102_DDA_720_1200_60minutes_RB3_ms2.msalign	189	4531	HCD	5289	3358.13	176	18	14643.02811	14643.31811	57	43	41530000.0	0.92432	3331.9	1	sp|P02925|RBSB_ECOLI	Ribose import binding protein RbsB OS=Escherichia coli (strain K12) OX=83333 GN=rbsB PE=1 SV=1	158	296		AGTSAARERGEGFQQAVAAHKFNVLASQPADFDRIKGLNVMQNLLTAHPDVQAVFAQNDEMALGALRALQTAGKSDVMVVGFDGTPDGEKAVNDGKLAATIAQLPDQIGAKGVETADKVLKGEKVQAKYPVDLKLVVKQ	I.AGTSAARERGEGFQQAVAAHKFNVLASQPADFDRIKGLNVMQNLLTAHPDVQAV(FAQNDEMALGALR)[+40.6793]ALQTAGKSDVMVVGFDGTPDGEKAVNDGKLAATIAQLPDQIGAKGVETADKVLKGEKVQAKYPVDLKLVVKQ.	14643.31811	NONE		1	+40.6793:[55-67]	0		-	30	21	4.69468992e-08	-	-
40	/home/daniel/Desktop/datafiles/RealData/ecoli/DDA/20231102_DDA_720_1200_60minutes_RB3/20231102_DDA_720_1200_60minutes_RB3_ms2.msalign	193	4538	HCD	5297	3361.23	202	15	13769.29778	13768.52543	73	27	79700000.0	0.67154	3379.8	1	sp|P02925|RBSB_ECOLI	Ribose import binding protein RbsB OS=Escherichia coli (strain K12) OX=83333 GN=rbsB PE=1 SV=1	168	296		EGFQQAVAAHKFNVLASQPADFDRIKGLNVMQNLLTAHPDVQAVFAQNDEMALGALRALQTAGKSDVMVVGFDGTPDGEKAVNDGKLAATIAQLPDQIGAKGVETADKVLKGEKVQAKYPVDLKLVVKQ	G.EGFQQAVAAHKFNVLASQPADFDRIKGLNVMQNLLTAHPD(VQAVFAQ)[+122.3654]NDEMALGALRALQTAGKSDVMVVGFDGTPDGEKAVNDGKLAATIAQLPDQIGAKGVETADKVLKGEKVQAKYPVDLKLVVKQ.	13768.52543	NONE		1	+122.3654:[41-47]	0		-	25	20	1.765395068e-06	-	-
41	/home/daniel/Desktop/datafiles/RealData/ecoli/DDA/20231102_DDA_720_1200_60minutes_RB3/20231102_DDA_720_1200_60minutes_RB3_ms2.msalign	200	4547	HCD	5307	3364.35	183	18	14634.29472	14633.18237	69	22	69110000.0	0.55376	3377.2	1	sp|P02925|RBSB_ECOLI	Ribose import binding protein RbsB OS=Escherichia coli (strain K12) OX=83333 GN=rbsB PE=1 SV=1	159	296		GTSAARERGEGFQQAVAAHKFNVLASQPADFDRIKGLNVMQNLLTAHPDVQAVFAQNDEMALGALRALQTAGKSDVMVVGFDGTPDGEKAVNDGKLAATIAQLPDQIGAKGVETADKVLKGEKVQAKYPVDLKLVVKQ	A.GTSAARERGEGFQQAVAAHKFNVLASQPADFDRIKGL(NVMQNLLTAHPDVQAVF)[+101.5806]AQNDEMALGALRALQTAGKSDVMVVGFDGTPDGEKAVNDGKLAATIAQLPDQIGAKGVETADKVLKGEKVQAKYPVDLKLVVKQ.	14633.18237	NONE		1	+101.5806:[38-54]	0		-	29	20	8.84806936e-07	-	-
42	/home/daniel/Desktop/datafiles/RealData/ecoli/DDA/20231102_DDA_720_1200_60minutes_RB3/20231102_DDA_720_1200_60minutes_RB3_ms2.msalign	203	4551	HCD	5312	3366.28	162	29	28456.05508	28457.07061	12	10	426400000.0	0.86071	3374.8	1	sp|P02925|RBSB_ECOLI	Ribose import binding protein RbsB OS=Escherichia coli (strain K12) OX=83333 GN=rbsB PE=1 SV=1	26	296		KDTIALVVSTLNNPFFVSLKDGAQKEADKLGYNLVVLDSQNNPAKELANVQDLTVRGTKILLINPTDSDAVGNAVKMANQANIPVITLDRQATKGEVVSHIASDNVLGGKIAGDYIAKKAGEGAKVIELQGIAGTSAARERGEGFQQAVAAHKFNVLASQPADFDRIKGLNVMQNLLTAHPDVQAVFAQNDEMALGALRALQTAGKSDVMVVGFDGTPDGEKAVNDGKLAATIAQLPDQIGAKGVETADKVLKGEKVQAKYPVDLKLVVKQ	A.KDTIALVVSTLNNPFFVSLKDGAQKEADKLGYNLVVLDSQNNPAKELANVQDLTVRGTKILLINPTDSDAVGNAVKMANQANIPVITLDRQATKGEVVSHIASDNVLGGKIAGDYIAKKAGEGAKVIELQGIAGTSAARERGEGFQQAVAAHKFNVLASQPADFDRIKGLNVMQNLLTAHPDVQAVFAQNDEMALGALRALQTAGKSDVMVVGFDGTPDGEKAVNDGKLAATIAQLPDQIGAKGVETADKVLKGEKVQAKYPVDLKLVVKQ.	28457.07061	NONE		0		0		-	36	31	5.66124e-17	-	-
43	/home/daniel/Desktop/datafiles/RealData/ecoli/DDA/20231102_DDA_720_1200_60minutes_RB3/20231102_DDA_720_1200_60minutes_RB3_ms2.msalign	220	4573	HCD	5338	3375.61	129	19	14613.32895	14612.5266	52	26	51940000.0	0.73486	3377.2	1	sp|P02925|RBSB_ECOLI	Ribose import binding protein RbsB OS=Escherichia coli (strain K12) OX=83333 GN=rbsB PE=1 SV=1	158	296		AGTSAARERGEGFQQAVAAHKFNVLASQPADFDRIKGLNVMQNLLTAHPDVQAVFAQNDEMALGALRALQTAGKSDVMVVGFDGTPDGEKAVNDGKLAATIAQLPDQIGAKGVETADKVLKGEKVQAKYPVDLKLVVKQ	I.AGTSAARERGEGFQQAVAAHKFNVLASQPADFDRIKGLNVMQNLLTAHPDVQAVF(AQNDEMAL)[+9.8878]GALRALQTAGKSDVMVVGFDGTPDGEKAVNDGKLAATIAQLPDQIGAKGVETADKVLKGEKVQAKYPVDLKLVVKQ.	14612.5266	NONE		1	+9.8878:[56-63]	0		-	22	18	2.41028359e-08	-	-
44	/home/daniel/Desktop/datafiles/RealData/ecoli/DDA/20231102_DDA_720_1200_60minutes_RB3/20231102_DDA_720_1200_60minutes_RB3_ms2.msalign	227	4586	HCD	5353	3381.0	163	18	14229.5331	14230.81545	68	21	235200000.0	0.98276	3379.8	1	sp|P02925|RBSB_ECOLI	Ribose import binding protein RbsB OS=Escherichia coli (strain K12) OX=83333 GN=rbsB PE=1 SV=1	160	296		TSAARERGEGFQQAVAAHKFNVLASQPADFDRIKGLNVMQNLLTAHPDVQAVFAQNDEMALGALRALQTAGKSDVMVVGFDGTPDGEKAVNDGKLAATIAQLPDQIGAKGVETADKVLKGEKVQAKYPVDLKLVVKQ	G.TSAARERGEGFQQAVAAHKFNV(LASQPADFD)[-243.7648]RIKGLNVMQNLLTAHPDVQAVFAQNDEMALGALRALQTAGKSDVMVVGFDGTPDGEKAVNDGKLAATIAQLPDQIGAKGVETADKVLKGEKVQAKYPVDLKLVVKQ.	14230.81545	NONE		1	-243.7648:[23-31]	0		-	26	22	5.12502712e-07	-	-
45	/home/daniel/Desktop/datafiles/RealData/ecoli/DDA/20231102_DDA_720_1200_60minutes_RB3/20231102_DDA_720_1200_60minutes_RB3_ms2.msalign	233	4597	HCD	5366	3385.95	129	17	13823.23221	13823.50721	66	51	56850000.0	0.53917	3382.6	1	sp|P02925|RBSB_ECOLI	Ribose import binding protein RbsB OS=Escherichia coli (strain K12) OX=83333 GN=rbsB PE=1 SV=1	165	296		ERGEGFQQAVAAHKFNVLASQPADFDRIKGLNVMQNLLTAHPDVQAVFAQNDEMALGALRALQTAGKSDVMVVGFDGTPDGEKAVNDGKLAATIAQLPDQIGAKGVETADKVLKGEKVQAKYPVDLKLVVKQ	R.(ERGEGFQQAVAAHKFNVLASQPADFDRIKGLNVMQNLLTAHPDVQAVFAQNDE)[-164.8180]MALGALRALQTAGKSDVMVVGFDGTPDGEKAVNDGKLAATIAQLPDQIGAKGVETADKVLKGEKVQAKYPVDLKLVVKQ.	13823.50721	NONE		1	-164.8180:[1-53]	0		-	23	17	4.7853897e-07	-	-
46	/home/daniel/Desktop/datafiles/RealData/ecoli/DDA/20231102_DDA_720_1200_60minutes_RB3/20231102_DDA_720_1200_60minutes_RB3_ms2.msalign	234	4639	HCD	5415	3410.43	12	10	8388.12876	8387.13641	89	390	15950000.0	0.76156	3417.0	1	sp|P0AB14|YCCJ_ECOLI	Uncharacterized protein YccJ OS=Escherichia coli (strain K12) OX=83333 GN=yccJ PE=1 SV=1	1	75		MPTQEAKAHHVGEWASLRNTSPEIAEAIFEVAGYDEKMAEKIWEEGSDEVLVKAFAKTDKDSLFWGEQTIERKNV	.(MPTQEAKAHHVGEWASLRNTSPE)[-132.0431]IAEAIFEVAGYDEKMAEKIWEEGSDEVLVKAFAKTDKDSLFWGEQTIERKNV.	8387.13641	NONE		1	-132.0431:[1-23]	0		-	5	5	0.0002919704	-	-
47	/home/daniel/Desktop/datafiles/RealData/ecoli/DDA/20231102_DDA_720_1200_60minutes_RB3/20231102_DDA_720_1200_60minutes_RB3_ms2.msalign	236	4704	HCD	5491	3451.48	60	9	9265.67904	9265.68007	8	69	62530000.0	0.98681	3451.2	1	sp|P0AF36|ZAPB_ECOLI	Cell division protein ZapB OS=Escherichia coli (strain K12) OX=83333 GN=zapB PE=1 SV=1	4	81		SLEVFEKLEAKVQQAIDTITLLQMEIEELKEKNNSLSQEVQNAQHQREELERENNHLKEQQNGWQERLQALLGRMEEV	M.SLEVFEKLEAKVQQAIDTITLLQMEIEELKEKNNSLSQEVQNAQHQREELERENNHLKEQQNGWQERLQALLGRMEEV.	9265.68007	NONE		0		0		-	29	29	4.91865e-19	-	-
48	/home/daniel/Desktop/datafiles/RealData/ecoli/DDA/20231102_DDA_720_1200_60minutes_RB3/20231102_DDA_720_1200_60minutes_RB3_ms2.msalign	242	4804	HCD	5607	3516.87	10	12	11149.74361	11149.74371	39	127	30260000.0	0.9079	3521.9	1	sp|P0ACX3|YDHR_ECOLI	Putative monooxygenase YdhR OS=Escherichia coli (strain K12) OX=83333 GN=ydhR PE=1 SV=1	2	101		ATLLQLHFAFNGPFGDAMAEQLKPLAESINQEPGFLWKVWTESEKNHEAGGIYLFTDEKSALAYLEKHTARLKNLGVEEVVAKVFDVNEPLSQINQAKLA	M.ATLLQLHFAFNGPFGDAMAEQLKPLAESINQEPGFLWKVWTESEKNHEAGGIYLFTDEKSALAYLEKHTARLKNLGVEEVVAKVFDVNEPLSQINQAKLA.	11149.74371	NME		0		0		-	6	6	6.1662e-10	-	-
49	/home/daniel/Desktop/datafiles/RealData/ecoli/DDA/20231102_DDA_720_1200_60minutes_RB3/20231102_DDA_720_1200_60minutes_RB3_ms2.msalign	243	4816	HCD	5621	3524.49	62	12	11163.72069	11164.81804	93	166	9983000.0	0.6254	3517.7	1	sp|P0ACX3|YDHR_ECOLI	Putative monooxygenase YdhR OS=Escherichia coli (strain K12) OX=83333 GN=ydhR PE=1 SV=1	2	101		ATLLQLHFAFNGPFGDAMAEQLKPLAESINQEPGFLWKVWTESEKNHEAGGIYLFTDEKSALAYLEKHTARLKNLGVEEVVAKVFDVNEPLSQINQAKLA	M.ATLLQLHFAFNGPFGDAMAEQLK(PLAESINQEPGFLWKVWTESEKNHEAGGIYLFTDEKSALAYLEKH)[+15.0743]TARLKNLGVEEVVAKVFDVNEPLSQINQAKLA.	11164.81804	NME		1	+15.0743:[24-68]	0		-	10	9	0.0009324259	-	-
50	/home/daniel/Desktop/datafiles/RealData/ecoli/DDA/20231102_DDA_720_1200_60minutes_RB3/20231102_DDA_720_1200_60minutes_RB3_ms2.msalign	245	4827	HCD	5634	3531.09	88	11	11181.73962	11180.81727	94	164	11280000.0	0.78476	3532.9	1	sp|P0ACX3|YDHR_ECOLI	Putative monooxygenase YdhR OS=Escherichia coli (strain K12) OX=83333 GN=ydhR PE=1 SV=1	2	101		ATLLQLHFAFNGPFGDAMAEQLKPLAESINQEPGFLWKVWTESEKNHEAGGIYLFTDEKSALAYLEKHTARLKNLGVEEVVAKVFDVNEPLSQINQAKLA	M.ATLLQLHFAFNGPFGDAMAEQL(KPLAESINQEPGFLWKVWTESEKNHEAGGIYLFTDEKSALAYLEKHTARL)[+31.0736]KNLGVEEVVAKVFDVNEPLSQINQAKLA.	11180.81727	NME		1	+31.0736:[23-72]	0		-	12	10	0.0009782256	-	-
51	/home/daniel/Desktop/datafiles/RealData/ecoli/DDA/20231102_DDA_720_1200_60minutes_RB3/20231102_DDA_720_1200_60minutes_RB3_ms2.msalign	247	4872	HCD	5687	3559.99	82	21	18139.67441	18139.70441	23	131	32080000.0	0.65299	3559.7	1	sp|P69783|PTGA_ECOLI	PTS system glucose-specific EIIA component OS=Escherichia coli (strain K12) OX=83333 GN=crr PE=1 SV=2	2	169		GLFDKLKSLVSDDKKDTGTIEIIAPLSGEIVNIEDVPDVVFAEKIVGDGIAIKPTGNKMVAPVDGTIGKIFETNHAFSIESDSGVELFVHFGIDTVELKGEGFKRIAEEGQRVKVGDTVIEFDLPLLEEKAKSTLTPVVISNMDEIKELIKLSGSVTVGETPVIRIKK	M.GLFDKLKSLVSDDKKDTGTIEIIAPLSGEIVNIEDV(PDVVFAEKIVGDGIAIKPTGNKMVAPVDG)[+31.0022]TIGKIFETNHAFSIESDSGVELFVHFGIDTVELKGEGFKRIAEEGQRVKVGDTVIEFDLPLLEEKAKSTLTPVVISNMDEIKELIKLSGSVTVGETPVIRIKK.	18139.70441	NME		1	+31.0022:[37-65]	0		-	23	18	7.814765e-12	-	-
52	/home/daniel/Desktop/datafiles/RealData/ecoli/DDA/20231102_DDA_720_1200_60minutes_RB3/20231102_DDA_720_1200_60minutes_RB3_ms2.msalign	264	5020	HCD	5859	3652.87	201	20	18124.69217	18124.72217	15	66	149800000.0	0.99036	3650.4	1	sp|P69783|PTGA_ECOLI	PTS system glucose-specific EIIA component OS=Escherichia coli (strain K12) OX=83333 GN=crr PE=1 SV=2	2	169		GLFDKLKSLVSDDKKDTGTIEIIAPLSGEIVNIEDVPDVVFAEKIVGDGIAIKPTGNKMVAPVDGTIGKIFETNHAFSIESDSGVELFVHFGIDTVELKGEGFKRIAEEGQRVKVGDTVIEFDLPLLEEKAKSTLTPVVISNMDEIKELIKLSGSVTVGETPVIRIKK	M.GLFDKLKSLVSDDKKDTGTIEIIAPLSGEIVNIEDVPDVVFAEKI(VGDGIAIKPTGNKMVAPVDGTIG)[+16.0200]KIFETNHAFSIESDSGVELFVHFGIDTVELKGEGFKRIAEEGQRVKVGDTVIEFDLPLLEEKAKSTLTPVVISNMDEIKELIKLSGSVTVGETPVIRIKK.	18124.72217	NME		1	+16.0200:[46-68]	0		-	49	35	9.2265e-16	-	-
53	/home/daniel/Desktop/datafiles/RealData/ecoli/DDA/20231102_DDA_720_1200_60minutes_RB3/20231102_DDA_720_1200_60minutes_RB3_ms2.msalign	278	5058	HCD	5904	3674.1	231	21	18108.7034	18108.70216	9	17	318400000.0	0.99672	3679.3	1	sp|P69783|PTGA_ECOLI	PTS system glucose-specific EIIA component OS=Escherichia coli (strain K12) OX=83333 GN=crr PE=1 SV=2	2	169		GLFDKLKSLVSDDKKDTGTIEIIAPLSGEIVNIEDVPDVVFAEKIVGDGIAIKPTGNKMVAPVDGTIGKIFETNHAFSIESDSGVELFVHFGIDTVELKGEGFKRIAEEGQRVKVGDTVIEFDLPLLEEKAKSTLTPVVISNMDEIKELIKLSGSVTVGETPVIRIKK	M.GLFDKLKSLVSDDKKDTGTIEIIAPLSGEIVNIEDVPDVVFAEKIVGDGIAIKPTGNKMVAPVDGTIGKIFETNHAFSIESDSGVELFVHFGIDTVELKGEGFKRIAEEGQRVKVGDTVIEFDLPLLEEKAKSTLTPVVISNMDEIKELIKLSGSVTVGETPVIRIKK.	18108.70216	NME		0		0		-	51	38	1.37542e-18	-	-
54	/home/daniel/Desktop/datafiles/RealData/ecoli/DDA/20231102_DDA_720_1200_60minutes_RB3/20231102_DDA_720_1200_60minutes_RB3_ms2.msalign	304	5234	HCD	6109	3771.17	102	15	13545.11215	13545.12215	13	57	140400000.0	0.98533	3775.8	1	sp|P0AF93|RIDA_ECOLI	2-iminobutanoate/2-iminopropanoate deaminase OS=Escherichia coli (strain K12) OX=83333 GN=ridA PE=1 SV=2	2	128		SKTIATENAPAAIGPYVQGVDLGNMIITSGQIPVNPKTGEVPADVAAQARQSLDNVKAIVEAAGLKVGDIVKTTVFVKDLNDFATVNATYEAFFTEHNATFPARSCVEVARLPKDVKIEIEAIAVRR	M.SKTIATENAPAAIGPYVQGVDLG(NM)[+15.9982]IITSGQIPVNPKTGEVPADVAAQARQSLDNVKAIVEAAGLKVGDIVKTTVFVKDLNDFATVNATYEAFFTEHNATFPARS(C)[Carbamidomethylation]VEVARLPKDVKIEIEAIAVRR.	13545.12215	NME	Carbamidomethylation:[106]	1	+15.9982:[24-25]	0		-	41	27	1.3497372000000002e-16	-	-
55	/home/daniel/Desktop/datafiles/RealData/ecoli/DDA/20231102_DDA_720_1200_60minutes_RB3/20231102_DDA_720_1200_60minutes_RB3_ms2.msalign	332	5332	HCD	6223	3826.52	198	15	13529.11819	13529.12398	1	1	1482000000.0	0.99897	3830.2	1	sp|P0AF93|RIDA_ECOLI	2-iminobutanoate/2-iminopropanoate deaminase OS=Escherichia coli (strain K12) OX=83333 GN=ridA PE=1 SV=2	2	128		SKTIATENAPAAIGPYVQGVDLGNMIITSGQIPVNPKTGEVPADVAAQARQSLDNVKAIVEAAGLKVGDIVKTTVFVKDLNDFATVNATYEAFFTEHNATFPARSCVEVARLPKDVKIEIEAIAVRR	M.SKTIATENAPAAIGPYVQGVDLGNMIITSGQIPVNPKTGEVPADVAAQARQSLDNVKAIVEAAGLKVGDIVKTTVFVKDLNDFATVNATYEAFFTEHNATFPARS(C)[Carbamidomethylation]VEVARLPKDVKIEIEAIAVRR.	13529.12398	NME	Carbamidomethylation:[106]	0		0		-	78	47	1.5023e-24	-	-
56	/home/daniel/Desktop/datafiles/RealData/ecoli/DDA/20231102_DDA_720_1200_60minutes_RB3/20231102_DDA_720_1200_60minutes_RB3_ms2.msalign	341	5354	HCD	6249	3838.26	98	23	18598.65338	18599.02338	72	85	76360000.0	0.8539	3836.9	1	sp|P0ABT2|DPS_ECOLI	DNA protection during starvation protein OS=Escherichia coli (strain K12) OX=83333 GN=dps PE=1 SV=2	2	167		STAKLVKSKATNLLYTRNDVSDSEKKATVELLNRQVIQFIDLSLITKQAHWNMRGANFIAVHEMLDGFRTALIDHLDTMAERAVQLGGVALGTTQVINSKTPLKSYPLDIHNVQDHLKELADRYAIVANDVRKAIGEAKDDDTADILTAASRDLDKFLWFIESNIE	M.STAKLVKSKATNLLYTRNDVSDSEKKATVELLNRQVIQ(FIDLSLITKQAHWNMRGANFIAVHEMLDGFRTALIDHLDTMAERAVQLGGVALGTTQVINSKTPLKSYPLDIHNVQDHLKELADRYAIVANDVRKAIGEAKDDDTADILTAASRDLDKFLWFIESNIE)[+46.3267].	18599.02338	NME		1	+46.3267:[39-166]	0		-	19	14	1.1257539e-06	-	-
57	/home/daniel/Desktop/datafiles/RealData/ecoli/DDA/20231102_DDA_720_1200_60minutes_RB3/20231102_DDA_720_1200_60minutes_RB3_ms2.msalign	345	5364	HCD	6261	3843.61	72	7	6205.88459	6206.00459	48	116	18180000.0	0.54143	3840.4	1	sp|P0ABT2|DPS_ECOLI	DNA protection during starvation protein OS=Escherichia coli (strain K12) OX=83333 GN=dps PE=1 SV=2	2	59		STAKLVKSKATNLLYTRNDVSDSEKKATVELLNRQVIQFIDLSLITKQAHWNMRGANF	M.STAKLVKSKATNLLYTRNDVSDSEKKATVELLNRQVIQ(FIDLSLITKQAHWNMRGANF)[-397.5342].I	6206.00459	NME		1	-397.5342:[39-58]	0		-	19	13	1.588658484e-08	-	-
58	/home/daniel/Desktop/datafiles/RealData/ecoli/DDA/20231102_DDA_720_1200_60minutes_RB3/20231102_DDA_720_1200_60minutes_RB3_ms2.msalign	348	5380	HCD	6279	3851.67	52	21	18632.65138	18633.02138	61	73	65160000.0	0.68117	3833.5	1	sp|P0ABT2|DPS_ECOLI	DNA protection during starvation protein OS=Escherichia coli (strain K12) OX=83333 GN=dps PE=1 SV=2	2	167		STAKLVKSKATNLLYTRNDVSDSEKKATVELLNRQVIQFIDLSLITKQAHWNMRGANFIAVHEMLDGFRTALIDHLDTMAERAVQLGGVALGTTQVINSKTPLKSYPLDIHNVQDHLKELADRYAIVANDVRKAIGEAKDDDTADILTAASRDLDKFLWFIESNIE	M.STAKLVKSKATNLLYTRNDVSDSEKKATVELLNRQVIQF(IDLSLITKQAHWNMRGANFIAVHEMLDGFRTALIDHLDTMAERAVQLGGVALGTTQVINSKTPLKSYPLDIHNVQDHLKELADRYAIVAND)[+80.3247]VRKAIGEAKDDDTADILTAASRDLDKFLWFIESNIE.	18633.02138	NME		1	+80.3247:[40-130]	0		-	18	12	9.53304e-08	-	-
59	/home/daniel/Desktop/datafiles/RealData/ecoli/DDA/20231102_DDA_720_1200_60minutes_RB3/20231102_DDA_720_1200_60minutes_RB3_ms2.msalign	355	5695	HCD	6647	4035.91	230	22	18550.67182	18551.69417	77	114	25370000.0	0.52649	4065.2	1	sp|P0ABT2|DPS_ECOLI	DNA protection during starvation protein OS=Escherichia coli (strain K12) OX=83333 GN=dps PE=1 SV=2	2	167		STAKLVKSKATNLLYTRNDVSDSEKKATVELLNRQVIQFIDLSLITKQAHWNMRGANFIAVHEMLDGFRTALIDHLDTMAERAVQLGGVALGTTQVINSKTPLKSYPLDIHNVQDHLKELADRYAIVANDVRKAIGEAKDDDTADILTAASRDLDKFLWFIESNIE	M.STAKLVKSKATNLLYTRNDVSDSEKKATVELLNRQVIQFIDLSLITKQAHWNMRGANFIAVHEMLDGFRTALIDHLDTMAERAVQLGGVALGTTQVINSKTPLKSYPLDIHNVQDHL(KELADRYAIVAND)[-1.0025]VRKAIGEAKDDDTADILTAASRDLDKFLWFIESNIE.	18551.69417	NME		1	-1.0025:[118-130]	0		-	29	20	5.683416e-06	-	-
60	/home/daniel/Desktop/datafiles/RealData/ecoli/DDA/20231102_DDA_720_1200_60minutes_RB3/20231102_DDA_720_1200_60minutes_RB3_ms2.msalign	358	5724	HCD	6681	4053.37	47	10	9300.83385	9301.01885	90	383	8460000.0	0.5714	4045.8	1	sp|P0ABT2|DPS_ECOLI	DNA protection during starvation protein OS=Escherichia coli (strain K12) OX=83333 GN=dps PE=1 SV=2	2	79		STAKLVKSKATNLLYTRNDVSDSEKKATVELLNRQVIQFIDLSLITKQAHWNMRGANFIAVHEMLDGFRTALIDHLDT	M.STAKLVKSKATNLLYTRNDVSDSEKKATVELLNRQVIQ(FIDLSLITKQAHWNMRGANFIAVHEMLDGFRTALIDHLDT)[+449.3490].M	9301.01885	NME		1	+449.3490:[39-78]	0		-	13	9	0.0003677792512	-	-
61	/home/daniel/Desktop/datafiles/RealData/ecoli/DDA/20231102_DDA_720_1200_60minutes_RB3/20231102_DDA_720_1200_60minutes_RB3_ms2.msalign	362	5784	HCD	6751	4092.63	91	21	19713.60774	19714.63509	24	105	35540000.0	0.73732	4088.3	1	sp|P69503|APT_ECOLI	Adenine phosphoribosyltransferase OS=Escherichia coli (strain K12) OX=83333 GN=apt PE=1 SV=1	2	183		TATAQQLEYLKNSIKSIQDYPKPGILFRDVTSLLEDPKAYALSIDLLVERYKNAGITKVVGTEARGFLFGAPVALGLGVGFVPVRKPGKLPRETISETYDLEYGTDQLEIHVDAIKPGDKVLVVDDLLATGGTIEATVKLIRRLGGEVADAAFIINLFDLGGEQRLEKQGITSYSLVPFPGH	M.TATAQQLEYLKNSIKSIQDYPKPGILFRDVTSLLED(PKAYALSIDLLVERYKNAGITKVVGTEARGFLFG)[-0.9825]APVALGLGVGFVPVRKPGKLPRETISETYDLEYGTDQLEIHVDAIKPGDKVLVVDDLLATGGTIEATVKLIRRLGGEVADAAFIINLFDLGGEQRLEKQGITSYSLVPFPGH.	19714.63509	NME		1	-0.9825:[37-70]	0		-	29	22	8.11734e-12	-	-
62	/home/daniel/Desktop/datafiles/RealData/ecoli/DDA/20231102_DDA_720_1200_60minutes_RB3/20231102_DDA_720_1200_60minutes_RB3_ms2.msalign	364	5961	HCD	6957	4211.23	48	9	10726.23108	10727.23998	7	135	10580000.0	0.52814	4213.3	1	sp|P64479|YDIZ_ECOLI	Uncharacterized protein YdiZ OS=Escherichia coli (strain K12) OX=83333 GN=ydiZ PE=4 SV=1	2	96		ASGDLVRYVITVMLHEDTLTEINELNNYLTRDGFLLTMTDDEGNIHELGTNTFGLISTQSEEEIRELVSGLTQSATGKDPEITITTWEEWNSNRK	M.ASGDLVRYVITVMLHEDTLTEINELNNYLTRDGFLLTMTDDEGNIHELGTNTFGLISTQSEEEIRELVSGLTQSATGKDPEITITTWEEWNSNRK.	10727.23998	NME		0		0		-	25	22	2.9965000000000003e-19	-	-
63	/home/daniel/Desktop/datafiles/RealData/ecoli/DDA/20231102_DDA_720_1200_60minutes_RB3/20231102_DDA_720_1200_60minutes_RB3_ms2.msalign	365	6008	HCD	7012	4244.68	43	8	8152.24339	8152.247776	11	334	11540000.0	0.81391	4247.5	1	sp|P0AD24|YEJL_ECOLI	UPF0352 protein YejL OS=Escherichia coli (strain K12) OX=83333 GN=yejL PE=1 SV=1	2	75		PQISRYSDEQVEQLLAELLNVLEKHKAPTDLSLMVLGNMVTNLINTSIAPAQRQAIANSFARALQSSINEDKAH	M.PQISRYSDEQVEQLLAELLNVLEKHKAPTDLSLMVLGNMVTNLINTSIAPAQRQAIANSFARALQSSINEDKAH.	8152.247776	NME		0		0		-	24	21	6.7274e-18	-	-
64	/home/daniel/Desktop/datafiles/RealData/ecoli/DDA/20231102_DDA_720_1200_60minutes_RB3/20231102_DDA_720_1200_60minutes_RB3_ms2.msalign	367	6066	HCD	7080	4285.95	74	16	16146.58262	16145.56527	17	112	36040000.0	0.96525	4298.4	1	sp|P61714|RISB_ECOLI	6,7-dimethyl-8-ribityllumazine synthase OS=Escherichia coli (strain K12) OX=83333 GN=ribE PE=1 SV=1	1	156		MNIIEANVATPDARVAITIARFNNFINDSLLEGAIDALKRIGQVKDENITVVWVPGAYELPLAAGALAKTGKYDAVIALGTVIRGGTAHFEYVAGGASNGLAHVAQDSEIPVAFGVLTTESIEQAIERAGTKAGNKGAEAALTALEMINVLKAIKA	.MNIIEANVATPDARVAITIARFNNFINDSL(LEGAIDALKRIGQVK)[-1.0179]DENITVVWVPGAYELPLAAGALAKTGKYDAVIALGTVIRGGTAHFEYVAGGASNGLAHVAQDSEIPVAFGVLTTESIEQAIERAGTKAGNKGAEAALTALEMINVLKAIKA.	16145.56527	NONE		1	-1.0179:[31-45]	0		-	26	21	1.6699878e-14	-	-
65	/home/daniel/Desktop/datafiles/RealData/ecoli/DDA/20231102_DDA_720_1200_60minutes_RB3/20231102_DDA_720_1200_60minutes_RB3_ms2.msalign	379	6222	HCD	7262	4392.53	67	11	12213.48066	12214.49301	16	152	20820000.0	0.90552	4410.0	1	sp|P0A7K2|RL7_ECOLI	Large ribosomal subunit protein bL12 OS=Escherichia coli (strain K12) OX=83333 GN=rplL PE=1 SV=2	2	121		SITKDQIIEAVAAMSVMDVVELISAMEEKFGVSAAAAVAVAAGPVEAAEEKTEFDVILKAAGANKVAVIKAVRGATGLGLKEAKDLVESAPAALKEGVSKDDAEALKKALEEAGAEVEVK	M.[Acetyl]-SITKDQIIEAVAAMS(VMDVVELISAMEEKFG)[+16.0102]VSAAAAVAVAAGPVEAAEEKTEFDVILKAAGANKVAVIKAVRGATGLGLKEAKDLVESAPAALKEGVSKDDAEALKKALEEAGAEVEVK.	12214.49301	NME_ACETYLATION		1	+16.0102:[16-31]	0		-	35	26	1.316331e-14	-	-
66	/home/daniel/Desktop/datafiles/RealData/ecoli/DDA/20231102_DDA_720_1200_60minutes_RB3/20231102_DDA_720_1200_60minutes_RB3_ms2.msalign	383	6253	HCD	7298	4415.53	61	15	17854.21115	17854.56615	40	220	6321000.0	0.90595	4414.6	1	sp|P0A862|TPX_ECOLI	Thiol peroxidase OS=Escherichia coli (strain K12) OX=83333 GN=tpx PE=1 SV=2	2	168		SQTVHFQGNPVTVANSIPQAGSKAQTFTLVAKDLSDVTLGQFAGKRKVLNIFPSIDTGVCAASVRKFNQLATEIDNTVVLCISADLPFAQSRFCGAEGLNNVITLSTFRNAEFLQAYGVAIADGPLKGLAARAVVVIDENDNVIFSQLVDEITTEPDYEAALAVLKA	M.SQTVHFQGNPVTVANSIPQAGSKAQTFTLVAKDLSDVTLGQFAGKRKVLNIFPSIDTGV(C)[Carbamidomethylation]AASVRKFNQLATEIDNTVVL(C)[Carbamidomethylation]ISADLPFAQSRF(C)[Carbamidomethylation]GAEGLN(NVITLSTFRNAEFLQAYGVAIADGPLKGLAARAVVVIDENDNVIFSQLVDEI)[-9.6736]TTEPDYEAALAVLKA.	17854.56615	NME	Carbamidomethylation:[60];Carbamidomethylation:[81];Carbamidomethylation:[94]	1	-9.6736:[101-152]	0		-	22	17	1.1789856e-09	-	-
67	/home/daniel/Desktop/datafiles/RealData/ecoli/DDA/20231102_DDA_720_1200_60minutes_RB3/20231102_DDA_720_1200_60minutes_RB3_ms2.msalign	385	6256	HCD	7301	4417.48	27	16	18031.23254	18031.59254	64	281	6743000.0	0.67882	4436.8	1	sp|P0A862|TPX_ECOLI	Thiol peroxidase OS=Escherichia coli (strain K12) OX=83333 GN=tpx PE=1 SV=2	2	168		SQTVHFQGNPVTVANSIPQAGSKAQTFTLVAKDLSDVTLGQFAGKRKVLNIFPSIDTGVCAASVRKFNQLATEIDNTVVLCISADLPFAQSRFCGAEGLNNVITLSTFRNAEFLQAYGVAIADGPLKGLAARAVVVIDENDNVIFSQLVDEITTEPDYEAALAVLKA	M.SQTVHFQGNPVTVA(NSIPQAGSKAQTFTLVAKDLSDVTLGQFAGKRKVLNIFPSIDTGV(C)[Carbamidomethylation]AASVRKFNQLATEIDNTVVL(C)[Carbamidomethylation]ISADLPFAQSRF(C)[Carbamidomethylation]GAEGLNNVITLSTFRNAEFLQAYGVAIADGPLKGLAARAVVVIDENDNVIFSQLVDEITT)[+167.3528]EPDYEAALAVLKA.	18031.59254	NME	Carbamidomethylation:[60];Carbamidomethylation:[81];Carbamidomethylation:[94]	1	+167.3528:[15-154]	0		-	10	9	1.6566991e-07	-	-
68	/home/daniel/Desktop/datafiles/RealData/ecoli/DDA/20231102_DDA_720_1200_60minutes_RB3/20231102_DDA_720_1200_60minutes_RB3_ms2.msalign	389	6266	HCD	7313	4425.05	50	16	18199.22294	18199.58294	80	352	8337000.0	0.86321	4418.9	1	sp|P0A862|TPX_ECOLI	Thiol peroxidase OS=Escherichia coli (strain K12) OX=83333 GN=tpx PE=1 SV=2	2	168		SQTVHFQGNPVTVANSIPQAGSKAQTFTLVAKDLSDVTLGQFAGKRKVLNIFPSIDTGVCAASVRKFNQLATEIDNTVVLCISADLPFAQSRFCGAEGLNNVITLSTFRNAEFLQAYGVAIADGPLKGLAARAVVVIDENDNVIFSQLVDEITTEPDYEAALAVLKA	M.SQTVHFQGNPVTVANS(IPQAGSKAQTFTLVAKDLSDVTLGQFAGKRKVLNIFPSIDTGV(C)[Carbamidomethylation]AASVRKFNQLATEIDNTVVL(C)[Carbamidomethylation]ISADLPFAQSRF(C)[Carbamidomethylation]GAEGLNNVITLSTFRNAEFLQAYGVAIADGPLKGLAARAVVVIDENDNVIFSQLVDEITT)[+335.3432]EPDYEAALAVLKA.	18199.58294	NME	Carbamidomethylation:[60];Carbamidomethylation:[81];Carbamidomethylation:[94]	1	+335.3432:[17-154]	0		-	12	10	1.0084085e-05	-	-
69	/home/daniel/Desktop/datafiles/RealData/ecoli/DDA/20231102_DDA_720_1200_60minutes_RB3/20231102_DDA_720_1200_60minutes_RB3_ms2.msalign	399	6298	HCD	7350	4448.72	87	17	18015.23649	18015.36149	56	77	35460000.0	0.99577	4458.6	1	sp|P0A862|TPX_ECOLI	Thiol peroxidase OS=Escherichia coli (strain K12) OX=83333 GN=tpx PE=1 SV=2	2	168		SQTVHFQGNPVTVANSIPQAGSKAQTFTLVAKDLSDVTLGQFAGKRKVLNIFPSIDTGVCAASVRKFNQLATEIDNTVVLCISADLPFAQSRFCGAEGLNNVITLSTFRNAEFLQAYGVAIADGPLKGLAARAVVVIDENDNVIFSQLVDEITTEPDYEAALAVLKA	M.SQTVHFQGNPVTVANSIPQAGSKAQTFTLVAKDLSDVTLGQFAGKRKVLNIFPSIDTGV(C)[Carbamidomethylation]AASVRKFNQLATEIDNTVVL(C)[Carbamidomethylation]ISADLPFAQSRF(C)[Carbamidomethylation]GAEGLNNVIT(LSTFRNAEFLQAYGVAIADGPLKGLAARAVVVIDENDNV)[+151.1217]IFSQLVDEITTEPDYEAALAVLKA.	18015.36149	NME	Carbamidomethylation:[60];Carbamidomethylation:[81];Carbamidomethylation:[94]	1	+151.1217:[105-143]	0		-	24	18	3.692544e-08	-	-
70	/home/daniel/Desktop/datafiles/RealData/ecoli/DDA/20231102_DDA_720_1200_60minutes_RB3/20231102_DDA_720_1200_60minutes_RB3_ms2.msalign	406	6314	HCD	7369	4460.27	25	15	17956.2029	17956.5579	59	376	6873000.0	0.71903	4445.8	1	sp|P0A862|TPX_ECOLI	Thiol peroxidase OS=Escherichia coli (strain K12) OX=83333 GN=tpx PE=1 SV=2	2	168		SQTVHFQGNPVTVANSIPQAGSKAQTFTLVAKDLSDVTLGQFAGKRKVLNIFPSIDTGVCAASVRKFNQLATEIDNTVVLCISADLPFAQSRFCGAEGLNNVITLSTFRNAEFLQAYGVAIADGPLKGLAARAVVVIDENDNVIFSQLVDEITTEPDYEAALAVLKA	M.SQTVHFQGNPVTVANSIPQAGSKAQTFTLVAKDLSDVTLGQFAGKRKVLNIFPSIDTGV(C)[Carbamidomethylation]AASVRKFNQLATEIDNTV(VL(C)[Carbamidomethylation]ISADLPFAQSRF(C)[Carbamidomethylation]GAEGLNNVITLSTFRNAEFLQAYGVAIADGPLKGLAARAVVVIDENDNVIFSQLVDEITT)[+92.3181]EPDYEAALAVLKA.	17956.5579	NME	Carbamidomethylation:[60];Carbamidomethylation:[81];Carbamidomethylation:[94]	1	+92.3181:[79-154]	0		-	9	9	8.808136e-08	-	-
71	/home/daniel/Desktop/datafiles/RealData/ecoli/DDA/20231102_DDA_720_1200_60minutes_RB3/20231102_DDA_720_1200_60minutes_RB3_ms2.msalign	408	6319	HCD	7375	4464.2	88	15	17862.2381	17862.2781	37	178	20720000.0	0.96732	4472.1	1	sp|P0A862|TPX_ECOLI	Thiol peroxidase OS=Escherichia coli (strain K12) OX=83333 GN=tpx PE=1 SV=2	2	168		SQTVHFQGNPVTVANSIPQAGSKAQTFTLVAKDLSDVTLGQFAGKRKVLNIFPSIDTGVCAASVRKFNQLATEIDNTVVLCISADLPFAQSRFCGAEGLNNVITLSTFRNAEFLQAYGVAIADGPLKGLAARAVVVIDENDNVIFSQLVDEITTEPDYEAALAVLKA	M.SQTVHFQGNPVTVANSIPQAGSKAQTFTLVAKDLSDVTLGQFAGKRKVLNIFPSIDTGV(C)[Carbamidomethylation]AASVRKFNQLATEIDNTVVL(C)[Carbamidomethylation]ISADLPFAQSRF(C)[Carbamidomethylation]GAEGLNNVI(TLSTFRNAEFLQAYGVAIADGPLKGLAARAVVVIDENDNVIFSQLVDEITT)[-1.9617]EPDYEAALAVLKA.	17862.2781	NME	Carbamidomethylation:[60];Carbamidomethylation:[81];Carbamidomethylation:[94]	1	-1.9617:[104-154]	0		-	27	20	4.34792e-10	-	-
72	/home/daniel/Desktop/datafiles/RealData/ecoli/DDA/20231102_DDA_720_1200_60minutes_RB3/20231102_DDA_720_1200_60minutes_RB3_ms2.msalign	409	6321	HCD	7377	4465.52	47	16	18168.22374	18169.58609	31	271	9105000.0	0.89599	4450.0	1	sp|P0A862|TPX_ECOLI	Thiol peroxidase OS=Escherichia coli (strain K12) OX=83333 GN=tpx PE=1 SV=2	2	168		SQTVHFQGNPVTVANSIPQAGSKAQTFTLVAKDLSDVTLGQFAGKRKVLNIFPSIDTGVCAASVRKFNQLATEIDNTVVLCISADLPFAQSRFCGAEGLNNVITLSTFRNAEFLQAYGVAIADGPLKGLAARAVVVIDENDNVIFSQLVDEITTEPDYEAALAVLKA	M.SQTVHFQGNPVTVANSIPQAGSKAQTFTLVAKDLSDVTLGQFAGKRKVLNIFPSIDTGV(C)[Carbamidomethylation]AASVRKFNQLATEIDNTVV(L(C)[Carbamidomethylation]ISADLPFAQSRF(C)[Carbamidomethylation]GAEGLNNVITLSTFRNAEFLQAYGVAIADGPLKGLAARAVVVIDENDNVIFSQLVDEIT)[+305.3463]TEPDYEAALAVLKA.	18169.58609	NME	Carbamidomethylation:[60];Carbamidomethylation:[81];Carbamidomethylation:[94]	1	+305.3463:[80-153]	0		-	17	14	8.020075e-11	-	-
73	/home/daniel/Desktop/datafiles/RealData/ecoli/DDA/20231102_DDA_720_1200_60minutes_RB3/20231102_DDA_720_1200_60minutes_RB3_ms2.msalign	423	6372	HCD	7437	4504.18	28	11	12254.50505	12254.75005	60	211	30000000.0	0.99276	4485.7	1	sp|P0A7K2|RL7_ECOLI	Large ribosomal subunit protein bL12 OS=Escherichia coli (strain K12) OX=83333 GN=rplL PE=1 SV=2	2	121		SITKDQIIEAVAAMSVMDVVELISAMEEKFGVSAAAAVAVAAGPVEAAEEKTEFDVILKAAGANKVAVIKAVRGATGLGLKEAKDLVESAPAALKEGVSKDDAEALKKALEEAGAEVEVK	M.[Acetyl]-SITKDQIIEAVA(AMSVMDVVELISAMEEKFGVSAAAA)[+56.2672]VAVAAGPVEAAEEKTEFDVILKAAGANKVAVIKAVRGATGLGLKEAKDLVESAPAALKEGVSKDDAEALKKALEEAGAEVEVK.	12254.75005	NME_ACETYLATION		1	+56.2672:[13-37]	0		-	11	11	9.210236e-08	-	-
74	/home/daniel/Desktop/datafiles/RealData/ecoli/DDA/20231102_DDA_720_1200_60minutes_RB3/20231102_DDA_720_1200_60minutes_RB3_ms2.msalign	425	6383	HCD	7449	4512.14	38	15	17925.2135	17925.5685	47	353	8160000.0	0.90648	4517.5	1	sp|P0A862|TPX_ECOLI	Thiol peroxidase OS=Escherichia coli (strain K12) OX=83333 GN=tpx PE=1 SV=2	2	168		SQTVHFQGNPVTVANSIPQAGSKAQTFTLVAKDLSDVTLGQFAGKRKVLNIFPSIDTGVCAASVRKFNQLATEIDNTVVLCISADLPFAQSRFCGAEGLNNVITLSTFRNAEFLQAYGVAIADGPLKGLAARAVVVIDENDNVIFSQLVDEITTEPDYEAALAVLKA	M.SQTVHFQGNPVTVANSIPQAGSKAQTFTLVAKDLSDVTLGQFAGKRKVLNIFPSIDTGV(C)[Carbamidomethylation]AASVRKFNQLATEIDNTVVL((C)[Carbamidomethylation]ISADLPFAQSRF(C)[Carbamidomethylation]GAEGLNNVITLSTFRNAEFLQAYGVAIADGPLKGLAARAVVVIDENDNVIFSQLVDEITT)[+61.3287]EPDYEAALAVLKA.	17925.5685	NME	Carbamidomethylation:[60];Carbamidomethylation:[81];Carbamidomethylation:[94]	1	+61.3287:[81-154]	0		-	16	12	1.483164e-08	-	-
75	/home/daniel/Desktop/datafiles/RealData/ecoli/DDA/20231102_DDA_720_1200_60minutes_RB3/20231102_DDA_720_1200_60minutes_RB3_ms2.msalign	427	6391	HCD	7459	4518.57	60	15	17897.21855	17897.30355	41	107	31070000.0	0.98934	4530.9	1	sp|P0A862|TPX_ECOLI	Thiol peroxidase OS=Escherichia coli (strain K12) OX=83333 GN=tpx PE=1 SV=2	2	168		SQTVHFQGNPVTVANSIPQAGSKAQTFTLVAKDLSDVTLGQFAGKRKVLNIFPSIDTGVCAASVRKFNQLATEIDNTVVLCISADLPFAQSRFCGAEGLNNVITLSTFRNAEFLQAYGVAIADGPLKGLAARAVVVIDENDNVIFSQLVDEITTEPDYEAALAVLKA	M.SQTVHFQGNPVTVANSIPQAGSKAQTFTLVAKDLSDVTLGQFAGKRKVLNIFPSIDTGV(C)[Carbamidomethylation]AASVRKFNQLATEIDNTVVL(C)[Carbamidomethylation]ISADLPFAQSRF(C)[Carbamidomethylation]GAEGLNNVITLSTFRNAEFLQAYGVAIADGPLKGLAARAVVVIDEND(NVIFSQLVDEI)[+33.0638]TTEPDYEAALAVLKA.	17897.30355	NME	Carbamidomethylation:[60];Carbamidomethylation:[81];Carbamidomethylation:[94]	1	+33.0638:[142-152]	0		-	19	16	3.01077e-09	-	-
76	/home/daniel/Desktop/datafiles/RealData/ecoli/DDA/20231102_DDA_720_1200_60minutes_RB3/20231102_DDA_720_1200_60minutes_RB3_ms2.msalign	434	6408	HCD	7479	4531.2	45	16	18048.20518	18048.56518	42	355	6328000.0	0.87283	4521.9	1	sp|P0A862|TPX_ECOLI	Thiol peroxidase OS=Escherichia coli (strain K12) OX=83333 GN=tpx PE=1 SV=2	2	168		SQTVHFQGNPVTVANSIPQAGSKAQTFTLVAKDLSDVTLGQFAGKRKVLNIFPSIDTGVCAASVRKFNQLATEIDNTVVLCISADLPFAQSRFCGAEGLNNVITLSTFRNAEFLQAYGVAIADGPLKGLAARAVVVIDENDNVIFSQLVDEITTEPDYEAALAVLKA	M.SQTVHFQGNPVTVANSIPQAGSKAQTFTLVAKDLSDVTLGQFAGKRKVLNIFPSIDTGV(C)[Carbamidomethylation]AASVRKFNQLATEIDNTVVL((C)[Carbamidomethylation]ISADLPFAQSRF(C)[Carbamidomethylation]GAEGLNNVITLSTFRNAEFLQAYGVAIADGPLKGLAARAVVVIDENDNV)[+184.3254]IFSQLVDEITTEPDYEAALAVLKA.	18048.56518	NME	Carbamidomethylation:[60];Carbamidomethylation:[81];Carbamidomethylation:[94]	1	+184.3254:[81-143]	0		-	14	13	8.915694e-09	-	-
77	/home/daniel/Desktop/datafiles/RealData/ecoli/DDA/20231102_DDA_720_1200_60minutes_RB3/20231102_DDA_720_1200_60minutes_RB3_ms2.msalign	437	6422	HCD	7495	4541.76	10	15	17774.2424	17774.5974	71	309	5600000.0	0.9614	4558.2	1	sp|P0A862|TPX_ECOLI	Thiol peroxidase OS=Escherichia coli (strain K12) OX=83333 GN=tpx PE=1 SV=2	2	168		SQTVHFQGNPVTVANSIPQAGSKAQTFTLVAKDLSDVTLGQFAGKRKVLNIFPSIDTGVCAASVRKFNQLATEIDNTVVLCISADLPFAQSRFCGAEGLNNVITLSTFRNAEFLQAYGVAIADGPLKGLAARAVVVIDENDNVIFSQLVDEITTEPDYEAALAVLKA	M.SQTVHFQGNPVTVANSIPQAGSKAQTFTLVAKDLSDVTLGQFAGKRKVLNIFPSIDTGV(C)[Carbamidomethylation]AASVRKFNQLATEIDNTV(VL(C)[Carbamidomethylation]ISADLPFAQSRF(C)[Carbamidomethylation]GAEGLNNVITLSTFRNAEFLQAYGVAIADGPLKGLAARAVVVIDENDNVIFSQLVDEITTE)[-89.6424]PDYEAALAVLKA.	17774.5974	NME	Carbamidomethylation:[60];Carbamidomethylation:[81];Carbamidomethylation:[94]	1	-89.6424:[79-155]	0		-	6	6	1.097244e-06	-	-
78	/home/daniel/Desktop/datafiles/RealData/ecoli/DDA/20231102_DDA_720_1200_60minutes_RB3/20231102_DDA_720_1200_60minutes_RB3_ms2.msalign	444	6447	HCD	7524	4560.65	30	14	12155.46711	12155.47211	6	99	59880000.0	0.9985	4580.2	1	sp|P0A7K2|RL7_ECOLI	Large ribosomal subunit protein bL12 OS=Escherichia coli (strain K12) OX=83333 GN=rplL PE=1 SV=2	2	121		SITKDQIIEAVAAMSVMDVVELISAMEEKFGVSAAAAVAVAAGPVEAAEEKTEFDVILKAAGANKVAVIKAVRGATGLGLKEAKDLVESAPAALKEGVSKDDAEALKKALEEAGAEVEVK	M.SITKDQIIEAVAAMSVMDVVELISAMEEKFGVSAAAAVAVAAGPVEAAEEKTEFDVILKAAGANKV(AVIKAVRGATGLGLKEAKDLV)[-1.0002]ESAPAALKEGVSKDDAEALKKALEEAGAEVEVK.	12155.47211	NME		1	-1.0002:[67-87]	0		-	23	19	2.98836e-19	-	-
79	/home/daniel/Desktop/datafiles/RealData/ecoli/DDA/20231102_DDA_720_1200_60minutes_RB3/20231102_DDA_720_1200_60minutes_RB3_ms2.msalign	464	6490	HCD	7574	4592.0	27	11	12286.48689	12287.51276	34	532	5946000.0	0.85899	4584.6	1	sp|P0A7K2|RL7_ECOLI	Large ribosomal subunit protein bL12 OS=Escherichia coli (strain K12) OX=83333 GN=rplL PE=1 SV=2	1	121		MSITKDQIIEAVAAMSVMDVVELISAMEEKFGVSAAAAVAVAAGPVEAAEEKTEFDVILKAAGANKVAVIKAVRGATGLGLKEAKDLVESAPAALKEGVSKDDAEALKKALEEAGAEVEVK	.MSITKDQIIEAVAAMSVMDVVELISAMEEKFGVSAAAAVAVAAGPVEAAEEKTEFDVILKAAGANKVAVIKAVRGATGLGLKEAKDLVESAPAALKEGVSKDDAEALKKALEEAGAEVEVK.	12287.51276	NONE		0		0		-	13	12	3.0817e-10	-	-
80	/home/daniel/Desktop/datafiles/RealData/ecoli/DDA/20231102_DDA_720_1200_60minutes_RB3/20231102_DDA_720_1200_60minutes_RB3_ms2.msalign	468	6498	HCD	7584	4598.29	37	11	12169.47703	12169.48703	33	159	33200000.0	0.99598	4589.1	1	sp|P0A7K2|RL7_ECOLI	Large ribosomal subunit protein bL12 OS=Escherichia coli (strain K12) OX=83333 GN=rplL PE=1 SV=2	2	121		SITKDQIIEAVAAMSVMDVVELISAMEEKFGVSAAAAVAVAAGPVEAAEEKTEFDVILKAAGANKVAVIKAVRGATGLGLKEAKDLVESAPAALKEGVSKDDAEALKKALEEAGAEVEVK	M.SITKDQIIEAVAAMSVMDVVELISAMEEKFGVSAAAAVAV(A)[+13.0148]AGPVEAAEEKTEFDVILKAAGANKVAVIKAVRGATGLGLKEAKDLVESAPAALKEGVSKDDAEALKKALEEAGAEVEVK.	12169.48703	NME		1	+13.0148:[41]	0		-	17	15	2.350944e-10	-	-
81	/home/daniel/Desktop/datafiles/RealData/ecoli/DDA/20231102_DDA_720_1200_60minutes_RB3/20231102_DDA_720_1200_60minutes_RB3_ms2.msalign	469	6500	HCD	7586	4599.78	13	8	8389.33171	8389.32671	88	582	3746000.0	0.81513	4616.2	1	sp|P0A799|PGK_ECOLI	Phosphoglycerate kinase OS=Escherichia coli (strain K12) OX=83333 GN=pgk PE=1 SV=2	307	387		NGPVGVFEFPNFRKGTEIVANAIADSEAFSIAGGGDTLAAIDLFGIADKISYISTGGGAFLEFVEGKVLPAVAMLEERAKK	W.NGPVGVFEFPNFRKGTEIVANAIADSEAFSIAGGGDTLAAIDLFGIADKISYISTG(GGAFLEFVEGKVLPAVAMLEERAKK)[+15.9915].	8389.32671	NONE		1	+15.9915:[57-81]	0		-	7	7	0.000290433815	-	-
82	/home/daniel/Desktop/datafiles/RealData/ecoli/DDA/20231102_DDA_720_1200_60minutes_RB3/20231102_DDA_720_1200_60minutes_RB3_ms2.msalign	474	6506	HCD	7593	4604.31	93	14	14110.33951	14111.34686	14	380	9529000.0	0.95843	4616.2	1	sp|P0AGL2|TDCF_ECOLI	Putative reactive intermediate deaminase TdcF OS=Escherichia coli (strain K12) OX=83333 GN=tdcF PE=1 SV=1	1	129		MKKIIETQRAPGAIGPYVQGVDLGSMVFTSGQIPVCPQTGEIPADVQDQARLSLENVKAIVVAAGLSVGDIIKMTVFITDLNDFATINEVYKQFFDEHQATYPTRSCVQVARLPKDVKLEIEAIAVRSA	.MKKIIETQRAPGAIGPYVQGVDLGSMVFTSGQI(PV)[-0.9980](C)[Carbamidomethylation]PQTGEIPADVQDQARLSLENVKAIVVAAGLSVGDIIKMTVFITDLNDFATINEVYKQFFDEHQATYPTRS(C)[Carbamidomethylation]VQVARLPKDVKLEIEAIAVRSA.	14111.34686	NONE	Carbamidomethylation:[36];Carbamidomethylation:[107]	1	-0.9980:[34-35]	0		-	36	27	2.273439e-16	-	-
83	/home/daniel/Desktop/datafiles/RealData/ecoli/DDA/20231102_DDA_720_1200_60minutes_RB3/20231102_DDA_720_1200_60minutes_RB3_ms2.msalign	480	6517	HCD	7606	4612.73	109	15	14128.33453	14127.61218	18	350	10230000.0	0.89907	4607.1	1	sp|P0AGL2|TDCF_ECOLI	Putative reactive intermediate deaminase TdcF OS=Escherichia coli (strain K12) OX=83333 GN=tdcF PE=1 SV=1	1	129		MKKIIETQRAPGAIGPYVQGVDLGSMVFTSGQIPVCPQTGEIPADVQDQARLSLENVKAIVVAAGLSVGDIIKMTVFITDLNDFATINEVYKQFFDEHQATYPTRSCVQVARLPKDVKLEIEAIAVRSA	.MKKIIETQRAPGAIGPYVQGVDLGSMVFTSGQ(I)[+15.2674]PV(C)[Carbamidomethylation]PQTGEIPADVQDQARLSLENVKAIVVAAGLSVGDIIKMTVFITDLNDFATINEVYKQFFDEHQATYPTRS(C)[Carbamidomethylation]VQVARLPKDVKLEIEAIAVRSA.	14127.61218	NONE	Carbamidomethylation:[36];Carbamidomethylation:[107]	1	+15.2674:[33]	0		-	28	24	8.211063e-14	-	-
84	/home/daniel/Desktop/datafiles/RealData/ecoli/DDA/20231102_DDA_720_1200_60minutes_RB3/20231102_DDA_720_1200_60minutes_RB3_ms2.msalign	487	6528	HCD	7619	4620.96	58	11	12228.48939	12229.48174	26	93	94250000.0	0.99899	4693.1	1	sp|P0A7K2|RL7_ECOLI	Large ribosomal subunit protein bL12 OS=Escherichia coli (strain K12) OX=83333 GN=rplL PE=1 SV=2	2	121		SITKDQIIEAVAAMSVMDVVELISAMEEKFGVSAAAAVAVAAGPVEAAEEKTEFDVILKAAGANKVAVIKAVRGATGLGLKEAKDLVESAPAALKEGVSKDDAEALKKALEEAGAEVEVK	M.[Acetyl]-SITKDQIIEAVAAMS(VMDVVELISAMEEKFGV)[+30.9989]SAAAAVAVAAGPVEAAEEKTEFDVILKAAGANKVAVIKAVRGATGLGLKEAKDLVESAPAALKEGVSKDDAEALKKALEEAGAEVEVK.	12229.48174	NME_ACETYLATION		1	+30.9989:[16-32]	0		-	28	24	1.9984928e-11	-	-
85	/home/daniel/Desktop/datafiles/RealData/ecoli/DDA/20231102_DDA_720_1200_60minutes_RB3/20231102_DDA_720_1200_60minutes_RB3_ms2.msalign	516	6597	HCD	7699	4671.15	19	4	3837.89516	3836.89281	91	768	1723000.0	0.98562	4659.9	1	sp|P0ABT2|DPS_ECOLI	DNA protection during starvation protein OS=Escherichia coli (strain K12) OX=83333 GN=dps PE=1 SV=2	132	167		VRKAIGEAKDDDTADILTAASRDLDKFLWFIESNIE	D.(VRKAIGEAKDDDTADILTAASRDLD)[-228.1767]KFLWFIESNIE.	3836.89281	NONE		1	-228.1767:[1-25]	0		-	8	7	0.000550089144	-	-
86	/home/daniel/Desktop/datafiles/RealData/ecoli/DDA/20231102_DDA_720_1200_60minutes_RB3/20231102_DDA_720_1200_60minutes_RB3_ms2.msalign	531	6618	HCD	7724	4685.86	106	11	12198.50471	12198.48284	2	0	1278000000.0	0.99964	4697.2	1	sp|P0A7K2|RL7_ECOLI	Large ribosomal subunit protein bL12 OS=Escherichia coli (strain K12) OX=83333 GN=rplL PE=1 SV=2	2	121		SITKDQIIEAVAAMSVMDVVELISAMEEKFGVSAAAAVAVAAGPVEAAEEKTEFDVILKAAGANKVAVIKAVRGATGLGLKEAKDLVESAPAALKEGVSKDDAEALKKALEEAGAEVEVK	M.[Acetyl]-SITKDQIIEAVAAMSVMDVVELISAMEEKFGVSAAAAVAVAAGPVEAAEEKTEFDVILKAAGANKVAVIKAVRGATGLGLKEAKDLVESAPAALKEGVSKDDAEALKKALEEAGAEVEVK.	12198.48284	NME_ACETYLATION		0		0		-	60	41	1.9554e-23	-	-
87	/home/daniel/Desktop/datafiles/RealData/ecoli/DDA/20231102_DDA_720_1200_60minutes_RB3/20231102_DDA_720_1200_60minutes_RB3_ms2.msalign	534	6627	HCD	7734	4691.69	10	4	3681.8111	3681.805002	70	276	8493000.0	0.98577	4693.1	1	sp|P0ABT2|DPS_ECOLI	DNA protection during starvation protein OS=Escherichia coli (strain K12) OX=83333 GN=dps PE=1 SV=2	135	167		AIGEAKDDDTADILTAASRDLDKFLWFIESNIE	K.AIGEAKDDDTADILTAASRDLDKFLWFIESNIE.	3681.805002	NONE		0		0		-	7	5	9.5758e-07	-	-
88	/home/daniel/Desktop/datafiles/RealData/ecoli/DDA/20231102_DDA_720_1200_60minutes_RB3/20231102_DDA_720_1200_60minutes_RB3_ms2.msalign	540	6633	HCD	7741	4695.05	16	11	12167.47283	12167.71283	55	780	5209000.0	0.51095	4673.3	1	sp|P0A7K2|RL7_ECOLI	Large ribosomal subunit protein bL12 OS=Escherichia coli (strain K12) OX=83333 GN=rplL PE=1 SV=2	2	121		SITKDQIIEAVAAMSVMDVVELISAMEEKFGVSAAAAVAVAAGPVEAAEEKTEFDVILKAAGANKVAVIKAVRGATGLGLKEAKDLVESAPAALKEGVSKDDAEALKKALEEAGAEVEVK	M.[Acetyl]-SITKDQIIEAVAA(MSVMDVVELISAMEEKFGVSAAAA)[-30.7700]VAVAAGPVEAAEEKTEFDVILKAAGANKVAVIKAVRGATGLGLKEAKDLVESAPAALKEGVSKDDAEALKKALEEAGAEVEVK.	12167.71283	NME_ACETYLATION		1	-30.7700:[14-37]	0		-	12	11	3.4479e-08	-	-
89	/home/daniel/Desktop/datafiles/RealData/ecoli/DDA/20231102_DDA_720_1200_60minutes_RB3/20231102_DDA_720_1200_60minutes_RB3_ms2.msalign	544	6640	HCD	7749	4699.57	123	11	12181.47407	12180.49172	30	146	14760000.0	0.85235	4693.1	1	sp|P0A7K2|RL7_ECOLI	Large ribosomal subunit protein bL12 OS=Escherichia coli (strain K12) OX=83333 GN=rplL PE=1 SV=2	2	121		SITKDQIIEAVAAMSVMDVVELISAMEEKFGVSAAAAVAVAAGPVEAAEEKTEFDVILKAAGANKVAVIKAVRGATGLGLKEAKDLVESAPAALKEGVSKDDAEALKKALEEAGAEVEVK	M.[Acetyl]-SITKDQIIEAVAAMSVMDVVELISAMEEKFGVSAAAAVAVAAGPVEAAEEKTEFDVILKAAGANKVAVIKAVRGATGLGLKEAKDL(VESAPAALKEGVSKDDAE)[-17.9911]ALKKALEEAGAEVEVK.	12180.49172	NME_ACETYLATION		1	-17.9911:[87-104]	0		-	24	23	6.198138e-11	-	-
90	/home/daniel/Desktop/datafiles/RealData/ecoli/DDA/20231102_DDA_720_1200_60minutes_RB3/20231102_DDA_720_1200_60minutes_RB3_ms2.msalign	546	6644	HCD	7754	4702.64	46	12	12464.65804	12464.90304	4	49	71330000.0	0.99614	4713.6	1	sp|P0A7K2|RL7_ECOLI	Large ribosomal subunit protein bL12 OS=Escherichia coli (strain K12) OX=83333 GN=rplL PE=1 SV=2	2	121		SITKDQIIEAVAAMSVMDVVELISAMEEKFGVSAAAAVAVAAGPVEAAEEKTEFDVILKAAGANKVAVIKAVRGATGLGLKEAKDLVESAPAALKEGVSKDDAEALKKALEEAGAEVEVK	M.[Acetyl]-SITKDQIIEAVAA(MSVMDVVELISAMEEKFGVSAAAAV)[+266.4202]AVAAGPVEAAEEKTEFDVILKAAGANKVAVIKAVRGATGLGLKEAKDLVESAPAALKEGVSKDDAEALKKALEEAGAEVEVK.	12464.90304	NME_ACETYLATION		1	+266.4202:[14-38]	0		-	33	26	6.478324000000001e-23	-	-
91	/home/daniel/Desktop/datafiles/RealData/ecoli/DDA/20231102_DDA_720_1200_60minutes_RB3/20231102_DDA_720_1200_60minutes_RB3_ms2.msalign	551	6651	HCD	7762	4707.18	13	4	4258.18145	4258.26645	92	346	2484000.0	0.81787	4697.2	1	sp|P0A7K2|RL7_ECOLI	Large ribosomal subunit protein bL12 OS=Escherichia coli (strain K12) OX=83333 GN=rplL PE=1 SV=2	2	48		SITKDQIIEAVAAMSVMDVVELISAMEEKFGVSAAAAVAVAAGPVEA	M.[Acetyl]-SITKDQIIEAVAA(MSVMDVVELISAMEEKFGVSAAAAVAVAAGPVEA)[-472.1444].A	4258.26645	NME_ACETYLATION		1	-472.1444:[14-47]	0		-	12	8	0.0005748551088	-	-
92	/home/daniel/Desktop/datafiles/RealData/ecoli/DDA/20231102_DDA_720_1200_60minutes_RB3/20231102_DDA_720_1200_60minutes_RB3_ms2.msalign	561	6678	HCD	7794	4725.57	107	11	12212.50188	12212.50188	10	3	524000000.0	0.99932	4713.6	1	sp|P0A7K2|RL7_ECOLI	Large ribosomal subunit protein bL12 OS=Escherichia coli (strain K12) OX=83333 GN=rplL PE=1 SV=2	2	121		SITKDQIIEAVAAMSVMDVVELISAMEEKFGVSAAAAVAVAAGPVEAAEEKTEFDVILKAAGANKVAVIKAVRGATGLGLKEAKDLVESAPAALKEGVSKDDAEALKKALEEAGAEVEVK	M.[Acetyl]-SITKDQIIEAVAAMSVMDVVELISAMEEKFGVSAAAAVAVAAGPVEAAEEKTEFDVILKAAGANKVAVIKAVRGATGLGLKEAKDLVESAPAALKEGVSKDDAEAL(KKALEEAGAEVEVK)[+14.0190].	12212.50188	NME_ACETYLATION		1	+14.0190:[107-120]	0		-	44	33	2.422764e-18	-	-
93	/home/daniel/Desktop/datafiles/RealData/ecoli/DDA/20231102_DDA_720_1200_60minutes_RB3/20231102_DDA_720_1200_60minutes_RB3_ms2.msalign	577	6735	HCD	7860	4767.81	19	11	12241.49117	12241.73117	79	935	1370000.0	0.84369	4760.9	1	sp|P0A7K2|RL7_ECOLI	Large ribosomal subunit protein bL12 OS=Escherichia coli (strain K12) OX=83333 GN=rplL PE=1 SV=2	2	121		SITKDQIIEAVAAMSVMDVVELISAMEEKFGVSAAAAVAVAAGPVEAAEEKTEFDVILKAAGANKVAVIKAVRGATGLGLKEAKDLVESAPAALKEGVSKDDAEALKKALEEAGAEVEVK	M.[Acetyl]-SITKDQIIEAVAA(MSVMDVVELISAMEEKFGVSAAAAVAV)[+43.2483]AAGPVEAAEEKTEFDVILKAAGANKVAVIKAVRGATGLGLKEAKDLVESAPAALKEGVSKDDAEALKKALEEAGAEVEVK.	12241.73117	NME_ACETYLATION		1	+43.2483:[14-40]	0		-	8	8	9.683744e-06	-	-
94	/home/daniel/Desktop/datafiles/RealData/ecoli/DDA/20231102_DDA_720_1200_60minutes_RB3/20231102_DDA_720_1200_60minutes_RB3_ms2.msalign	602	7141	HCD	8334	5076.81	11	3	2997.4624	2997.460747	65	473	5425000.0	0.99544	5057.5	1	sp|P0ABT2|DPS_ECOLI	DNA protection during starvation protein OS=Escherichia coli (strain K12) OX=83333 GN=dps PE=1 SV=2	142	167		DDTADILTAASRDLDKFLWFIESNIE	D.DDTADILTAASRDLDKFLWFIESNIE.	2997.460747	NONE		0		0		-	8	8	3.50584e-07	-	-
95	/home/daniel/Desktop/datafiles/RealData/ecoli/DDA/20231102_DDA_720_1200_60minutes_RB3/20231102_DDA_720_1200_60minutes_RB3_ms2.msalign	603	10854	HCD	12666	7876.39	32	5	3794.9655	3794.9605	25	663	1110000.0	0.9819	7876.1	1	sp|P0AE08|AHPC_ECOLI	Alkyl hydroperoxide reductase C OS=Escherichia coli (strain K12) OX=83333 GN=ahpC PE=1 SV=2	2	37		SLINTKIKPFKNQAFKNGEFIEITEKDTEGRWSVFF	M.SLINTKIKPFKNQAFKNGEFIEITEKD(TEGRWSVFF)[-466.2607].F	3794.9605	NME		1	-466.2607:[28-36]	0		-	19	15	1.020883908e-11	-	-
96	/home/daniel/Desktop/datafiles/RealData/ecoli/DDA/20231102_DDA_720_1200_60minutes_RB3/Multiplex/20231102_DDA_720_1200_60minutes_RB3_ms2.msalign	0	3663	HCD	4276	2749.61	40	12	9864.87098	9864.86598	7	378	10370000.0	0.99128	2751.7	1	sp|P0AES9|HDEA_ECOLI	Acid stress chaperone HdeA OS=Escherichia coli (strain K12) OX=83333 GN=hdeA PE=1 SV=1	22	110		ADAQKAADNKKPVNSWTCEDFLAVDESFQPTAVGFAEALNNKDKPEDAVLDVQGIATVTPAIVQACTQDKQANFKDKVKGEWDKIKKDM	A.ADAQKAADNKKPVNSWT(C)[Carbamidomethylation]EDFLAVDESFQPTAVGFAEALNNKDKPEDAVLDVQGIATV(T)[+15.9943]PAIVQA(C)[Carbamidomethylation]TQDKQANFKDKVKGEWDKIKKDM.	9864.86598	NONE	Carbamidomethylation:[18];Carbamidomethylation:[66]	1	+15.9943:[59]	0		-	9	9	4.745125e-05	-	-
98	/home/daniel/Desktop/datafiles/RealData/ecoli/DDA/20231102_DDA_720_1200_60minutes_RB3/Multiplex/20231102_DDA_720_1200_60minutes_RB3_ms2.msalign	3	3840	HCD	4483	2881.22	65	9	7493.87346	7493.86846	15	11	195300000.0	0.99891	2880.9	1	sp|P0A800|RPOZ_ECOLI	DNA-directed RNA polymerase subunit omega OS=Escherichia coli (strain K12) OX=83333 GN=rpoZ PE=1 SV=1	28	91		RQMQVGGKDPLVPEENDKTTVIALREIEEGLINNQILDVRERQEQQEQEAAELQAVTAIAEGRR	A.(RQMQVGGKD)[+243.1343]PLVPEENDKTTVIALREIEEGLINNQILDVRERQEQQEQEAAELQAVTAIAEGRR.	7493.86846	NONE		1	+243.1343:[1-9]	0		-	12	10	0.00820346152	-	-
99	/home/daniel/Desktop/datafiles/RealData/ecoli/DDA/20231102_DDA_720_1200_60minutes_RB3/Multiplex/20231102_DDA_720_1200_60minutes_RB3_ms2.msalign	4	3895	HCD	4547	2921.63	64	7	5827.1649	5827.1649	3	598	4720000.0	0.9826	2943.3	1	sp|P0ABT2|DPS_ECOLI	DNA protection during starvation protein OS=Escherichia coli (strain K12) OX=83333 GN=dps PE=1 SV=2	2	56		STAKLVKSKATNLLYTRNDVSDSEKKATVELLNRQVIQFIDLSLITKQAHWNMRG	M.STAKLVKSKATNLLYTRNDVSDSEKKATVELLNRQVIQFIDLSLIT(KQAHWNMRG)[-444.2254].A	5827.1649	NME		1	-444.2254:[47-55]	0		-	13	13	4.565283513e-07	-	-
100	/home/daniel/Desktop/datafiles/RealData/ecoli/DDA/20231102_DDA_720_1200_60minutes_RB3/Multiplex/20231102_DDA_720_1200_60minutes_RB3_ms2.msalign	5	4053	HCD	4731	3041.38	78	16	14367.40177	14368.59412	0	467	10620000.0	0.90678	3043.3	1	sp|P68066|GRCA_ECOLI	Autonomous glycyl radical cofactor OS=Escherichia coli (strain K12) OX=83333 GN=grcA PE=1 SV=1	1	127		MITGIQITKAANDDLLNSFWLLDSEKGEARCIVAKAGYAEDEVVAVSKLGDIEYREVPVEVKPEVRVEGGQHLNVNVLRRETLEDAVKHPEKYPQLTIRVSGYAVRFNSLTPEQQRDVIARTFTESL	.MITGIQITKAANDDLLN(SFWLLDSEKGEAR(C)[Carbamidomethylation]I)[+36.1391]VAKAGYAEDEVVAVSKLGDIEYREVPVEVKPEVRVEGGQHLNVNVLRRETLEDAVKHPEKYPQLTIRVSGYAVRFNSLTPEQQRDVIARTFTESL.	14368.59412	NONE	Carbamidomethylation:[31]	1	+36.1391:[18-32]	0		-	17	17	2.29112e-09	-	-
101	/home/daniel/Desktop/datafiles/RealData/ecoli/DDA/20231102_DDA_720_1200_60minutes_RB3/Multiplex/20231102_DDA_720_1200_60minutes_RB3_ms2.msalign	6	4446	HCD	5190	3314.84	235	19	14613.32895	14612.4416	10	26	51940000.0	0.73486	3377.2	1	sp|P02925|RBSB_ECOLI	Ribose import binding protein RbsB OS=Escherichia coli (strain K12) OX=83333 GN=rbsB PE=1 SV=1	160	296		TSAARERGEGFQQAVAAHKFNVLASQPADFDRIKGLNVMQNLLTAHPDVQAVFAQNDEMALGALRALQTAGKSDVMVVGFDGTPDGEKAVNDGKLAATIAQLPDQIGAKGVETADKVLKGEKVQAKYPVDLKLVVKQ	G.TSAARERGEGFQQAVAAHKFN(VLASQPADFD)[+137.8613]RIKGLNVMQNLLTAHPDVQAVFAQNDEMALGALRALQTAGKSDVMVVGFDGTPDGEKAVNDGKLAATIAQLPDQIGAKGVETADKVLKGEKVQAKYPVDLKLVVKQ.	14612.4416	NONE		1	+137.8613:[22-31]	0		-	30	17	0.00294120992	-	-
102	/home/daniel/Desktop/datafiles/RealData/ecoli/DDA/20231102_DDA_720_1200_60minutes_RB3/Multiplex/20231102_DDA_720_1200_60minutes_RB3_ms2.msalign	7	4466	HCD	5213	3327.88	47	16	14236.0213	14236.3013	13	61	112300000.0	0.94509	3323.9	1	sp|P02925|RBSB_ECOLI	Ribose import binding protein RbsB OS=Escherichia coli (strain K12) OX=83333 GN=rbsB PE=1 SV=1	159	296		GTSAARERGEGFQQAVAAHKFNVLASQPADFDRIKGLNVMQNLLTAHPDVQAVFAQNDEMALGALRALQTAGKSDVMVVGFDGTPDGEKAVNDGKLAATIAQLPDQIGAKGVETADKVLKGEKVQAKYPVDLKLVVKQ	A.(GTSAARERGEGFQQAVAAHKFNVLASQPADFDRIKGLNVMQNLLTAHPDVQAVFAQNDEMALGALRALQTAGKSDVMV)[-295.3004]VGFDGTPDGEKAVNDGKLAATIAQLPDQIGAKGVETADKVLKGEKVQAKYPVDLKLVVKQ.	14236.3013	NONE		1	-295.3004:[1-78]	0		-	9	7	0.00661672578	-	-
103	/home/daniel/Desktop/datafiles/RealData/ecoli/DDA/20231102_DDA_720_1200_60minutes_RB3/Multiplex/20231102_DDA_720_1200_60minutes_RB3_ms2.msalign	8	4534	HCD	5292	3359.45	154	16	14694.00511	14695.08746	11	68	40470000.0	0.85872	3323.9	1	sp|P02925|RBSB_ECOLI	Ribose import binding protein RbsB OS=Escherichia coli (strain K12) OX=83333 GN=rbsB PE=1 SV=1	26	165		KDTIALVVSTLNNPFFVSLKDGAQKEADKLGYNLVVLDSQNNPAKELANVQDLTVRGTKILLINPTDSDAVGNAVKMANQANIPVITLDRQATKGEVVSHIASDNVLGGKIAGDYIAKKAGEGAKVIELQGIAGTSAARE	A.KDTIALVVSTLNNPFFVSLKDGAQKEADKLGYNLVVLDSQNNPAKELANVQDLTVRGTKILLINPTDSDAVGNAVKMANQANIPVITLDRQATKGEVVS(HIASDNVLGGKIAGDYIAKKAGEGAKVIE)[+79.2889]LQGIAGTSAARE.R	14695.08746	NONE		1	+79.2889:[100-128]	0		-	21	18	0.003486696213	-	-
104	/home/daniel/Desktop/datafiles/RealData/ecoli/DDA/20231102_DDA_720_1200_60minutes_RB3/Multiplex/20231102_DDA_720_1200_60minutes_RB3_ms2.msalign	9	5055	HCD	5900	3672.54	70	20	18108.70341	18107.71606	16	17	318400000.0	0.99672	3679.3	1	sp|P69783|PTGA_ECOLI	PTS system glucose-specific EIIA component OS=Escherichia coli (strain K12) OX=83333 GN=crr PE=1 SV=2	2	169		GLFDKLKSLVSDDKKDTGTIEIIAPLSGEIVNIEDVPDVVFAEKIVGDGIAIKPTGNKMVAPVDGTIGKIFETNHAFSIESDSGVELFVHFGIDTVELKGEGFKRIAEEGQRVKVGDTVIEFDLPLLEEKAKSTLTPVVISNMDEIKELIKLSGSVTVGETPVIRIKK	M.GLFDKLKSLVSDDKKDTGTIEIIAPLSGEIVNIEDVPDVVFAEKIVGDGIAIKPTGNKMVAPVDGTIGKIFETNHAFSIESDSGVELFVHFGIDTVELKGEGFKRIAEEGQRVKVGDTVIEFDLPLLEEKAKSTLTPVV(ISNMDEIKELIKLSGSVTVGETPVIRIKK)[-0.9861].	18107.71606	NME		1	-0.9861:[140-168]	0		-	11	8	0.009320298	-	-
105	/home/daniel/Desktop/datafiles/RealData/ecoli/DDA/20231102_DDA_720_1200_60minutes_RB3/Multiplex/20231102_DDA_720_1200_60minutes_RB3_ms2.msalign	10	6222	HCD	7262	4392.53	32	11	12229.47015	12230.5575	9	366	3041000.0	0.65101	4392.2	1	sp|P0A7K2|RL7_ECOLI	Large ribosomal subunit protein bL12 OS=Escherichia coli (strain K12) OX=83333 GN=rplL PE=1 SV=2	1	121		MSITKDQIIEAVAAMSVMDVVELISAMEEKFGVSAAAAVAVAAGPVEAAEEKTEFDVILKAAGANKVAVIKAVRGATGLGLKEAKDLVESAPAALKEGVSKDDAEALKKALEEAGAEVEVK	.MSITKDQIIEAVAAMSVMDVVELISAMEEKFGVSAAAAVAVA(AGPVEAAEEKTEFDVILKAAGANKVAVIKAVRGATGLG)[-56.9553]LKEAKDLVESAPAALKEGVSKDDAEALKKALEEAGAEVEVK.	12230.5575	NONE		1	-56.9553:[43-80]	0		-	5	6	0.0020509888	-	-
106	/home/daniel/Desktop/datafiles/RealData/ecoli/DDA/20231102_DDA_720_1200_60minutes_RB3/Multiplex/20231102_DDA_720_1200_60minutes_RB3_ms2.msalign	13	6458	HCD	7537	4568.97	56	11	12169.47703	12170.49438	6	159	33200000.0	0.99598	4589.1	1	sp|P0A7K2|RL7_ECOLI	Large ribosomal subunit protein bL12 OS=Escherichia coli (strain K12) OX=83333 GN=rplL PE=1 SV=2	2	121		SITKDQIIEAVAAMSVMDVVELISAMEEKFGVSAAAAVAVAAGPVEAAEEKTEFDVILKAAGANKVAVIKAVRGATGLGLKEAKDLVESAPAALKEGVSKDDAEALKKALEEAGAEVEVK	M.SITKDQIIEAVAAMSVMDVVELISAMEEKFGVSAAAAVAVAAG(PVEAAEEKTEFDVILKAAGANKVAVIKAVRGATGLGLKEAKDLVESAPAALKEGVSKDDAEALKKALEEAGAEVEVK)[+14.0221].	12170.49438	NME		1	+14.0221:[44-120]	0		-	15	11	3.06207e-05	-	-
107	/home/daniel/Desktop/datafiles/RealData/ecoli/DDA/20231102_DDA_720_1200_60minutes_RB3/Multiplex/20231102_DDA_720_1200_60minutes_RB3_ms2.msalign	24	6506	HCD	7593	4604.31	57	14	14128.33455	14128.33955	4	350	10230000.0	0.89907	4607.1	1	sp|P0AGL2|TDCF_ECOLI	Putative reactive intermediate deaminase TdcF OS=Escherichia coli (strain K12) OX=83333 GN=tdcF PE=1 SV=1	1	129		MKKIIETQRAPGAIGPYVQGVDLGSMVFTSGQIPVCPQTGEIPADVQDQARLSLENVKAIVVAAGLSVGDIIKMTVFITDLNDFATINEVYKQFFDEHQATYPTRSCVQVARLPKDVKLEIEAIAVRSA	.(MKKIIETQRAPGAIGPYV)[+15.9947]QGVDLGSMVFTSGQIPV(C)[Carbamidomethylation]PQTGEIPADVQDQARLSLENVKAIVVAAGLSVGDIIKMTVFITDLNDFATINEVYKQFFDEHQATYPTRS(C)[Carbamidomethylation]VQVARLPKDVKLEIEAIAVRSA.	14128.33955	NONE	Carbamidomethylation:[36];Carbamidomethylation:[107]	1	+15.9947:[1-18]	0		-	11	10	4.011896e-06	-	-
108	/home/daniel/Desktop/datafiles/RealData/ecoli/DDA/20231102_DDA_720_1200_60minutes_RB3/Multiplex/20231102_DDA_720_1200_60minutes_RB3_ms2.msalign	25	6516	HCD	7605	4611.91	30	13	14110.33954	14110.61954	2	380	9529000.0	0.95843	4616.2	1	sp|P0AGL2|TDCF_ECOLI	Putative reactive intermediate deaminase TdcF OS=Escherichia coli (strain K12) OX=83333 GN=tdcF PE=1 SV=1	1	129		MKKIIETQRAPGAIGPYVQGVDLGSMVFTSGQIPVCPQTGEIPADVQDQARLSLENVKAIVVAAGLSVGDIIKMTVFITDLNDFATINEVYKQFFDEHQATYPTRSCVQVARLPKDVKLEIEAIAVRSA	.MKKIIETQRAPGAIGPYVQGVDLGSMVFTSGQI(PV(C)[Carbamidomethylation]PQTGEIPADVQDQARLSLENVKAIVVAAGLSVGDIIKMTVFITDLNDFATINEVYKQFFDEHQATYPTRS(C)[Carbamidomethylation]VQVARLPKDVKLEIEAIAVRSA)[-1.7253].	14110.61954	NONE	Carbamidomethylation:[36];Carbamidomethylation:[107]	1	-1.7253:[34-129]	0		-	8	8	1.799085e-07	-	-
109	/home/daniel/Desktop/datafiles/RealData/ecoli/DDA/20231102_DDA_720_1200_60minutes_RB3/Multiplex/20231102_DDA_720_1200_60minutes_RB3_ms2.msalign	31	6595	HCD	7697	4669.9	51	13	12198.50469	12198.48969	8	0	1278000000.0	0.99964	4697.2	1	sp|P36930|GATR_ECOLI	Putative galactitol utilization operon repressor OS=Escherichia coli (strain K12) OX=83333 GN=gatR PE=5 SV=3	1	112		MTMNSFERRNKIIQLVNEQGTVLVQDLAGVFAASEATIRADLRFLEQKGVVTRFHGGAAKIMSGNSETETQEVGFKERFQLASAPKNRIAQAAVKMIHEGMTDPTHVIWTQA	.[Acetyl]-MTMNSFERRNKIIQLVNEQGTVLVQDLAGVFAASEAT(IRADLRFLEQKGVVTRFHGGAAKIMSGNSETETQEVGF)[-238.8829]KERFQLASAPKNRIAQAAVKMIHEGMTDPTHVIWTQA.	12198.48969	M_ACETYLATION		1	-238.8829:[38-75]	0		-	9	8	0.000836577	-	-
110	/home/daniel/Desktop/datafiles/RealData/ecoli/DDA/20231102_DDA_720_1200_60minutes_RB3/Multiplex/20231102_DDA_720_1200_60minutes_RB3_ms2.msalign	35	6642	HCD	7752	4701.15	62	11	12477.66293	12477.56293	12	165	12540000.0	0.92265	4713.6	1	sp|P0A7K2|RL7_ECOLI	Large ribosomal subunit protein bL12 OS=Escherichia coli (strain K12) OX=83333 GN=rplL PE=1 SV=2	2	121		SITKDQIIEAVAAMSVMDVVELISAMEEKFGVSAAAAVAVAAGPVEAAEEKTEFDVILKAAGANKVAVIKAVRGATGLGLKEAKDLVESAPAALKEGVSKDDAEALKKALEEAGAEVEVK	M.[Acetyl]-SITKDQIIEAVAAMSVMDVVELISAMEEKFGVSAAAAVAVAAGPVEAAEEKTEFDVILKAAGANKVAVIKAVRGATGLGLKEA(KDLVESAPAALKEGVSKDDAEALKKALEEAGAEVEVK)[+279.0801].	12477.56293	NME_ACETYLATION		1	+279.0801:[84-120]	0		-	8	8	0.00501118	-	-
111	/home/daniel/Desktop/datafiles/RealData/ecoli/DDA/20231102_DDA_720_1200_60minutes_RB3/Multiplex/20231102_DDA_720_1200_60minutes_RB3_ms2.msalign	36	6666	HCD	7780	4718.09	41	11	12212.50188	12212.51188	5	3	524000000.0	0.99932	4713.6	1	sp|P0A7K2|RL7_ECOLI	Large ribosomal subunit protein bL12 OS=Escherichia coli (strain K12) OX=83333 GN=rplL PE=1 SV=2	2	121		SITKDQIIEAVAAMSVMDVVELISAMEEKFGVSAAAAVAVAAGPVEAAEEKTEFDVILKAAGANKVAVIKAVRGATGLGLKEAKDLVESAPAALKEGVSKDDAEALKKALEEAGAEVEVK	M.[Acetyl]-SITKDQIIEAVAAMSVMDVVELISAMEEKFGVSAAAAVAVAAG(PVEAAEEKTEFDVILKAAGANKVAVIKAVRGATGLGLKEAKDLVESAPAALKEGVSKDDAEALKKALEEAGAEVEVK)[+14.0290].	12212.51188	NME_ACETYLATION		1	+14.0290:[44-120]	0		-	14	11	1.16235e-05	-	-
112	/home/daniel/Desktop/datafiles/RealData/ecoli/DDA/20231102_DDA_720_1200_60minutes_RB3/Multiplex/20231102_DDA_720_1200_60minutes_RB3_ms2.msalign	38	6698	HCD	7817	4740.05	38	11	12228.48939	12228.72939	14	93	94250000.0	0.99899	4693.1	1	sp|P0A7K2|RL7_ECOLI	Large ribosomal subunit protein bL12 OS=Escherichia coli (strain K12) OX=83333 GN=rplL PE=1 SV=2	1	121		MSITKDQIIEAVAAMSVMDVVELISAMEEKFGVSAAAAVAVAAGPVEAAEEKTEFDVILKAAGANKVAVIKAVRGATGLGLKEAKDLVESAPAALKEGVSKDDAEALKKALEEAGAEVEVK	.(MSITKDQIIEAVAAMSVMDVVELISAMEEKFGVSAAAA)[-58.7834]VAVAAGPVEAAEEKTEFDVILKAAGANKVAVIKAVRGATGLGLKEAKDLVESAPAALKEGVSKDDAEALKKALEEAGAEVEVK.	12228.72939	NONE		1	-58.7834:[1-38]	0		-	8	7	0.00785536	-	-
