	Data file name	Prsm ID	Spectrum ID	Fragmentation	Scan(s)	Retention time	#peaks	Charge	Precursor mass	Adjusted precursor mass	Proteoform ID	Feature intensity	Feature score	Feature apex time	#Protein hits	Protein accession	Protein description	First residue	Last residue	Special amino acids	Proteoform	Proteoform mass	Protein N-terminal form	#unexpected modifications	#variable PTMs	MIScore	#matched peaks	#matched fragment ions	E-value	Spectrum-level Q-value	Proteoform-level Q-value
0	/home/daniel/Desktop/datafiles/RealData/ecoli/DDA/TDP_Ecoli_DDA_1MS1_500ng_720_1200_NCE30/8mz/round1/modified_TDP_Ecoli_DDA_1MS1_500ng_720_1200_NCE30_8mz_ms2.msalign	2	2373	HCD	2771	1556.16	22	2	1561.77	1561.773635	337	-	-1000	-1	1	sp|P0A7U7|RS20_ECOLI	Small ribosomal subunit protein bS20 OS=Escherichia coli (strain K12) OX=83333 GN=rpsT PE=1 SV=2	39	53		A.IEAGDKAAAQKAFNE.M	1561.773635	NONE	0	0	-	5	5	6.47215782e-05	-	-
1	/home/daniel/Desktop/datafiles/RealData/ecoli/DDA/TDP_Ecoli_DDA_1MS1_500ng_720_1200_NCE30/8mz/round1/modified_TDP_Ecoli_DDA_1MS1_500ng_720_1200_NCE30_8mz_ms2.msalign	3	2535	HCD	2960	1632.73	28	3	2481.32	2481.329948	1019	-	-1000	-1	1	sp|P68191|SRA_ECOLI	Stationary-phase-induced ribosome-associated protein OS=Escherichia coli (strain K12) OX=83333 GN=sra PE=1 SV=1	23	45		K.IVTEGDKSSVVNNPTGRKRPAEK.	2481.329948	NONE	0	0	-	8	7	1.971658e-06	-	-
3	/home/daniel/Desktop/datafiles/RealData/ecoli/DDA/TDP_Ecoli_DDA_1MS1_500ng_720_1200_NCE30/8mz/round1/modified_TDP_Ecoli_DDA_1MS1_500ng_720_1200_NCE30_8mz_ms2.msalign	8	2597	HCD	3032	1672.41	35	2	1596.84	1596.84061	1045	-	-1000	-1	1	sp|P0A7S3|RS12_ECOLI	Small ribosomal subunit protein uS12 OS=Escherichia coli (strain K12) OX=83333 GN=rpsL PE=1 SV=2	18	31		A.KSNVPALEAC[Carbamidomethylation]PQKR.G	1596.84061	NONE	0	0	-	11	10	2.63882853e-05	-	-
4	/home/daniel/Desktop/datafiles/RealData/ecoli/DDA/TDP_Ecoli_DDA_1MS1_500ng_720_1200_NCE30/8mz/round1/modified_TDP_Ecoli_DDA_1MS1_500ng_720_1200_NCE30_8mz_ms2.msalign	13	2612	HCD	3050	1682.88	22	2	1807.85	1807.852297	963	-	-1000	-1	1	sp|P0A7R9|RS11_ECOLI	Small ribosomal subunit protein uS11 OS=Escherichia coli (strain K12) OX=83333 GN=rpsK PE=1 SV=2	62	78		F.AAQVAAERC[Carbamidomethylation]ADAVKEYG.I	1807.852297	NONE	0	0	-	7	6	0.0021285148	-	-
5	/home/daniel/Desktop/datafiles/RealData/ecoli/DDA/TDP_Ecoli_DDA_1MS1_500ng_720_1200_NCE30/8mz/round1/modified_TDP_Ecoli_DDA_1MS1_500ng_720_1200_NCE30_8mz_ms2.msalign	15	2625	HCD	3065	1691.88	24	2	1678.72	1678.7257	115	-	-1000	-1	1	sp|P0ADB1|OSME_ECOLI	Osmotically-inducible putative lipoprotein OsmE OS=Escherichia coli (strain K12) OX=83333 GN=osmE PE=2 SV=1	87	101		A.LDDTGHVINSGYQTC[Carbamidomethylation].A	1678.7257	NONE	0	0	-	7	7	1.098959695e-06	-	-
6	/home/daniel/Desktop/datafiles/RealData/ecoli/DDA/TDP_Ecoli_DDA_1MS1_500ng_720_1200_NCE30/8mz/round1/modified_TDP_Ecoli_DDA_1MS1_500ng_720_1200_NCE30_8mz_ms2.msalign	20	2640	HCD	3083	1702.59	38	2	1686.84	1686.84	566	-	-1000	-1	1	sp|P0AG44|RL17_ECOLI	Large ribosomal subunit protein bL17 OS=Escherichia coli (strain K12) OX=83333 GN=rplQ PE=1 SV=1	111	127		M.(AY)[-177.0814]IELVDRSEKAEAAAE.	1686.84	NONE	1	0	-	9	9	0.0001726988831	-	-
7	/home/daniel/Desktop/datafiles/RealData/ecoli/DDA/TDP_Ecoli_DDA_1MS1_500ng_720_1200_NCE30/8mz/round1/modified_TDP_Ecoli_DDA_1MS1_500ng_720_1200_NCE30_8mz_ms2.msalign	21	2653	HCD	3098	1711.51	46	2	1695.87	1695.9	946	-	-1000	-1	1	sp|P0A7M6|RL29_ECOLI	Large ribosomal subunit protein uL29 OS=Escherichia coli (strain K12) OX=83333 GN=rpmC PE=1 SV=1	30	44		R.(MQ)[+57.0488]AASGQLQQSHLLK.Q	1695.9	NONE	1	0	-	12	10	0.0003155791455	-	-
8	/home/daniel/Desktop/datafiles/RealData/ecoli/DDA/TDP_Ecoli_DDA_1MS1_500ng_720_1200_NCE30/8mz/round1/modified_TDP_Ecoli_DDA_1MS1_500ng_720_1200_NCE30_8mz_ms2.msalign	22	2660	HCD	3106	1715.99	54	2	1552.83	1552.836176	1127	-	-1000	-1	1	sp|P0A7N9|RL33_ECOLI	Large ribosomal subunit protein bL33 OS=Escherichia coli (strain K12) OX=83333 GN=rpmG PE=1 SV=2	40	52		F.DPVVRQHVIYKEA.K	1552.836176	NONE	0	0	-	13	10	0.0004760390664	-	-
11	/home/daniel/Desktop/datafiles/RealData/ecoli/DDA/TDP_Ecoli_DDA_1MS1_500ng_720_1200_NCE30/8mz/round1/modified_TDP_Ecoli_DDA_1MS1_500ng_720_1200_NCE30_8mz_ms2.msalign	33	2731	HCD	3189	1766.49	24	3	2511.47	2511.474822	148	-	-1000	-1	1	sp|P0A6F9|CH10_ECOLI	Co-chaperonin GroES OS=Escherichia coli (strain K12) OX=83333 GN=groES PE=1 SV=1	10	34		R.VIVKRKEVETKSAGGIVLTGSAAAK.S	2511.474822	NONE	0	0	-	9	9	0.000207061426	-	-
15	/home/daniel/Desktop/datafiles/RealData/ecoli/DDA/TDP_Ecoli_DDA_1MS1_500ng_720_1200_NCE30/8mz/round1/modified_TDP_Ecoli_DDA_1MS1_500ng_720_1200_NCE30_8mz_ms2.msalign	40	2773	HCD	3238	1797.16	41	3	2523.11	2523.114989	360	-	-1000	-1	1	sp|P0ADN2|YIFE_ECOLI	UPF0438 protein YifE OS=Escherichia coli (strain K12) OX=83333 GN=yifE PE=1 SV=2	90	112		K.RFHTLSGGKPQVEGAEDYTDSDD.	2523.114989	NONE	0	0	-	16	14	1.62576e-17	-	-
19	/home/daniel/Desktop/datafiles/RealData/ecoli/DDA/TDP_Ecoli_DDA_1MS1_500ng_720_1200_NCE30/8mz/round1/modified_TDP_Ecoli_DDA_1MS1_500ng_720_1200_NCE30_8mz_ms2.msalign	56	2886	HCD	3370	1880.85	19	2	1514.77	1514.768884	827	-	-1000	-1	1	sp|P37636|MDTE_ECOLI	Multidrug resistance protein MdtE OS=Escherichia coli (strain K12) OX=83333 GN=mdtE PE=1 SV=1	143	156		A.RTQLNEAEANVTVA.K	1514.768884	NONE	0	0	-	9	7	1.09848438e-05	-	-
24	/home/daniel/Desktop/datafiles/RealData/ecoli/DDA/TDP_Ecoli_DDA_1MS1_500ng_720_1200_NCE30/8mz/round1/modified_TDP_Ecoli_DDA_1MS1_500ng_720_1200_NCE30_8mz_ms2.msalign	69	3132	HCD	3657	2065.07	15	2	2044.98	2044.981396	247	-	-1000	-1	1	sp|P0ACF8|HNS_ECOLI	DNA-binding protein H-NS OS=Escherichia coli (strain K12) OX=83333 GN=hns PE=1 SV=2	100	118		Y.VDENGETKTWTGQGRTPAV.I	2044.981396	NONE	0	0	-	10	9	8.99498743e-09	-	-
25	/home/daniel/Desktop/datafiles/RealData/ecoli/DDA/TDP_Ecoli_DDA_1MS1_500ng_720_1200_NCE30/8mz/round1/modified_TDP_Ecoli_DDA_1MS1_500ng_720_1200_NCE30_8mz_ms2.msalign	70	3198	HCD	3734	2114.67	29	3	2163.1	2163.101906	888	-	-1000	-1	1	sp|P69805|PTND_ECOLI	PTS system mannose-specific EIID component OS=Escherichia coli (strain K12) OX=83333 GN=manZ PE=1 SV=2	2	20		M.V[Acetyl]DTTQTTTEKKLTQSDIRG.V	2163.101906	NME_ACETYLATION	0	0	-	6	6	2.19114e-05	-	-
26	/home/daniel/Desktop/datafiles/RealData/ecoli/DDA/TDP_Ecoli_DDA_1MS1_500ng_720_1200_NCE30/8mz/round1/modified_TDP_Ecoli_DDA_1MS1_500ng_720_1200_NCE30_8mz_ms2.msalign	71	3205	HCD	3742	2119.92	13	2	1679.81	1679.811477	83	-	-1000	-1	1	sp|P0AEU7|SKP_ECOLI	Chaperone protein Skp OS=Escherichia coli (strain K12) OX=83333 GN=skp PE=1 SV=1	42	56		G.VSNTLENEFKGRASE.L	1679.811477	NONE	0	0	-	6	6	1.79788566e-05	-	-
27	/home/daniel/Desktop/datafiles/RealData/ecoli/DDA/TDP_Ecoli_DDA_1MS1_500ng_720_1200_NCE30/8mz/round1/modified_TDP_Ecoli_DDA_1MS1_500ng_720_1200_NCE30_8mz_ms2.msalign	73	3218	HCD	3757	2129.59	17	3	2420.06	2420.105	936	-	-1000	-1	1	sp|P0ADY7|RL16_ECOLI	Large ribosomal subunit protein uL16 OS=Escherichia coli (strain K12) OX=83333 GN=rplP PE=1 SV=1	66	83		I.RVFPDKPITEKPL(AVRMG)[+366.9543].K	2420.105	NONE	1	0	-	7	6	0.000429076362	-	-
28	/home/daniel/Desktop/datafiles/RealData/ecoli/DDA/TDP_Ecoli_DDA_1MS1_500ng_720_1200_NCE30/8mz/round1/modified_TDP_Ecoli_DDA_1MS1_500ng_720_1200_NCE30_8mz_ms2.msalign	74	3219	HCD	3758	2130.26	34	3	2295.09	2295.135	759	-	-1000	-1	1	sp|P0AA10|RL13_ECOLI	Large ribosomal subunit protein uL13 OS=Escherichia coli (strain K12) OX=83333 GN=rplM PE=1 SV=1	10	31		E.(TVKRDWY)[-183.1881]VVDATGKTLGRLATE.L	2295.135	NONE	1	0	-	10	9	0.001188248259	-	-
31	/home/daniel/Desktop/datafiles/RealData/ecoli/DDA/TDP_Ecoli_DDA_1MS1_500ng_720_1200_NCE30/8mz/round1/modified_TDP_Ecoli_DDA_1MS1_500ng_720_1200_NCE30_8mz_ms2.msalign	82	3278	HCD	3827	2174.65	42	4	2991.68	2991.68694	292	-	-1000	-1	1	sp|P60624|RL24_ECOLI	Large ribosomal subunit protein uL24 OS=Escherichia coli (strain K12) OX=83333 GN=rplX PE=1 SV=2	36	63		I.VEGINLVKKHQKPVPALNQPGGIVEKEA.A	2991.68694	NONE	0	0	-	11	8	0.000335256444	-	-
36	/home/daniel/Desktop/datafiles/RealData/ecoli/DDA/TDP_Ecoli_DDA_1MS1_500ng_720_1200_NCE30/8mz/round1/modified_TDP_Ecoli_DDA_1MS1_500ng_720_1200_NCE30_8mz_ms2.msalign	95	3344	HCD	3904	2224.21	34	4	4070.92	4071.94735	380	-	-1000	-1	1	sp|P76193|YNHG_ECOLI	Probable L,D-transpeptidase YnhG OS=Escherichia coli (strain K12) OX=83333 GN=ynhG PE=1 SV=1	295	334		R.RAGYPVSVSSGATPAASNAPSVESAQNGEPE(QGNMLRVTQ)[+58.0336].	4071.94735	NONE	1	0	-	15	12	1.528473786e-08	-	-
39	/home/daniel/Desktop/datafiles/RealData/ecoli/DDA/TDP_Ecoli_DDA_1MS1_500ng_720_1200_NCE30/8mz/round1/modified_TDP_Ecoli_DDA_1MS1_500ng_720_1200_NCE30_8mz_ms2.msalign	100	3373	HCD	3938	2246.04	16	2	1671.9	1671.895	534	-	-1000	-1	1	sp|P0ACF0|DBHA_ECOLI	DNA-binding protein HU-alpha OS=Escherichia coli (strain K12) OX=83333 GN=hupA PE=1 SV=1	5	21		T.(QLID)[-184.1305]VIAEKAELSKTQA.K	1671.895	NONE	1	0	-	8	8	0.003431409591	-	-
43	/home/daniel/Desktop/datafiles/RealData/ecoli/DDA/TDP_Ecoli_DDA_1MS1_500ng_720_1200_NCE30/8mz/round1/modified_TDP_Ecoli_DDA_1MS1_500ng_720_1200_NCE30_8mz_ms2.msalign	107	3434	HCD	4009	2291.04	40	2	1473.68	1473.678296	942	-	-1000	-1	1	sp|P0A7L8|RL27_ECOLI	Large ribosomal subunit protein bL27 OS=Escherichia coli (strain K12) OX=83333 GN=rpmA PE=1 SV=2	48	61		A.GANVGC[Carbamidomethylation]GRDHTLFA.K	1473.678296	NONE	0	0	-	10	9	1.122621212e-07	-	-
46	/home/daniel/Desktop/datafiles/RealData/ecoli/DDA/TDP_Ecoli_DDA_1MS1_500ng_720_1200_NCE30/8mz/round1/modified_TDP_Ecoli_DDA_1MS1_500ng_720_1200_NCE30_8mz_ms2.msalign	123	3486	HCD	4070	2329.58	70	4	3053.46	3053.465868	643	-	-1000	-1	1	sp|P0AG63|RS17_ECOLI	Small ribosomal subunit protein uS17 OS=Escherichia coli (strain K12) OX=83333 GN=rpsQ PE=1 SV=2	46	71		H.VHDENNEC[Carbamidomethylation]GIGDVVEIREC[Carbamidomethylation]RPLSKTK.S	3053.465868	NONE	0	0	-	17	16	3.33133696e-12	-	-
47	/home/daniel/Desktop/datafiles/RealData/ecoli/DDA/TDP_Ecoli_DDA_1MS1_500ng_720_1200_NCE30/8mz/round1/modified_TDP_Ecoli_DDA_1MS1_500ng_720_1200_NCE30_8mz_ms2.msalign	132	3548	HCD	4142	2375.53	38	2	1463.75	1463.750775	195	-	-1000	-1	1	sp|P0A799|PGK_ECOLI	Phosphoglycerate kinase OS=Escherichia coli (strain K12) OX=83333 GN=pgk PE=1 SV=2	259	272		R.VATEFSETAPATLK.S	1463.750775	NONE	0	0	-	8	8	7.001176e-05	-	-
48	/home/daniel/Desktop/datafiles/RealData/ecoli/DDA/TDP_Ecoli_DDA_1MS1_500ng_720_1200_NCE30/8mz/round1/modified_TDP_Ecoli_DDA_1MS1_500ng_720_1200_NCE30_8mz_ms2.msalign	133	3553	HCD	4148	2379.41	22	2	1703.77	1703.775092	798	-	-1000	-1	1	sp|P0AG59|RS14_ECOLI	Small ribosomal subunit protein uS14 OS=Escherichia coli (strain K12) OX=83333 GN=rpsN PE=1 SV=2	30	44		A.IISDVNASDEDRWNA.V	1703.775092	NONE	0	0	-	11	11	9.47457495e-10	-	-
50	/home/daniel/Desktop/datafiles/RealData/ecoli/DDA/TDP_Ecoli_DDA_1MS1_500ng_720_1200_NCE30/8mz/round1/modified_TDP_Ecoli_DDA_1MS1_500ng_720_1200_NCE30_8mz_ms2.msalign	145	3643	HCD	4253	2444.22	15	2	1730.88	1730.879891	775	-	-1000	-1	1	sp|P0A7T3|RS16_ECOLI	Small ribosomal subunit protein bS16 OS=Escherichia coli (strain K12) OX=83333 GN=rpsP PE=1 SV=1	44	58		A.SEKEEGTRLDLDRIA.H	1730.879891	NONE	0	0	-	7	7	8.91907055e-05	-	-
52	/home/daniel/Desktop/datafiles/RealData/ecoli/DDA/TDP_Ecoli_DDA_1MS1_500ng_720_1200_NCE30/8mz/round1/modified_TDP_Ecoli_DDA_1MS1_500ng_720_1200_NCE30_8mz_ms2.msalign	148	3655	HCD	4267	2452.76	14	1	806.381	806.3810338	838	-	-1000	-1	1	sp|P0ADZ0|RL23_ECOLI	Large ribosomal subunit protein uL23 OS=Escherichia coli (strain K12) OX=83333 GN=rplW PE=1 SV=1	93	100		N.LDFVGGAE.	806.3810338	NONE	0	0	-	5	5	9.02752e-05	-	-
53	/home/daniel/Desktop/datafiles/RealData/ecoli/DDA/TDP_Ecoli_DDA_1MS1_500ng_720_1200_NCE30/8mz/round1/modified_TDP_Ecoli_DDA_1MS1_500ng_720_1200_NCE30_8mz_ms2.msalign	156	3690	HCD	4308	2477.96	40	2	1601.77	1601.771921	677	-	-1000	-1	1	sp|P02925|RBSB_ECOLI	Ribose import binding protein RbsB OS=Escherichia coli (strain K12) OX=83333 GN=rbsB PE=1 SV=1	88	103		L.INPTDSDAVGNAVKMA.N	1601.771921	NONE	0	0	-	8	7	0.000717044685	-	-
56	/home/daniel/Desktop/datafiles/RealData/ecoli/DDA/TDP_Ecoli_DDA_1MS1_500ng_720_1200_NCE30/8mz/round1/modified_TDP_Ecoli_DDA_1MS1_500ng_720_1200_NCE30_8mz_ms2.msalign	166	3742	HCD	4368	2515.54	20	2	1670.84	1670.841004	1116	-	-1000	-1	1	sp|P0AG51|RL30_ECOLI	Large ribosomal subunit protein uL30 OS=Escherichia coli (strain K12) OX=83333 GN=rpmD PE=1 SV=2	36	50		T.VEREDTPAIRGMINA.V	1670.841004	NONE	0	0	-	9	9	0.00015970735	-	-
63	/home/daniel/Desktop/datafiles/RealData/ecoli/DDA/TDP_Ecoli_DDA_1MS1_500ng_720_1200_NCE30/8mz/round1/modified_TDP_Ecoli_DDA_1MS1_500ng_720_1200_NCE30_8mz_ms2.msalign	183	3832	HCD	4473	2582.97	24	2	1491.74	1492.72735	1090	-	-1000	-1	1	sp|P16430|HYCD_ECOLI	Formate hydrogenlyase subunit 4 OS=Escherichia coli (strain K12) OX=83333 GN=hycD PE=1 SV=1	79	93		I.ATALP(VV)[+43.9035]TVGSPLPQ.L	1492.72735	NONE	1	0	-	4	7	1.870557312e-05	-	-
79	/home/daniel/Desktop/datafiles/RealData/ecoli/DDA/TDP_Ecoli_DDA_1MS1_500ng_720_1200_NCE30/8mz/round1/modified_TDP_Ecoli_DDA_1MS1_500ng_720_1200_NCE30_8mz_ms2.msalign	232	4111	HCD	4799	2792.13	12	3	2775.34	2775.342363	1077	-	-1000	-1	1	sp|P0A8G6|NQOR_ECOLI	NAD(P)H dehydrogenase (quinone) OS=Escherichia coli (strain K12) OX=83333 GN=wrbA PE=1 SV=2	156	183		R.GGTPYGATTIAGGDGSRQPSQEELSIAR.Y	2775.342363	NONE	0	0	-	7	7	1.313593437e-05	-	-
81	/home/daniel/Desktop/datafiles/RealData/ecoli/DDA/TDP_Ecoli_DDA_1MS1_500ng_720_1200_NCE30/8mz/round1/modified_TDP_Ecoli_DDA_1MS1_500ng_720_1200_NCE30_8mz_ms2.msalign	235	4122	HCD	4812	2800.25	22	3	2423.22	2423.265	1175	-	-1000	-1	1	sp|P0C0T5|MEPA_ECOLI	Penicillin-insensitive murein endopeptidase OS=Escherichia coli (strain K12) OX=83333 GN=mepA PE=1 SV=1	257	274		K.TPPPLPPSC[Carbamidomethylation]QALLDE(HVI)[+440.2515].	2423.265	NONE	1	0	-	6	6	0.0093165516	-	-
82	/home/daniel/Desktop/datafiles/RealData/ecoli/DDA/TDP_Ecoli_DDA_1MS1_500ng_720_1200_NCE30/8mz/round1/modified_TDP_Ecoli_DDA_1MS1_500ng_720_1200_NCE30_8mz_ms2.msalign	239	4146	HCD	4840	2817.73	20	3	2339.15	2339.150587	659	-	-1000	-1	1	sp|P0C0L2|OSMC_ECOLI	Peroxiredoxin OsmC OS=Escherichia coli (strain K12) OX=83333 GN=osmC PE=1 SV=2	18	39		R.GKGTVSTESGVLNQQPYGFNTR.F	2339.150587	NONE	0	0	-	8	7	1.4187932e-05	-	-
83	/home/daniel/Desktop/datafiles/RealData/ecoli/DDA/TDP_Ecoli_DDA_1MS1_500ng_720_1200_NCE30/8mz/round1/modified_TDP_Ecoli_DDA_1MS1_500ng_720_1200_NCE30_8mz_ms2.msalign	240	4150	HCD	4844	2820.44	21	3	2554.35	2554.350349	1142	-	-1000	-1	1	sp|P0A825|GLYA_ECOLI	Serine hydroxymethyltransferase OS=Escherichia coli (strain K12) OX=83333 GN=glyA PE=1 SV=1	340	363		R.ANITVNKNSVPNDPKSPFVTSGIR.V	2554.350349	NONE	0	0	-	6	5	0.00206795178	-	-
84	/home/daniel/Desktop/datafiles/RealData/ecoli/DDA/TDP_Ecoli_DDA_1MS1_500ng_720_1200_NCE30/8mz/round1/modified_TDP_Ecoli_DDA_1MS1_500ng_720_1200_NCE30_8mz_ms2.msalign	245	4179	HCD	4878	2841.84	73	3	2365.19	2366.197871	407	-	-1000	-1	1	sp|P0A862|TPX_ECOLI	Thiol peroxidase OS=Escherichia coli (strain K12) OX=83333 GN=tpx PE=1 SV=2	2	24		M.SQTVHFQGNPVTVANSIPQAGSK.A	2366.197871	NME	0	0	-	19	15	1.895476e-15	-	-
86	/home/daniel/Desktop/datafiles/RealData/ecoli/DDA/TDP_Ecoli_DDA_1MS1_500ng_720_1200_NCE30/8mz/round1/modified_TDP_Ecoli_DDA_1MS1_500ng_720_1200_NCE30_8mz_ms2.msalign	250	4214	HCD	4919	2867.82	42	4	3542.78	3542.786607	1122	-	-1000	-1	1	sp|P29131|FTSN_ECOLI	Cell division protein FtsN OS=Escherichia coli (strain K12) OX=83333 GN=ftsN PE=1 SV=3	187	219		S.QAAPVQAQPRQSKPASSQQPYQDLLQTPAHTTA.Q	3542.786607	NONE	0	0	-	8	8	0.000384450066	-	-
87	/home/daniel/Desktop/datafiles/RealData/ecoli/DDA/TDP_Ecoli_DDA_1MS1_500ng_720_1200_NCE30/8mz/round1/modified_TDP_Ecoli_DDA_1MS1_500ng_720_1200_NCE30_8mz_ms2.msalign	251	4225	HCD	4932	2876.14	51	4	3053.36	3053.36	732	-	-1000	-1	1	sp|P64503|YEBV_ECOLI	Uncharacterized protein YebV OS=Escherichia coli (strain K12) OX=83333 GN=yebV PE=1 SV=1	12	38		E.I[+57.0108]DDGELHGESPGDRTLTIPC[Carbamidomethylation]KSDPDLC[Carbamidomethylation].M	3053.36	NONE	1	0	-	13	11	0.000439225127	-	-
89	/home/daniel/Desktop/datafiles/RealData/ecoli/DDA/TDP_Ecoli_DDA_1MS1_500ng_720_1200_NCE30/8mz/round1/modified_TDP_Ecoli_DDA_1MS1_500ng_720_1200_NCE30_8mz_ms2.msalign	255	4235	HCD	4943	2883.28	15	3	2606.29	2606.34	789	-	-1000	-1	1	sp|P0A6P1|EFTS_ECOLI	Elongation factor Ts OS=Escherichia coli (strain K12) OX=83333 GN=tsf PE=1 SV=2	129	151		E.(NINIRR)[+98.0090]VAALEGDVLGSYQHGAR.I	2606.34	NONE	1	0	-	8	8	0.00601621075	-	-
91	/home/daniel/Desktop/datafiles/RealData/ecoli/DDA/TDP_Ecoli_DDA_1MS1_500ng_720_1200_NCE30/8mz/round1/modified_TDP_Ecoli_DDA_1MS1_500ng_720_1200_NCE30_8mz_ms2.msalign	258	4298	HCD	5017	2930.64	13	3	2683.37	2683.371813	1060	-	-1000	-1	1	sp|P39180|AG43_ECOLI	Antigen 43 OS=Escherichia coli (strain K12) OX=83333 GN=flu PE=1 SV=3	574	598		S.VVDDLSHAGQIHFTSTRTGKFVPAT.L	2683.371813	NONE	0	0	-	6	6	8.75300724e-06	-	-
92	/home/daniel/Desktop/datafiles/RealData/ecoli/DDA/TDP_Ecoli_DDA_1MS1_500ng_720_1200_NCE30/8mz/round1/modified_TDP_Ecoli_DDA_1MS1_500ng_720_1200_NCE30_8mz_ms2.msalign	259	4305	HCD	5025	2935.8	18	2	1766.79	1766.789363	969	-	-1000	-1	1	sp|P0AG86|SECB_ECOLI	Protein-export protein SecB OS=Escherichia coli (strain K12) OX=83333 GN=secB PE=1 SV=1	2	15		M.S[Acetyl]EQNNTEMTFQIQR.I	1766.789363	NME_ACETYLATION	0	0	-	7	7	3.1536e-07	-	-
95	/home/daniel/Desktop/datafiles/RealData/ecoli/DDA/TDP_Ecoli_DDA_1MS1_500ng_720_1200_NCE30/8mz/round1/modified_TDP_Ecoli_DDA_1MS1_500ng_720_1200_NCE30_8mz_ms2.msalign	263	4329	HCD	5053	2953.79	34	2	1500.76	1500.765	1126	-	-1000	-1	1	sp|P68679|RS21_ECOLI	Small ribosomal subunit protein bS21 OS=Escherichia coli (strain K12) OX=83333 GN=rpsU PE=1 SV=2	2	17		M.(PVIKVR)[-380.2822]ENEPFDVALR.R	1500.765	NME	1	0	-	10	9	0.005484965958	-	-
98	/home/daniel/Desktop/datafiles/RealData/ecoli/DDA/TDP_Ecoli_DDA_1MS1_500ng_720_1200_NCE30/8mz/round1/modified_TDP_Ecoli_DDA_1MS1_500ng_720_1200_NCE30_8mz_ms2.msalign	273	4487	HCD	5237	3072.08	21	4	3233.66	3233.669392	704	-	-1000	-1	1	sp|P0C018|RL18_ECOLI	Large ribosomal subunit protein uL18 OS=Escherichia coli (strain K12) OX=83333 GN=rplR PE=1 SV=1	77	105		K.AVAERALEKGIKDVSFDRSGFQYHGRVQA.L	3233.669392	NONE	0	0	-	9	9	2.82306838e-05	-	-
100	/home/daniel/Desktop/datafiles/RealData/ecoli/DDA/TDP_Ecoli_DDA_1MS1_500ng_720_1200_NCE30/8mz/round1/modified_TDP_Ecoli_DDA_1MS1_500ng_720_1200_NCE30_8mz_ms2.msalign	277	4496	HCD	5248	3079.07	40	2	1587.79	1587.789285	979	-	-1000	-1	1	sp|P25714|YIDC_ECOLI	Membrane protein insertase YidC OS=Escherichia coli (strain K12) OX=83333 GN=yidC PE=1 SV=2	177	190		V.NYNVQNAGEKPLEI.S	1587.789285	NONE	0	0	-	12	12	4.63207096e-07	-	-
101	/home/daniel/Desktop/datafiles/RealData/ecoli/DDA/TDP_Ecoli_DDA_1MS1_500ng_720_1200_NCE30/8mz/round1/modified_TDP_Ecoli_DDA_1MS1_500ng_720_1200_NCE30_8mz_ms2.msalign	280	4501	HCD	5254	3082.91	16	5	4379.15	4379.235	490	-	-1000	-1	1	sp|P0AD59|IVY_ECOLI	Inhibitor of vertebrate lysozyme OS=Escherichia coli (strain K12) OX=83333 GN=ivy PE=1 SV=1	118	157		T.SQEKL(TWLNVNDALSIDGKTVLFA)[-9.9931]ALTGSLENHPDGFNFK.	4379.235	NONE	1	0	-	9	9	3.7780794e-08	-	-
105	/home/daniel/Desktop/datafiles/RealData/ecoli/DDA/TDP_Ecoli_DDA_1MS1_500ng_720_1200_NCE30/8mz/round1/modified_TDP_Ecoli_DDA_1MS1_500ng_720_1200_NCE30_8mz_ms2.msalign	286	4519	HCD	5275	3096.39	27	2	2021.95	2021.954179	724	-	-1000	-1	1	sp|P0AD49|YFIA_ECOLI	Ribosome-associated inhibitor A OS=Escherichia coli (strain K12) OX=83333 GN=raiA PE=1 SV=2	96	113		R.RAATSVKDANFVEEVEEE.	2021.954179	NONE	0	0	-	10	9	7.8381e-11	-	-
106	/home/daniel/Desktop/datafiles/RealData/ecoli/DDA/TDP_Ecoli_DDA_1MS1_500ng_720_1200_NCE30/8mz/round1/modified_TDP_Ecoli_DDA_1MS1_500ng_720_1200_NCE30_8mz_ms2.msalign	288	4525	HCD	5282	3100.87	12	2	1518.8	1518.83	1138	-	-1000	-1	1	sp|P76594|LYSAC_ECOLI	Peptidyl-lysine N-acetyltransferase PatZ OS=Escherichia coli (strain K12) OX=83333 GN=patZ PE=1 SV=1	870	886		L.EEGIVGLTLNL(AQREES)[-338.1180].	1518.83	NONE	1	0	-	5	5	0.00140543817	-	-
111	/home/daniel/Desktop/datafiles/RealData/ecoli/DDA/TDP_Ecoli_DDA_1MS1_500ng_720_1200_NCE30/8mz/round1/modified_TDP_Ecoli_DDA_1MS1_500ng_720_1200_NCE30_8mz_ms2.msalign	303	4587	HCD	5354	3146.67	64	4	3201.6	3202.65735	350	-	-1000	-1	1	sp|P0ABS1|DKSA_ECOLI	RNA polymerase-binding transcription factor DksA OS=Escherichia coli (strain K12) OX=83333 GN=dksA PE=1 SV=1	125	151		R.RLEARPTADLC[Carbamidomethylation]IDC[Carbamidomethylation]KTLAEIREKQ(MAG)[+58.0731].	3202.65735	NONE	1	0	-	12	11	9.00177652e-06	-	-
124	/home/daniel/Desktop/datafiles/RealData/ecoli/DDA/TDP_Ecoli_DDA_1MS1_500ng_720_1200_NCE30/8mz/round1/modified_TDP_Ecoli_DDA_1MS1_500ng_720_1200_NCE30_8mz_ms2.msalign	336	4690	HCD	5474	3222.66	60	2	1560.79	1560.788282	443	-	-1000	-1	1	sp|P0ACF4|DBHB_ECOLI	DNA-binding protein HU-beta OS=Escherichia coli (strain K12) OX=83333 GN=hupB PE=1 SV=1	31	45		A.SVTESLKEGDDVALV.G	1560.788282	NONE	0	0	-	13	9	0.000827396641	-	-
133	/home/daniel/Desktop/datafiles/RealData/ecoli/DDA/TDP_Ecoli_DDA_1MS1_500ng_720_1200_NCE30/8mz/round1/modified_TDP_Ecoli_DDA_1MS1_500ng_720_1200_NCE30_8mz_ms2.msalign	360	4798	HCD	5600	3302.02	38	5	4322.13	4322.215	591	-	-1000	-1	1	sp|P60438|RL3_ECOLI	Large ribosomal subunit protein uL3 OS=Escherichia coli (strain K12) OX=83333 GN=rplC PE=1 SV=1	10	49		V.GMTRIFTE(DGVSIPVTV)[-82.0597]IEVEANRVTQVKDLANDGYRAIQ.V	4322.215	NONE	1	0	-	12	10	0.00075393956	-	-
139	/home/daniel/Desktop/datafiles/RealData/ecoli/DDA/TDP_Ecoli_DDA_1MS1_500ng_720_1200_NCE30/8mz/round1/modified_TDP_Ecoli_DDA_1MS1_500ng_720_1200_NCE30_8mz_ms2.msalign	375	4841	HCD	5650	3333.3	40	6	4590.27	4590.281977	370	-	-1000	-1	1	sp|P0AAI9|FABD_ECOLI	Malonyl CoA-acyl carrier protein transacylase OS=Escherichia coli (strain K12) OX=83333 GN=fabD PE=1 SV=2	146	190		K.AC[Carbamidomethylation]EEAAEGQVVSPVNFNSPGQVVIAGHKEAVERAGAAC[Carbamidomethylation]KAAGAKR.A	4590.281977	NONE	0	0	-	10	9	1.19112246e-06	-	-
141	/home/daniel/Desktop/datafiles/RealData/ecoli/DDA/TDP_Ecoli_DDA_1MS1_500ng_720_1200_NCE30/8mz/round1/modified_TDP_Ecoli_DDA_1MS1_500ng_720_1200_NCE30_8mz_ms2.msalign	380	4859	HCD	5671	3346.79	17	3	2442.26	2442.261534	1082	-	-1000	-1	1	sp|P19926|AGP_ECOLI	Glucose-1-phosphatase OS=Escherichia coli (strain K12) OX=83333 GN=agp PE=1 SV=1	363	384		V.YQSAEQLRNADALTLQAPAQRV.T	2442.261534	NONE	0	0	-	7	7	1.63945525e-05	-	-
145	/home/daniel/Desktop/datafiles/RealData/ecoli/DDA/TDP_Ecoli_DDA_1MS1_500ng_720_1200_NCE30/8mz/round1/modified_TDP_Ecoli_DDA_1MS1_500ng_720_1200_NCE30_8mz_ms2.msalign	395	4946	HCD	5773	3411.95	33	3	2444.2	2444.204413	1165	-	-1000	-1	1	sp|P66948|BEPA_ECOLI	Beta-barrel assembly-enhancing protease OS=Escherichia coli (strain K12) OX=83333 GN=bepA PE=1 SV=1	418	440		A.QAEAALNNRDQELAARAEGYALA.G	2444.204413	NONE	0	0	-	6	6	0.00722568708	-	-
147	/home/daniel/Desktop/datafiles/RealData/ecoli/DDA/TDP_Ecoli_DDA_1MS1_500ng_720_1200_NCE30/8mz/round1/modified_TDP_Ecoli_DDA_1MS1_500ng_720_1200_NCE30_8mz_ms2.msalign	398	4959	HCD	5788	3421.56	33	2	1507.77	1507.767093	842	-	-1000	-1	1	sp|P0A805|RRF_ECOLI	Ribosome-recycling factor OS=Escherichia coli (strain K12) OX=83333 GN=frr PE=1 SV=1	43	55		V.EYYGTPTPLRQLA.S	1507.767093	NONE	0	0	-	9	8	2.64080394e-09	-	-
150	/home/daniel/Desktop/datafiles/RealData/ecoli/DDA/TDP_Ecoli_DDA_1MS1_500ng_720_1200_NCE30/8mz/round1/modified_TDP_Ecoli_DDA_1MS1_500ng_720_1200_NCE30_8mz_ms2.msalign	407	4988	HCD	5822	3443.28	26	2	1682.92	1682.9203	862	-	-1000	-1	1	sp|P0A9Q9|DHAS_ECOLI	Aspartate-semialdehyde dehydrogenase OS=Escherichia coli (strain K12) OX=83333 GN=asd PE=1 SV=1	315	331		R.ELTPAAVTGTLTTPVGR.L	1682.9203	NONE	0	0	-	11	10	3.4092296e-09	-	-
152	/home/daniel/Desktop/datafiles/RealData/ecoli/DDA/TDP_Ecoli_DDA_1MS1_500ng_720_1200_NCE30/8mz/round1/modified_TDP_Ecoli_DDA_1MS1_500ng_720_1200_NCE30_8mz_ms2.msalign	410	4992	HCD	5827	3446.36	55	2	1760.84	1760.842837	865	-	-1000	-1	1	sp|P0A7S9|RS13_ECOLI	Small ribosomal subunit protein uS13 OS=Escherichia coli (strain K12) OX=83333 GN=rpsM PE=1 SV=2	46	61		I.SELSEGQIDTLRDEVA.K	1760.842837	NONE	0	0	-	15	15	2.21551912e-07	-	-
154	/home/daniel/Desktop/datafiles/RealData/ecoli/DDA/TDP_Ecoli_DDA_1MS1_500ng_720_1200_NCE30/8mz/round1/modified_TDP_Ecoli_DDA_1MS1_500ng_720_1200_NCE30_8mz_ms2.msalign	413	5018	HCD	5857	3465.73	25	2	1932.99	1932.994527	896	-	-1000	-1	1	sp|P06610|BTUE_ECOLI	Thioredoxin/glutathione peroxidase BtuE OS=Escherichia coli (strain K12) OX=83333 GN=btuE PE=1 SV=1	111	129		K.LIAAAPTAVAPEESGFYAR.M	1932.994527	NONE	0	0	-	11	9	2.30888655e-08	-	-
156	/home/daniel/Desktop/datafiles/RealData/ecoli/DDA/TDP_Ecoli_DDA_1MS1_500ng_720_1200_NCE30/8mz/round1/modified_TDP_Ecoli_DDA_1MS1_500ng_720_1200_NCE30_8mz_ms2.msalign	418	5050	HCD	5894	3489.52	22	2	1552.69	1552.690634	893	-	-1000	-1	1	sp|P76177|YDGH_ECOLI	Protein YdgH OS=Escherichia coli (strain K12) OX=83333 GN=ydgH PE=1 SV=1	72	85		V.DTSDFGNSGNWRVV.A	1552.690634	NONE	0	0	-	7	7	1.4258682e-06	-	-
157	/home/daniel/Desktop/datafiles/RealData/ecoli/DDA/TDP_Ecoli_DDA_1MS1_500ng_720_1200_NCE30/8mz/round1/modified_TDP_Ecoli_DDA_1MS1_500ng_720_1200_NCE30_8mz_ms2.msalign	419	5052	HCD	5897	3491.28	34	2	1716.96	1716.966187	718	-	-1000	-1	1	sp|P0A910|OMPA_ECOLI	Outer membrane protein A OS=Escherichia coli (strain K12) OX=83333 GN=ompA PE=1 SV=1	281	296		S.VVDYLISKGIPADKIS.A	1716.966187	NONE	0	0	-	8	8	0.0013717694	-	-
158	/home/daniel/Desktop/datafiles/RealData/ecoli/DDA/TDP_Ecoli_DDA_1MS1_500ng_720_1200_NCE30/8mz/round1/modified_TDP_Ecoli_DDA_1MS1_500ng_720_1200_NCE30_8mz_ms2.msalign	421	5063	HCD	5909	3499.15	21	3	2502.39	2501.37765	1012	-	-1000	-1	1	sp|P0A7W1|RS5_ECOLI	Small ribosomal subunit protein uS5 OS=Escherichia coli (strain K12) OX=83333 GN=rpsE PE=1 SV=2	2	23		M.A[Acetyl]HIEK[-1.0142]QAGELQEKLIAVNRVSK.T	2501.37765	NME_ACETYLATION	1	0	-	9	9	1.071490376e-06	-	-
164	/home/daniel/Desktop/datafiles/RealData/ecoli/DDA/TDP_Ecoli_DDA_1MS1_500ng_720_1200_NCE30/8mz/round1/modified_TDP_Ecoli_DDA_1MS1_500ng_720_1200_NCE30_8mz_ms2.msalign	434	5131	HCD	5989	3548.94	32	2	1569.78	1569.778721	872	-	-1000	-1	1	sp|P37647|KDGK_ECOLI	2-dehydro-3-deoxygluconokinase OS=Escherichia coli (strain K12) OX=83333 GN=kdgK PE=1 SV=1	25	39		R.GFGGDTLNTSVYIAR.Q	1569.778721	NONE	0	0	-	8	8	8.94952184e-05	-	-
165	/home/daniel/Desktop/datafiles/RealData/ecoli/DDA/TDP_Ecoli_DDA_1MS1_500ng_720_1200_NCE30/8mz/round1/modified_TDP_Ecoli_DDA_1MS1_500ng_720_1200_NCE30_8mz_ms2.msalign	436	5139	HCD	5998	3554.22	48	2	1798.86	1798.86251	503	-	-1000	-1	1	sp|P0A7T7|RS18_ECOLI	Small ribosomal subunit protein bS18 OS=Escherichia coli (strain K12) OX=83333 GN=rpsR PE=1 SV=2	13	28		R.FTAEGVQEIDYKDIAT.L	1798.86251	NONE	0	0	-	10	9	0.000706506472	-	-
167	/home/daniel/Desktop/datafiles/RealData/ecoli/DDA/TDP_Ecoli_DDA_1MS1_500ng_720_1200_NCE30/8mz/round1/modified_TDP_Ecoli_DDA_1MS1_500ng_720_1200_NCE30_8mz_ms2.msalign	442	5162	HCD	6025	3569.66	29	3	2389.19	2389.235	131	-	-1000	-1	1	sp|P61175|RL22_ECOLI	Large ribosomal subunit protein uL22 OS=Escherichia coli (strain K12) OX=83333 GN=rplV PE=1 SV=1	22	41		A.DLIRGK[+113.9450]KVSQALDILTYTNK.K	2389.235	NONE	1	0	-	10	10	1.485247914e-05	-	-
172	/home/daniel/Desktop/datafiles/RealData/ecoli/DDA/TDP_Ecoli_DDA_1MS1_500ng_720_1200_NCE30/8mz/round1/modified_TDP_Ecoli_DDA_1MS1_500ng_720_1200_NCE30_8mz_ms2.msalign	460	5272	HCD	6153	3648.45	21	3	2477.15	2477.195	1091	-	-1000	-1	1	sp|P45470|YHBO_ECOLI	Protein/nucleic acid deglycase 2 OS=Escherichia coli (strain K12) OX=83333 GN=yhbO PE=1 SV=2	134	154		N.A[+109.0403]GAEFYDQEVVVDKDQLVTSR.T	2477.195	NONE	1	0	-	9	9	1.932268656e-05	-	-
174	/home/daniel/Desktop/datafiles/RealData/ecoli/DDA/TDP_Ecoli_DDA_1MS1_500ng_720_1200_NCE30/8mz/round1/modified_TDP_Ecoli_DDA_1MS1_500ng_720_1200_NCE30_8mz_ms2.msalign	464	5294	HCD	6179	3664.86	69	3	2393.17	2393.17507	633	-	-1000	-1	1	sp|P0AAX8|YBIS_ECOLI	Probable L,D-transpeptidase YbiS OS=Escherichia coli (strain K12) OX=83333 GN=ybiS PE=1 SV=1	232	252		V.QFIDEPVKATTEPDGSRYIEV.H	2393.17507	NONE	0	0	-	16	15	4.33298712e-10	-	-
177	/home/daniel/Desktop/datafiles/RealData/ecoli/DDA/TDP_Ecoli_DDA_1MS1_500ng_720_1200_NCE30/8mz/round1/modified_TDP_Ecoli_DDA_1MS1_500ng_720_1200_NCE30_8mz_ms2.msalign	471	5322	HCD	6212	3685.77	30	2	1473.78	1473.782744	324	-	-1000	-1	1	sp|P31658|HCHA_ECOLI	Protein/nucleic acid deglycase 1 OS=Escherichia coli (strain K12) OX=83333 GN=hchA PE=1 SV=3	257	271		K.LLTGDSPFAANALGK.L	1473.782744	NONE	0	0	-	10	9	7.60363808e-09	-	-
179	/home/daniel/Desktop/datafiles/RealData/ecoli/DDA/TDP_Ecoli_DDA_1MS1_500ng_720_1200_NCE30/8mz/round1/modified_TDP_Ecoli_DDA_1MS1_500ng_720_1200_NCE30_8mz_ms2.msalign	479	5380	HCD	6279	3728.87	28	3	2534.13	2534.18	178	-	-1000	-1	1	sp|P0A800|RPOZ_ECOLI	DNA-directed RNA polymerase subunit omega OS=Escherichia coli (strain K12) OX=83333 GN=rpoZ PE=1 SV=1	1	18		.(MAR)[+486.1327]VTVQDAVEKIGNRFD.L	2534.18	NONE	1	0	-	10	9	8.12456931e-06	-	-
184	/home/daniel/Desktop/datafiles/RealData/ecoli/DDA/TDP_Ecoli_DDA_1MS1_500ng_720_1200_NCE30/8mz/round1/modified_TDP_Ecoli_DDA_1MS1_500ng_720_1200_NCE30_8mz_ms2.msalign	486	5417	HCD	6322	3756.49	23	5	4616.97	4616.97	850	-	-1000	-1	1	sp|P0A746|MSRB_ECOLI	Peptide methionine sulfoxide reductase MsrB OS=Escherichia coli (strain K12) OX=83333 GN=msrB PE=1 SV=1	96	137		C.(GN(C)[Carbamidomethylation]DAHL)[43.9652]GHVFPDGPQPTGERYC[Carbamidomethylation]VNSASLRFTDGENGEEING.	4616.97	NONE	1	0	-	11	7	3.76641296e-06	-	-
185	/home/daniel/Desktop/datafiles/RealData/ecoli/DDA/TDP_Ecoli_DDA_1MS1_500ng_720_1200_NCE30/8mz/round1/modified_TDP_Ecoli_DDA_1MS1_500ng_720_1200_NCE30_8mz_ms2.msalign	487	5420	HCD	6326	3758.98	34	4	3749.83	3749.835742	914	-	-1000	-1	1	sp|P75818|YBJP_ECOLI	Uncharacterized lipoprotein YbjP OS=Escherichia coli (strain K12) OX=83333 GN=ybjP PE=1 SV=1	73	106		A.TLLSDASRDNNHRELLTNDPFSSRTTLPDSAHVA.S	3749.835742	NONE	0	0	-	12	11	7.3059231e-08	-	-
188	/home/daniel/Desktop/datafiles/RealData/ecoli/DDA/TDP_Ecoli_DDA_1MS1_500ng_720_1200_NCE30/8mz/round1/modified_TDP_Ecoli_DDA_1MS1_500ng_720_1200_NCE30_8mz_ms2.msalign	496	5511	HCD	6432	3826.25	19	5	4065.03	4065.11	905	-	-1000	-1	1	sp|P0A6P9|ENO_ECOLI	Enolase OS=Escherichia coli (strain K12) OX=83333 GN=eno PE=1 SV=2	7	46		K.IIGREIIDSRGNPTVEAEV(HLEGGFVGMAA)[+57.0977]APSGASTGSR.E	4065.11	NONE	1	0	-	8	8	0.001792371504	-	-
190	/home/daniel/Desktop/datafiles/RealData/ecoli/DDA/TDP_Ecoli_DDA_1MS1_500ng_720_1200_NCE30/8mz/round1/modified_TDP_Ecoli_DDA_1MS1_500ng_720_1200_NCE30_8mz_ms2.msalign	500	5564	HCD	6494	3863.88	46	4	3328.69	3328.689912	388	-	-1000	-1	1	sp|P0A6Y8|DNAK_ECOLI	Chaperone protein DnaK OS=Escherichia coli (strain K12) OX=83333 GN=dnaK PE=1 SV=2	26	56		R.VLENAEGDRTTPSIIAYTQDGETLVGQPAKR.Q	3328.689912	NONE	0	0	-	26	21	1.0609701519999999e-16	-	-
191	/home/daniel/Desktop/datafiles/RealData/ecoli/DDA/TDP_Ecoli_DDA_1MS1_500ng_720_1200_NCE30/8mz/round1/modified_TDP_Ecoli_DDA_1MS1_500ng_720_1200_NCE30_8mz_ms2.msalign	504	5571	HCD	6502	3868.69	35	3	2354.23	2354.234257	1110	-	-1000	-1	1	sp|P0ADY3|RL14_ECOLI	Large ribosomal subunit protein uL14 OS=Escherichia coli (strain K12) OX=83333 GN=rplN PE=1 SV=1	86	106		V.LLNNNSEQPIGTRIFGPVTRE.L	2354.234257	NONE	0	0	-	9	9	0.000150948344	-	-
193	/home/daniel/Desktop/datafiles/RealData/ecoli/DDA/TDP_Ecoli_DDA_1MS1_500ng_720_1200_NCE30/8mz/round1/modified_TDP_Ecoli_DDA_1MS1_500ng_720_1200_NCE30_8mz_ms2.msalign	508	5584	HCD	6517	3877.86	12	2	1630.84	1630.841381	1094	-	-1000	-1	1	sp|P0AEE5|MGLB_ECOLI	D-galactose/methyl-galactoside binding periplasmic protein MglB OS=Escherichia coli (strain K12) OX=83333 GN=mglB PE=1 SV=1	131	146		Y.VGTDSKESGIIQGDLI.A	1630.841381	NONE	0	0	-	5	5	0.00344706206	-	-
209	/home/daniel/Desktop/datafiles/RealData/ecoli/DDA/TDP_Ecoli_DDA_1MS1_500ng_720_1200_NCE30/8mz/round1/modified_TDP_Ecoli_DDA_1MS1_500ng_720_1200_NCE30_8mz_ms2.msalign	539	5701	HCD	6654	3963.74	29	2	1964.96	1964.966599	1017	-	-1000	-1	1	sp|P0AF70|YJEI_ECOLI	Uncharacterized protein YjeI OS=Escherichia coli (strain K12) OX=83333 GN=yjeI PE=3 SV=1	101	117		S.FVPTDSQIIGQVYKC[Carbamidomethylation]PN.	1964.966599	NONE	0	0	-	7	7	1.32094e-06	-	-
210	/home/daniel/Desktop/datafiles/RealData/ecoli/DDA/TDP_Ecoli_DDA_1MS1_500ng_720_1200_NCE30/8mz/round1/modified_TDP_Ecoli_DDA_1MS1_500ng_720_1200_NCE30_8mz_ms2.msalign	544	5726	HCD	6683	3982.23	32	6	4776.43	4777.449753	551	-	-1000	-1	1	sp|P0AA04|PTHP_ECOLI	Phosphocarrier protein HPr OS=Escherichia coli (strain K12) OX=83333 GN=ptsH PE=1 SV=1	1	45		.MFQQEVTITAPNGLHTRPAAQFVKEAKGFTSEITVTSNGKSASAK.S	4777.449753	NONE	0	0	-	7	6	0.0002504924	-	-
216	/home/daniel/Desktop/datafiles/RealData/ecoli/DDA/TDP_Ecoli_DDA_1MS1_500ng_720_1200_NCE30/8mz/round1/modified_TDP_Ecoli_DDA_1MS1_500ng_720_1200_NCE30_8mz_ms2.msalign	557	5773	HCD	6738	4017.46	75	3	2269.03	2269.075	1158	-	-1000	-1	1	sp|P0ADP9|YIHD_ECOLI	Protein YihD OS=Escherichia coli (strain K12) OX=83333 GN=yihD PE=1 SV=1	65	82		V.(IPGLQK)[+133.9487]DYEEDFKTALLR.A	2269.075	NONE	1	0	-	9	8	0.00562835898	-	-
217	/home/daniel/Desktop/datafiles/RealData/ecoli/DDA/TDP_Ecoli_DDA_1MS1_500ng_720_1200_NCE30/8mz/round1/modified_TDP_Ecoli_DDA_1MS1_500ng_720_1200_NCE30_8mz_ms2.msalign	561	5786	HCD	6753	4027.11	30	4	3070.6	3070.608749	1139	-	-1000	-1	1	sp|P0ADK0|YIAF_ECOLI	Uncharacterized protein YiaF OS=Escherichia coli (strain K12) OX=83333 GN=yiaF PE=4 SV=2	129	156		A.KLQADAAHSALKQSDDLKPVFDQAFTKV.V	3070.608749	NONE	0	0	-	8	7	0.00179706106	-	-
219	/home/daniel/Desktop/datafiles/RealData/ecoli/DDA/TDP_Ecoli_DDA_1MS1_500ng_720_1200_NCE30/8mz/round1/modified_TDP_Ecoli_DDA_1MS1_500ng_720_1200_NCE30_8mz_ms2.msalign	564	5802	HCD	6772	4039.18	43	5	3689.85	3689.859043	574	-	-1000	-1	1	sp|P0AGD3|SODF_ECOLI	Superoxide dismutase [Fe] OS=Escherichia coli (strain K12) OX=83333 GN=sodB PE=1 SV=2	13	44		K.DALAPHISAETIEYHYGKHHQTYVTNLNNLIK.G	3689.859043	NONE	0	0	-	8	8	0.000550677988	-	-
226	/home/daniel/Desktop/datafiles/RealData/ecoli/DDA/TDP_Ecoli_DDA_1MS1_500ng_720_1200_NCE30/8mz/round1/modified_TDP_Ecoli_DDA_1MS1_500ng_720_1200_NCE30_8mz_ms2.msalign	585	5906	HCD	6893	4117.64	32	4	4211.95	4211.963187	310	-	-1000	-1	1	sp|P0ADU5|YGIW_ECOLI	Protein YgiW OS=Escherichia coli (strain K12) OX=83333 GN=ygiW PE=1 SV=1	21	62		A.AEQGGFSGPSATQSQAGGFQGPNGSVTTVESAKSLRDDTWVT.L	4211.963187	NONE	0	0	-	17	14	7.16121236e-09	-	-
227	/home/daniel/Desktop/datafiles/RealData/ecoli/DDA/TDP_Ecoli_DDA_1MS1_500ng_720_1200_NCE30/8mz/round1/modified_TDP_Ecoli_DDA_1MS1_500ng_720_1200_NCE30_8mz_ms2.msalign	586	5907	HCD	6894	4118.31	52	4	3158.66	3158.72	1056	-	-1000	-1	1	sp|P45523|FKBA_ECOLI	FKBP-type peptidyl-prolyl cis-trans isomerase FkpA OS=Escherichia coli (strain K12) OX=83333 GN=fkpA PE=1 SV=1	145	172		S.(ST)[+206.2120]GLVYQVVEAGKGEAPKDSDTVVVNYK.G	3158.72	NONE	1	0	-	10	10	0.004155004332	-	-
232	/home/daniel/Desktop/datafiles/RealData/ecoli/DDA/TDP_Ecoli_DDA_1MS1_500ng_720_1200_NCE30/8mz/round1/modified_TDP_Ecoli_DDA_1MS1_500ng_720_1200_NCE30_8mz_ms2.msalign	596	5955	HCD	6950	4153.94	35	5	4360.02	4360.028883	1071	-	-1000	-1	1	sp|P09372|GRPE_ECOLI	Protein GrpE OS=Escherichia coli (strain K12) OX=83333 GN=grpE PE=1 SV=1	2	40		M.SSKEQKTPEGQAPEEIIMDQHEEIEAVEPEASAEQVDPR.D	4360.028883	NME	0	0	-	7	7	1.018e-05	-	-
237	/home/daniel/Desktop/datafiles/RealData/ecoli/DDA/TDP_Ecoli_DDA_1MS1_500ng_720_1200_NCE30/8mz/round1/modified_TDP_Ecoli_DDA_1MS1_500ng_720_1200_NCE30_8mz_ms2.msalign	606	5998	HCD	7000	4185.82	19	3	2414.31	2414.316924	910	-	-1000	-1	1	sp|P0ADY1|PPID_ECOLI	Periplasmic chaperone PpiD OS=Escherichia coli (strain K12) OX=83333 GN=ppiD PE=1 SV=1	469	490		I.SEHKPEAVKPLADVQEQVKALV.Q	2414.316924	NONE	0	0	-	5	5	0.0035141817	-	-
238	/home/daniel/Desktop/datafiles/RealData/ecoli/DDA/TDP_Ecoli_DDA_1MS1_500ng_720_1200_NCE30/8mz/round1/modified_TDP_Ecoli_DDA_1MS1_500ng_720_1200_NCE30_8mz_ms2.msalign	607	6000	HCD	7003	4187.57	37	4	3009.41	3009.416316	747	-	-1000	-1	1	sp|P22259|PCKA_ECOLI	Phosphoenolpyruvate carboxykinase (ATP) OS=Escherichia coli (strain K12) OX=83333 GN=pckA PE=1 SV=2	307	333		R.DALLENVTVREDGTIDFDDGSKTENTR.V	3009.416316	NONE	0	0	-	18	12	4.25275434e-10	-	-
239	/home/daniel/Desktop/datafiles/RealData/ecoli/DDA/TDP_Ecoli_DDA_1MS1_500ng_720_1200_NCE30/8mz/round1/modified_TDP_Ecoli_DDA_1MS1_500ng_720_1200_NCE30_8mz_ms2.msalign	609	6010	HCD	7014	4194.81	38	4	2991.37	2991.378749	853	-	-1000	-1	1	sp|P68206|YJBJ_ECOLI	UPF0337 protein YjbJ OS=Escherichia coli (strain K12) OX=83333 GN=yjbJ PE=1 SV=1	47	69		R.YGYQKDQAEKEVVDWETRNEYRW.	2991.378749	NONE	0	0	-	11	10	2.81322e-09	-	-
240	/home/daniel/Desktop/datafiles/RealData/ecoli/DDA/TDP_Ecoli_DDA_1MS1_500ng_720_1200_NCE30/8mz/round1/modified_TDP_Ecoli_DDA_1MS1_500ng_720_1200_NCE30_8mz_ms2.msalign	614	6026	HCD	7033	4207.0	34	2	1768.94	1768.947183	1146	-	-1000	-1	1	sp|P0AAS7|YBCJ_ECOLI	Putative RNA-binding protein YbcJ OS=Escherichia coli (strain K12) OX=83333 GN=ybcJ PE=1 SV=1	53	70		K.IVAGQTVSFAGHSVQVVA.	1768.947183	NONE	0	0	-	6	5	0.00229085	-	-
244	/home/daniel/Desktop/datafiles/RealData/ecoli/DDA/TDP_Ecoli_DDA_1MS1_500ng_720_1200_NCE30/8mz/round1/modified_TDP_Ecoli_DDA_1MS1_500ng_720_1200_NCE30_8mz_ms2.msalign	621	6073	HCD	7088	4242.35	30	2	1526.87	1526.87083	1170	-	-1000	-1	1	sp|P02359|RS7_ECOLI	Small ribosomal subunit protein uS7 OS=Escherichia coli (strain K12) OX=83333 GN=rpsG PE=1 SV=3	11	24		R.KILPDPKFGSELLA.K	1526.87083	NONE	0	0	-	7	6	0.00900078355	-	-
250	/home/daniel/Desktop/datafiles/RealData/ecoli/DDA/TDP_Ecoli_DDA_1MS1_500ng_720_1200_NCE30/8mz/round1/modified_TDP_Ecoli_DDA_1MS1_500ng_720_1200_NCE30_8mz_ms2.msalign	643	6181	HCD	7214	4323.35	20	2	1449.73	1449.7286	650	-	-1000	-1	1	sp|P69441|KAD_ECOLI	Adenylate kinase OS=Escherichia coli (strain K12) OX=83333 GN=adk PE=1 SV=1	24	36		K.YGIPQISTGDMLR.A	1449.7286	NONE	0	0	-	9	8	1.27222667e-07	-	-
254	/home/daniel/Desktop/datafiles/RealData/ecoli/DDA/TDP_Ecoli_DDA_1MS1_500ng_720_1200_NCE30/8mz/round1/modified_TDP_Ecoli_DDA_1MS1_500ng_720_1200_NCE30_8mz_ms2.msalign	655	6226	HCD	7266	4356.79	48	4	2927.38	2927.388075	711	-	-1000	-1	1	sp|P02358|RS6_ECOLI	Small ribosomal subunit protein bS6 OS=Escherichia coli (strain K12) OX=83333 GN=rpsF PE=1 SV=1	1	24		.MRHYEIVFMVHPDQSEQVPGMIER.Y	2927.388075	NONE	0	0	-	15	14	2.733081e-11	-	-
263	/home/daniel/Desktop/datafiles/RealData/ecoli/DDA/TDP_Ecoli_DDA_1MS1_500ng_720_1200_NCE30/8mz/round1/modified_TDP_Ecoli_DDA_1MS1_500ng_720_1200_NCE30_8mz_ms2.msalign	673	6321	HCD	7377	4427.37	27	4	3110.63	3110.636026	996	-	-1000	-1	1	sp|P0A6A3|ACKA_ECOLI	Acetate kinase OS=Escherichia coli (strain K12) OX=83333 GN=ackA PE=1 SV=1	369	397		K.SGFINKEGTRPAVVIPTNEELVIAQDASR.L	3110.636026	NONE	0	0	-	7	7	0.0039480614	-	-
266	/home/daniel/Desktop/datafiles/RealData/ecoli/DDA/TDP_Ecoli_DDA_1MS1_500ng_720_1200_NCE30/8mz/round1/modified_TDP_Ecoli_DDA_1MS1_500ng_720_1200_NCE30_8mz_ms2.msalign	682	6351	HCD	7412	4449.77	15	4	4142.89	4142.97	1155	-	-1000	-1	1	sp|P0A836|SUCC_ECOLI	Succinate--CoA ligase [ADP-forming] subunit beta OS=Escherichia coli (strain K12) OX=83333 GN=sucC PE=1 SV=1	1	40		.MNLHEYQAKQLFARYG(LPA)[-265.2033]PVGYAC[Carbamidomethylation]TTPREAEEAASKIGA.G	4142.97	NONE	1	0	-	6	5	0.005377564996	-	-
267	/home/daniel/Desktop/datafiles/RealData/ecoli/DDA/TDP_Ecoli_DDA_1MS1_500ng_720_1200_NCE30/8mz/round1/modified_TDP_Ecoli_DDA_1MS1_500ng_720_1200_NCE30_8mz_ms2.msalign	684	6355	HCD	7417	4452.94	10	4	4142.89	4143.97235	1136	-	-1000	-1	1	sp|P0A8L7|YCIU_ECOLI	UPF0263 protein YciU OS=Escherichia coli (strain K12) OX=83333 GN=yciU PE=1 SV=1	63	95		D.FDLNPDFFAEVVIGLADSEDG(EINDVFARILL(C)[Carbamidomethylation])[431.1753].R	4143.97235	NONE	1	0	-	4	6	0.000845854958	-	-
269	/home/daniel/Desktop/datafiles/RealData/ecoli/DDA/TDP_Ecoli_DDA_1MS1_500ng_720_1200_NCE30/8mz/round1/modified_TDP_Ecoli_DDA_1MS1_500ng_720_1200_NCE30_8mz_ms2.msalign	688	6366	HCD	7430	4461.18	46	3	2178.13	2178.132083	951	-	-1000	-1	1	sp|P06968|DUT_ECOLI	Deoxyuridine 5'-triphosphate nucleotidohydrolase OS=Escherichia coli (strain K12) OX=83333 GN=dut PE=1 SV=2	14	34		R.VGKEFPLPTYATSGSAGLDLR.A	2178.132083	NONE	0	0	-	10	10	1.99075832e-07	-	-
271	/home/daniel/Desktop/datafiles/RealData/ecoli/DDA/TDP_Ecoli_DDA_1MS1_500ng_720_1200_NCE30/8mz/round1/modified_TDP_Ecoli_DDA_1MS1_500ng_720_1200_NCE30_8mz_ms2.msalign	695	6386	HCD	7453	4476.09	14	6	5860.55	5860.62	1169	-	-1000	-1	1	sp|P77286|YDEU_ECOLI	Uncharacterized protein YdeU OS=Escherichia coli (strain K12) OX=83333 GN=ydeU PE=5 SV=1	129	183		N.NPPVVDPEGPSVYRPEAGSYISNIAAA(NSLFSHRLHDRLGEPQY)[-29.2171]TDSLHSQGSAS.S	5860.62	NONE	1	0	-	5	6	0.00863819578	-	-
272	/home/daniel/Desktop/datafiles/RealData/ecoli/DDA/TDP_Ecoli_DDA_1MS1_500ng_720_1200_NCE30/8mz/round1/modified_TDP_Ecoli_DDA_1MS1_500ng_720_1200_NCE30_8mz_ms2.msalign	696	6388	HCD	7455	4477.41	27	3	2266.1	2266.106382	813	-	-1000	-1	1	sp|P64581|YQJD_ECOLI	Uncharacterized protein YqjD OS=Escherichia coli (strain K12) OX=83333 GN=yqjD PE=1 SV=1	17	37		S.LSDTLEEVLSSSGEKSKEELS.K	2266.106382	NONE	0	0	-	9	7	9.05770664e-05	-	-
277	/home/daniel/Desktop/datafiles/RealData/ecoli/DDA/TDP_Ecoli_DDA_1MS1_500ng_720_1200_NCE30/8mz/round1/modified_TDP_Ecoli_DDA_1MS1_500ng_720_1200_NCE30_8mz_ms2.msalign	708	6442	HCD	7518	4517.93	39	3	2382.18	2382.181553	735	-	-1000	-1	1	sp|P0A6L0|DEOC_ECOLI	Deoxyribose-phosphate aldolase OS=Escherichia coli (strain K12) OX=83333 GN=deoC PE=1 SV=1	70	91		R.IATVTNFPHGNDDIDIALAETR.A	2382.181553	NONE	0	0	-	14	13	1.348330656e-10	-	-
278	/home/daniel/Desktop/datafiles/RealData/ecoli/DDA/TDP_Ecoli_DDA_1MS1_500ng_720_1200_NCE30/8mz/round1/modified_TDP_Ecoli_DDA_1MS1_500ng_720_1200_NCE30_8mz_ms2.msalign	709	6443	HCD	7519	4518.59	40	2	1541.75	1541.751443	1068	-	-1000	-1	1	sp|P77804|YDGA_ECOLI	Protein YdgA OS=Escherichia coli (strain K12) OX=83333 GN=ydgA PE=1 SV=1	91	104		V.IFNESVDHGPFPLA.Q	1541.751443	NONE	0	0	-	8	8	1.00271445e-05	-	-
283	/home/daniel/Desktop/datafiles/RealData/ecoli/DDA/TDP_Ecoli_DDA_1MS1_500ng_720_1200_NCE30/8mz/round1/modified_TDP_Ecoli_DDA_1MS1_500ng_720_1200_NCE30_8mz_ms2.msalign	719	6475	HCD	7557	4542.91	22	2	1482.8	1482.8	1102	-	-1000	-1	1	sp|P60723|RL4_ECOLI	Large ribosomal subunit protein uL4 OS=Escherichia coli (strain K12) OX=83333 GN=rplD PE=1 SV=1	169	182		D.(VRDAT)[+57.0173]GIDPVSLIA.F	1482.8	NONE	1	0	-	10	8	0.0018723232	-	-
284	/home/daniel/Desktop/datafiles/RealData/ecoli/DDA/TDP_Ecoli_DDA_1MS1_500ng_720_1200_NCE30/8mz/round1/modified_TDP_Ecoli_DDA_1MS1_500ng_720_1200_NCE30_8mz_ms2.msalign	721	6481	HCD	7564	4547.4	17	2	1844.96	1844.963227	1100	-	-1000	-1	1	sp|P75777|YBHG_ECOLI	UPF0194 membrane protein YbhG OS=Escherichia coli (strain K12) OX=83333 GN=ybhG PE=2 SV=1	218	235		T.RAVEPGTVLNEGGTVFTV.S	1844.963227	NONE	0	0	-	7	7	4.3730614e-05	-	-
293	/home/daniel/Desktop/datafiles/RealData/ecoli/DDA/TDP_Ecoli_DDA_1MS1_500ng_720_1200_NCE30/8mz/round1/modified_TDP_Ecoli_DDA_1MS1_500ng_720_1200_NCE30_8mz_ms2.msalign	742	6518	HCD	7607	4573.45	36	4	4204.99	4204.99713	1038	-	-1000	-1	1	sp|P69411|RCSF_ECOLI	Outer membrane lipoprotein RcsF OS=Escherichia coli (strain K12) OX=83333 GN=rcsF PE=1 SV=1	51	89		R.IYTNAEELVGKPFRDLGEVSGDSC[Carbamidomethylation]QASNQDSPPSIPTAR.K	4204.99713	NONE	0	0	-	11	10	3.86232e-06	-	-
305	/home/daniel/Desktop/datafiles/RealData/ecoli/DDA/TDP_Ecoli_DDA_1MS1_500ng_720_1200_NCE30/8mz/round1/modified_TDP_Ecoli_DDA_1MS1_500ng_720_1200_NCE30_8mz_ms2.msalign	777	6588	HCD	7689	4621.79	63	2	1760.86	1760.855	1133	-	-1000	-1	1	sp|P0A8E7|YAJQ_ECOLI	UPF0234 protein YajQ OS=Escherichia coli (strain K12) OX=83333 GN=yajQ PE=1 SV=2	1	16		.(MP)[-74.0221]SFDIVSEVDLQEAR.N	1760.855	NONE	1	0	-	14	14	0.0007222915854	-	-
311	/home/daniel/Desktop/datafiles/RealData/ecoli/DDA/TDP_Ecoli_DDA_1MS1_500ng_720_1200_NCE30/8mz/round1/modified_TDP_Ecoli_DDA_1MS1_500ng_720_1200_NCE30_8mz_ms2.msalign	788	6616	HCD	7721	4641.93	40	4	2976.43	2977.431847	1105	-	-1000	-1	1	sp|P0ADT8|YGIM_ECOLI	Uncharacterized protein YgiM OS=Escherichia coli (strain K12) OX=83333 GN=ygiM PE=3 SV=1	23	47		A.EETRYVSDELNTWVRSGPGDHYRLV.G	2977.431847	NONE	0	0	-	9	9	8.9390627e-05	-	-
313	/home/daniel/Desktop/datafiles/RealData/ecoli/DDA/TDP_Ecoli_DDA_1MS1_500ng_720_1200_NCE30/8mz/round1/modified_TDP_Ecoli_DDA_1MS1_500ng_720_1200_NCE30_8mz_ms2.msalign	799	6639	HCD	7748	4659.23	12	2	1853.99	1853.988714	927	-	-1000	-1	1	sp|Q2M7R5|YIBT_ECOLI	Uncharacterized protein YibT OS=Escherichia coli (strain K12) OX=83333 GN=yibT PE=4 SV=1	37	53		N.AIPSGIPDESVPLYLQR.L	1853.988714	NONE	0	0	-	9	8	1.47892622e-05	-	-
318	/home/daniel/Desktop/datafiles/RealData/ecoli/DDA/TDP_Ecoli_DDA_1MS1_500ng_720_1200_NCE30/8mz/round1/modified_TDP_Ecoli_DDA_1MS1_500ng_720_1200_NCE30_8mz_ms2.msalign	815	6670	HCD	7784	4682.24	12	2	1963.95	1963.985	991	-	-1000	-1	2	sp|P0CE47|EFTU1_ECOLI	Elongation factor Tu 1 OS=Escherichia coli (strain K12) OX=83333 GN=tufA PE=1 SV=1	156	172		R.(ELLSQ)[+0.0323]YDFPGDDTPIVR.G	1963.985	NONE	1	0	-	10	9	5.24258781e-07	-	-
320	/home/daniel/Desktop/datafiles/RealData/ecoli/DDA/TDP_Ecoli_DDA_1MS1_500ng_720_1200_NCE30/8mz/round1/modified_TDP_Ecoli_DDA_1MS1_500ng_720_1200_NCE30_8mz_ms2.msalign	821	6676	HCD	7791	4686.73	16	3	2684.27	2684.277697	997	-	-1000	-1	1	sp|P0ADZ4|RS15_ECOLI	Small ribosomal subunit protein uS15 OS=Escherichia coli (strain K12) OX=83333 GN=rpsO PE=1 SV=2	2	27		M.SLSTEATAKIVSEFGRDANDTGSTEV.Q	2684.277697	NME	0	0	-	6	6	8.03904e-07	-	-
325	/home/daniel/Desktop/datafiles/RealData/ecoli/DDA/TDP_Ecoli_DDA_1MS1_500ng_720_1200_NCE30/8mz/round1/modified_TDP_Ecoli_DDA_1MS1_500ng_720_1200_NCE30_8mz_ms2.msalign	836	6699	HCD	7818	4703.7	29	6	4347.17	4347.255	468	-	-1000	-1	1	sp|P68066|GRCA_ECOLI	Autonomous glycyl radical cofactor OS=Escherichia coli (strain K12) OX=83333 GN=grcA PE=1 SV=1	18	55		N.(SFWLLDSEKGEAR(C)[Carbamidomethylation]IVAKAGY)[74.1185]AEDEVVAVSKLGDIEYR.E	4347.255	NONE	1	0	-	14	13	1.47621117e-06	-	-
330	/home/daniel/Desktop/datafiles/RealData/ecoli/DDA/TDP_Ecoli_DDA_1MS1_500ng_720_1200_NCE30/8mz/round1/modified_TDP_Ecoli_DDA_1MS1_500ng_720_1200_NCE30_8mz_ms2.msalign	853	6735	HCD	7860	4729.55	23	2	1514.8	1514.794036	1129	-	-1000	-1	1	sp|P78067|YNJE_ECOLI	Thiosulfate sulfurtransferase YnjE OS=Escherichia coli (strain K12) OX=83333 GN=ynjE PE=1 SV=2	124	137		I.SILSDALSEPSRLQ.K	1514.794036	NONE	0	0	-	6	6	0.00051872982	-	-
333	/home/daniel/Desktop/datafiles/RealData/ecoli/DDA/TDP_Ecoli_DDA_1MS1_500ng_720_1200_NCE30/8mz/round1/modified_TDP_Ecoli_DDA_1MS1_500ng_720_1200_NCE30_8mz_ms2.msalign	864	6756	HCD	7885	4744.86	43	3	2445.29	2445.290375	971	-	-1000	-1	1	sp|P37194|SLP_ECOLI	Outer membrane protein Slp OS=Escherichia coli (strain K12) OX=83333 GN=slp PE=1 SV=1	75	96		S.VLPLDSYAKPDIEANYQGRLLA.R	2445.290375	NONE	0	0	-	10	10	3.26713626e-07	-	-
341	/home/daniel/Desktop/datafiles/RealData/ecoli/DDA/TDP_Ecoli_DDA_1MS1_500ng_720_1200_NCE30/8mz/round1/modified_TDP_Ecoli_DDA_1MS1_500ng_720_1200_NCE30_8mz_ms2.msalign	898	6820	HCD	7959	4791.87	41	5	4493.43	4493.435423	620	-	-1000	-1	1	sp|P0AE06|ACRA_ECOLI	Multidrug efflux pump subunit AcrA OS=Escherichia coli (strain K12) OX=83333 GN=acrA PE=1 SV=1	296	337		A.RLEEGLNPNAILVPQQGVTRTPRGDATVLVVGADDKVETRPI.V	4493.435423	NONE	0	0	-	26	23	9.8687601e-13	-	-
344	/home/daniel/Desktop/datafiles/RealData/ecoli/DDA/TDP_Ecoli_DDA_1MS1_500ng_720_1200_NCE30/8mz/round1/modified_TDP_Ecoli_DDA_1MS1_500ng_720_1200_NCE30_8mz_ms2.msalign	907	6842	HCD	7985	4808.51	20	4	3878.02	3879.00235	1007	-	-1000	-1	1	sp|P0AF93|RIDA_ECOLI	2-iminobutanoate/2-iminopropanoate deaminase OS=Escherichia coli (strain K12) OX=83333 GN=ridA PE=1 SV=2	2	38		M.SKTIATENAPAAIGPYVQGVDLGNMII[+115.0205]TSGQIPVNPK.T	3879.00235	NME	1	0	-	6	7	0.001307693376	-	-
349	/home/daniel/Desktop/datafiles/RealData/ecoli/DDA/TDP_Ecoli_DDA_1MS1_500ng_720_1200_NCE30/8mz/round1/modified_TDP_Ecoli_DDA_1MS1_500ng_720_1200_NCE30_8mz_ms2.msalign	928	6935	HCD	8093	4877.85	27	3	2310.17	2310.177713	553	-	-1000	-1	1	sp|P77695|GNSB_ECOLI	Protein GnsB OS=Escherichia coli (strain K12) OX=83333 GN=gnsB PE=3 SV=2	1	20		.MNIENLKTKAEADISEYITK.K	2310.177713	NONE	0	0	-	14	13	4.607274e-14	-	-
362	/home/daniel/Desktop/datafiles/RealData/ecoli/DDA/TDP_Ecoli_DDA_1MS1_500ng_720_1200_NCE30/8mz/round1/modified_TDP_Ecoli_DDA_1MS1_500ng_720_1200_NCE30_8mz_ms2.msalign	956	7051	HCD	8229	4966.16	27	4	3272.55	3272.555411	743	-	-1000	-1	1	sp|P0ABU5|ELBB_ECOLI	Glyoxalase ElbB OS=Escherichia coli (strain K12) OX=83333 GN=elbB PE=1 SV=1	32	61		R.SGAQAVC[Carbamidomethylation]FAPDKQQVDVINHLTGEAMTETR.N	3272.555411	NONE	0	0	-	9	8	2.252417e-05	-	-
374	/home/daniel/Desktop/datafiles/RealData/ecoli/DDA/TDP_Ecoli_DDA_1MS1_500ng_720_1200_NCE30/8mz/round1/modified_TDP_Ecoli_DDA_1MS1_500ng_720_1200_NCE30_8mz_ms2.msalign	985	7132	HCD	8323	5026.72	22	3	2614.33	2614.333756	20	-	-1000	-1	1	sp|P0A7K2|RL7_ECOLI	Large ribosomal subunit protein bL12 OS=Escherichia coli (strain K12) OX=83333 GN=rplL PE=1 SV=2	97	121		K.EGVSKDDAEALKKALEEAGAEVEVK.	2614.333756	NONE	0	0	-	11	10	1.326884e-08	-	-
376	/home/daniel/Desktop/datafiles/RealData/ecoli/DDA/TDP_Ecoli_DDA_1MS1_500ng_720_1200_NCE30/8mz/round1/modified_TDP_Ecoli_DDA_1MS1_500ng_720_1200_NCE30_8mz_ms2.msalign	994	7154	HCD	8349	5043.41	17	3	2386.31	2386.28	1160	-	-1000	-1	1	sp|C1P616|IBSD_ECOLI	Small toxic protein IbsD OS=Escherichia coli (strain K12) OX=83333 GN=ibsD PE=3 SV=1	1	19		.(MMKLVIILIVL)[+236.9778]LLVSFAAY.	2386.28	NONE	1	0	-	5	5	0.006446856	-	-
378	/home/daniel/Desktop/datafiles/RealData/ecoli/DDA/TDP_Ecoli_DDA_1MS1_500ng_720_1200_NCE30/8mz/round1/modified_TDP_Ecoli_DDA_1MS1_500ng_720_1200_NCE30_8mz_ms2.msalign	1000	7163	HCD	8359	5049.91	11	5	4577.24	4576.27265	1159	-	-1000	-1	1	sp|P77221|YAHG_ECOLI	Uncharacterized protein YahG OS=Escherichia coli (strain K12) OX=83333 GN=yahG PE=4 SV=1	1	43		.[Acetyl]-MSQSLFS(QPLNVINVGIAM)[-234.1008]FSDDLKKQHVEVTQLDWTPPGQGN.M	4576.27265	M_ACETYLATION	1	0	-	5	5	0.0061293338	-	-
385	/home/daniel/Desktop/datafiles/RealData/ecoli/DDA/TDP_Ecoli_DDA_1MS1_500ng_720_1200_NCE30/8mz/round1/modified_TDP_Ecoli_DDA_1MS1_500ng_720_1200_NCE30_8mz_ms2.msalign	1017	7234	HCD	8442	5103.34	15	3	2651.47	2651.479256	384	-	-1000	-1	1	sp|P0AGL2|TDCF_ECOLI	Putative reactive intermediate deaminase TdcF OS=Escherichia coli (strain K12) OX=83333 GN=tdcF PE=1 SV=1	106	129		R.SC[Carbamidomethylation]VQVARLPKDVKLEIEAIAVRSA.	2651.479256	NONE	0	0	-	8	7	9.7773e-06	-	-
386	/home/daniel/Desktop/datafiles/RealData/ecoli/DDA/TDP_Ecoli_DDA_1MS1_500ng_720_1200_NCE30/8mz/round1/modified_TDP_Ecoli_DDA_1MS1_500ng_720_1200_NCE30_8mz_ms2.msalign	1019	7242	HCD	8452	5109.6	41	3	2166.06	2166.09	1178	-	-1000	-1	1	sp|P0ACT6|UIDR_ECOLI	HTH-type transcriptional regulator UidR OS=Escherichia coli (strain K12) OX=83333 GN=uidR PE=4 SV=1	180	196		A.SFAQGLRAMIGGIL[+474.1871]TAS.	2166.09	NONE	1	0	-	9	8	0.00932892192	-	-
387	/home/daniel/Desktop/datafiles/RealData/ecoli/DDA/TDP_Ecoli_DDA_1MS1_500ng_720_1200_NCE30/8mz/round1/modified_TDP_Ecoli_DDA_1MS1_500ng_720_1200_NCE30_8mz_ms2.msalign	1022	7248	HCD	8459	5114.11	51	5	4220.11	4220.118055	623	-	-1000	-1	1	sp|P0A6Q3|FABA_ECOLI	3-hydroxydecanoyl-[acyl-carrier-protein] dehydratase OS=Escherichia coli (strain K12) OX=83333 GN=fabA PE=1 SV=2	2	39		M.VDKRESYTKEDLLASGRGELFGAKGPQLPAPNMLMMDR.V	4220.118055	NME	0	0	-	24	22	1.59916e-12	-	-
388	/home/daniel/Desktop/datafiles/RealData/ecoli/DDA/TDP_Ecoli_DDA_1MS1_500ng_720_1200_NCE30/8mz/round1/modified_TDP_Ecoli_DDA_1MS1_500ng_720_1200_NCE30_8mz_ms2.msalign	1023	7252	HCD	8463	5116.86	24	4	3647.77	3647.781113	986	-	-1000	-1	1	sp|P0A858|TPIS_ECOLI	Triosephosphate isomerase OS=Escherichia coli (strain K12) OX=83333 GN=tpiA PE=1 SV=1	113	145		K.FAVLKEQGLTPVLC[Carbamidomethylation]IGETEAENEAGKTEEVC[Carbamidomethylation]AR.Q	3647.781113	NONE	0	0	-	9	8	4.695383e-07	-	-
389	/home/daniel/Desktop/datafiles/RealData/ecoli/DDA/TDP_Ecoli_DDA_1MS1_500ng_720_1200_NCE30/8mz/round1/modified_TDP_Ecoli_DDA_1MS1_500ng_720_1200_NCE30_8mz_ms2.msalign	1024	7254	HCD	8466	5118.61	19	2	1562.81	1562.809293	1074	-	-1000	-1	1	sp|P0AC69|GLRX4_ECOLI	Glutaredoxin 4 OS=Escherichia coli (strain K12) OX=83333 GN=grxD PE=1 SV=1	47	59		R.FAYVDILQNPDIR.A	1562.809293	NONE	0	0	-	7	7	1.194375868e-05	-	-
391	/home/daniel/Desktop/datafiles/RealData/ecoli/DDA/TDP_Ecoli_DDA_1MS1_500ng_720_1200_NCE30/8mz/round1/modified_TDP_Ecoli_DDA_1MS1_500ng_720_1200_NCE30_8mz_ms2.msalign	1030	7271	HCD	8485	5131.05	12	2	1799.94	1799.941763	1161	-	-1000	-1	1	sp|P0A7J3|RL10_ECOLI	Large ribosomal subunit protein uL10 OS=Escherichia coli (strain K12) OX=83333 GN=rplJ PE=1 SV=2	111	127		A.AAFEGELIPASQIDRLA.T	1799.941763	NONE	0	0	-	7	7	0.00650951638	-	-
392	/home/daniel/Desktop/datafiles/RealData/ecoli/DDA/TDP_Ecoli_DDA_1MS1_500ng_720_1200_NCE30/8mz/round1/modified_TDP_Ecoli_DDA_1MS1_500ng_720_1200_NCE30_8mz_ms2.msalign	1031	7280	HCD	8496	5138.07	40	5	4232.14	4232.154222	1058	-	-1000	-1	1	sp|P62768|YAEH_ECOLI	UPF0325 protein YaeH OS=Escherichia coli (strain K12) OX=83333 GN=yaeH PE=3 SV=1	10	44		G.ITNPEEIDRYSLRQEANNDILKIYFQKDKGEFFAK.S	4232.154222	NONE	0	0	-	13	12	7.42238462e-06	-	-
397	/home/daniel/Desktop/datafiles/RealData/ecoli/DDA/TDP_Ecoli_DDA_1MS1_500ng_720_1200_NCE30/8mz/round1/modified_TDP_Ecoli_DDA_1MS1_500ng_720_1200_NCE30_8mz_ms2.msalign	1046	7399	HCD	8635	5227.5	30	4	3194.56	3194.567278	607	-	-1000	-1	1	sp|P0A853|TNAA_ECOLI	Tryptophanase OS=Escherichia coli (strain K12) OX=83333 GN=tnaA PE=1 SV=1	152	178		R.NVYIKEAFDTGVRYDFKGNFDLEGLER.G	3194.567278	NONE	0	0	-	15	14	5.25619878e-13	-	-
412	/home/daniel/Desktop/datafiles/RealData/ecoli/DDA/TDP_Ecoli_DDA_1MS1_500ng_720_1200_NCE30/8mz/round1/modified_TDP_Ecoli_DDA_1MS1_500ng_720_1200_NCE30_8mz_ms2.msalign	1079	7525	HCD	8782	5322.05	25	4	3114.56	3114.565564	1137	-	-1000	-1	1	sp|P0A7K6|RL19_ECOLI	Large ribosomal subunit protein bL19 OS=Escherichia coli (strain K12) OX=83333 GN=rplS PE=1 SV=2	2	28		M.SNIIKQLEQEQMKQDVPSFRPGDTVEV.K	3114.565564	NME	0	0	-	5	5	0.001080588	-	-
416	/home/daniel/Desktop/datafiles/RealData/ecoli/DDA/TDP_Ecoli_DDA_1MS1_500ng_720_1200_NCE30/8mz/round1/modified_TDP_Ecoli_DDA_1MS1_500ng_720_1200_NCE30_8mz_ms2.msalign	1089	7551	HCD	8812	5341.4	43	5	3843.95	3843.953063	692	-	-1000	-1	1	sp|P0AC81|LGUL_ECOLI	Lactoylglutathione lyase OS=Escherichia coli (strain K12) OX=83333 GN=gloA PE=1 SV=1	99	135		R.EAGPVKGGTTVIAFVEDPDGYKIELIEEKDAGRGLGN.	3843.953063	NONE	0	0	-	17	13	1.883392e-11	-	-
422	/home/daniel/Desktop/datafiles/RealData/ecoli/DDA/TDP_Ecoli_DDA_1MS1_500ng_720_1200_NCE30/8mz/round1/modified_TDP_Ecoli_DDA_1MS1_500ng_720_1200_NCE30_8mz_ms2.msalign	1112	7609	HCD	8880	5385.09	32	3	2214.12	2214.12	614	-	-1000	-1	1	sp|P0AAB8|USPD_ECOLI	Universal stress protein D OS=Escherichia coli (strain K12) OX=83333 GN=uspD PE=2 SV=1	8	28		G.VAIS[-10.0863]GNEEDALLVNKALELAR.H	2214.12	NONE	1	0	-	12	12	1.758477406e-07	-	-
427	/home/daniel/Desktop/datafiles/RealData/ecoli/DDA/TDP_Ecoli_DDA_1MS1_500ng_720_1200_NCE30/8mz/round1/modified_TDP_Ecoli_DDA_1MS1_500ng_720_1200_NCE30_8mz_ms2.msalign	1118	7622	HCD	8895	5394.76	11	3	2820.34	2820.34136	1023	-	-1000	-1	1	sp|P69829|PTSN_ECOLI	Nitrogen regulatory protein OS=Escherichia coli (strain K12) OX=83333 GN=ptsN PE=1 SV=1	139	163		R.RLRAAQSDEELYQIITDTEGTPDEA.	2820.34136	NONE	0	0	-	6	6	2.1429e-06	-	-
432	/home/daniel/Desktop/datafiles/RealData/ecoli/DDA/TDP_Ecoli_DDA_1MS1_500ng_720_1200_NCE30/8mz/round1/modified_TDP_Ecoli_DDA_1MS1_500ng_720_1200_NCE30_8mz_ms2.msalign	1127	7658	HCD	8937	5421.76	47	9	7197.73	7197.72	1026	-	-1000	-1	1	sp|P64463|YDFZ_ECOLI	Putative selenoprotein YdfZ OS=Escherichia coli (strain K12) OX=83333 GN=ydfZ PE=1 SV=1	1	67		.MTTYDRNRNAITTGSRVMVSGT(GHTGKILSI)[-131.0654]DTEGLTAEQIRRGKTVVVEGC[Carbamidomethylation]EEKLAPLDLIRLGMN.	7197.72	NONE	1	0	-	8	9	2.819425e-06	-	-
433	/home/daniel/Desktop/datafiles/RealData/ecoli/DDA/TDP_Ecoli_DDA_1MS1_500ng_720_1200_NCE30/8mz/round1/modified_TDP_Ecoli_DDA_1MS1_500ng_720_1200_NCE30_8mz_ms2.msalign	1134	7675	HCD	8957	5434.6	57	5	3723.93	3722.92265	847	-	-1000	-1	1	sp|P76372|WZZB_ECOLI	Chain length determinant protein OS=Escherichia coli (strain K12) OX=83333 GN=wzzB PE=1 SV=2	156	187		V.DDKVNQELEKDLKDNIA[-1.0165]LGRKNLQDSLRTQEV.V	3722.92265	NONE	1	0	-	15	15	0.0001062614784	-	-
436	/home/daniel/Desktop/datafiles/RealData/ecoli/DDA/TDP_Ecoli_DDA_1MS1_500ng_720_1200_NCE30/8mz/round1/modified_TDP_Ecoli_DDA_1MS1_500ng_720_1200_NCE30_8mz_ms2.msalign	1148	7711	HCD	8999	5461.61	21	6	5301.64	5301.646991	953	-	-1000	-1	1	sp|P0AFK9|POTD_ECOLI	Spermidine/putrescine-binding periplasmic protein OS=Escherichia coli (strain K12) OX=83333 GN=potD PE=1 SV=1	302	348		R.KLLSPEVANDKTLYPDAETIKNGEWQNDVGAASSIYEEYYQKLKAGR.	5301.646991	NONE	0	0	-	10	10	2.3949e-07	-	-
439	/home/daniel/Desktop/datafiles/RealData/ecoli/DDA/TDP_Ecoli_DDA_1MS1_500ng_720_1200_NCE30/8mz/round1/modified_TDP_Ecoli_DDA_1MS1_500ng_720_1200_NCE30_8mz_ms2.msalign	1163	7751	HCD	9045	5491.28	36	3	2961.4	2961.406604	881	-	-1000	-1	1	sp|P09394|GLPQ_ECOLI	Glycerophosphodiester phosphodiesterase, periplasmic OS=Escherichia coli (strain K12) OX=83333 GN=glpQ PE=1 SV=2	271	297		V.AEYADGIGPDYHMLIEETSQPGNIKLT.G	2961.406604	NONE	0	0	-	11	11	1.474385388e-08	-	-
440	/home/daniel/Desktop/datafiles/RealData/ecoli/DDA/TDP_Ecoli_DDA_1MS1_500ng_720_1200_NCE30/8mz/round1/modified_TDP_Ecoli_DDA_1MS1_500ng_720_1200_NCE30_8mz_ms2.msalign	1165	7755	HCD	9050	5494.46	66	4	3062.56	3062.569963	1150	-	-1000	-1	1	sp|P0A7W7|RS8_ECOLI	Small ribosomal subunit protein uS8 OS=Escherichia coli (strain K12) OX=83333 GN=rpsH PE=1 SV=2	36	62		A.IANVLKEEGFIEDFKVEGDTKPELELT.L	3062.569963	NONE	0	0	-	11	10	0.005048081	-	-
441	/home/daniel/Desktop/datafiles/RealData/ecoli/DDA/TDP_Ecoli_DDA_1MS1_500ng_720_1200_NCE30/8mz/round1/modified_TDP_Ecoli_DDA_1MS1_500ng_720_1200_NCE30_8mz_ms2.msalign	1167	7759	HCD	9055	5497.63	35	6	5517.65	5517.76	922	-	-1000	-1	1	sp|P0ABK5|CYSK_ECOLI	Cysteine synthase A OS=Escherichia coli (strain K12) OX=83333 GN=cysK PE=1 SV=2	33	84		V.(ESRNPSFSVK(C)[Carbamidomethylation]RIGANMIWDAEKRGVLKPGVELVE)[-67.1435]PTSGNTGIALAYVAAAR.G	5517.76	NONE	1	0	-	11	11	9.06302346e-05	-	-
450	/home/daniel/Desktop/datafiles/RealData/ecoli/DDA/TDP_Ecoli_DDA_1MS1_500ng_720_1200_NCE30/8mz/round1/modified_TDP_Ecoli_DDA_1MS1_500ng_720_1200_NCE30_8mz_ms2.msalign	1185	7828	HCD	9135	5549.13	12	4	3345.65	3345.656445	918	-	-1000	-1	1	sp|P0A8P3|FETP_ECOLI	Probable Fe(2+)-trafficking protein OS=Escherichia coli (strain K12) OX=83333 GN=yggX PE=1 SV=2	2	29		M.SRTIFC[Carbamidomethylation]TFLQREAEGQDFQLYPGELGKR.I	3345.656445	NME	0	0	-	7	7	6.31566e-06	-	-
456	/home/daniel/Desktop/datafiles/RealData/ecoli/DDA/TDP_Ecoli_DDA_1MS1_500ng_720_1200_NCE30/8mz/round1/modified_TDP_Ecoli_DDA_1MS1_500ng_720_1200_NCE30_8mz_ms2.msalign	1204	7882	HCD	9198	5589.66	23	4	2927.6	2927.59	1119	-	-1000	-1	1	sp|P0AB71|ALF_ECOLI	Fructose-bisphosphate aldolase class 2 OS=Escherichia coli (strain K12) OX=83333 GN=fbaA PE=1 SV=2	217	243		R.FTIAASFGNV(HGVYK)[+57.0093]PGNVVLTPTILR.D	2927.59	NONE	1	0	-	9	9	0.0001962382005	-	-
458	/home/daniel/Desktop/datafiles/RealData/ecoli/DDA/TDP_Ecoli_DDA_1MS1_500ng_720_1200_NCE30/8mz/round1/modified_TDP_Ecoli_DDA_1MS1_500ng_720_1200_NCE30_8mz_ms2.msalign	1207	7887	HCD	9204	5593.49	26	2	1611.87	1611.871952	640	-	-1000	-1	1	sp|P0AE08|AHPC_ECOLI	Alkyl hydroperoxide reductase C OS=Escherichia coli (strain K12) OX=83333 GN=ahpC PE=1 SV=2	172	187		K.EGEATLAPSLDLVGKI.	1611.871952	NONE	0	0	-	10	9	3.76731e-08	-	-
460	/home/daniel/Desktop/datafiles/RealData/ecoli/DDA/TDP_Ecoli_DDA_1MS1_500ng_720_1200_NCE30/8mz/round1/modified_TDP_Ecoli_DDA_1MS1_500ng_720_1200_NCE30_8mz_ms2.msalign	1211	7910	HCD	9231	5610.84	43	4	3088.5	3088.503633	228	-	-1000	-1	1	sp|P0AC62|GLRX3_ECOLI	Glutaredoxin 3 OS=Escherichia coli (strain K12) OX=83333 GN=grxC PE=1 SV=2	48	75		R.SGRTTVPQIFIDAQHIGGC[Carbamidomethylation]DDLYALDAR.G	3088.503633	NONE	0	0	-	22	19	2.97384871e-16	-	-
464	/home/daniel/Desktop/datafiles/RealData/ecoli/DDA/TDP_Ecoli_DDA_1MS1_500ng_720_1200_NCE30/8mz/round1/modified_TDP_Ecoli_DDA_1MS1_500ng_720_1200_NCE30_8mz_ms2.msalign	1215	7921	HCD	9244	5619.16	51	2	1518.79	1518.792974	1104	-	-1000	-1	1	sp|P0ACG1|STPA_ECOLI	DNA-binding protein StpA OS=Escherichia coli (strain K12) OX=83333 GN=stpA PE=1 SV=1	121	134		A.QALAEGKSLDDFLI.	1518.792974	NONE	0	0	-	7	6	8.12838e-05	-	-
473	/home/daniel/Desktop/datafiles/RealData/ecoli/DDA/TDP_Ecoli_DDA_1MS1_500ng_720_1200_NCE30/8mz/round1/modified_TDP_Ecoli_DDA_1MS1_500ng_720_1200_NCE30_8mz_ms2.msalign	1239	8019	HCD	9358	5692.48	28	4	3029.57	3029.57684	738	-	-1000	-1	1	sp|P0ABD8|BCCP_ECOLI	Biotin carboxyl carrier protein of acetyl-CoA carboxylase OS=Escherichia coli (strain K12) OX=83333 GN=accB PE=1 SV=1	8	34		K.KLIELVEESGISELEISEGEESVRISR.A	3029.57684	NONE	0	0	-	11	11	2.08479128e-10	-	-
477	/home/daniel/Desktop/datafiles/RealData/ecoli/DDA/TDP_Ecoli_DDA_1MS1_500ng_720_1200_NCE30/8mz/round1/modified_TDP_Ecoli_DDA_1MS1_500ng_720_1200_NCE30_8mz_ms2.msalign	1246	8052	HCD	9397	5717.81	32	4	3381.75	3381.754368	822	-	-1000	-1	1	sp|P0AF96|TABA_ECOLI	Toxin-antitoxin biofilm protein TabA OS=Escherichia coli (strain K12) OX=83333 GN=tabA PE=1 SV=1	111	141		K.TVILNEGDFVVFYPGEVHKPLC[Carbamidomethylation]AVGAPAQVR.K	3381.754368	NONE	0	0	-	13	11	1.060421632e-09	-	-
478	/home/daniel/Desktop/datafiles/RealData/ecoli/DDA/TDP_Ecoli_DDA_1MS1_500ng_720_1200_NCE30/8mz/round1/modified_TDP_Ecoli_DDA_1MS1_500ng_720_1200_NCE30_8mz_ms2.msalign	1247	8053	HCD	9398	5718.65	21	8	6867.63	6867.64	885	-	-1000	-1	1	sp|P69913|CSRA_ECOLI	Carbon storage regulator OS=Escherichia coli (strain K12) OX=83333 GN=csrA PE=1 SV=1	1	61		.(MLILTRRVGETLM)[+15.9858]IGDEVTVTVLGVKGNQVRIGVNAPKEVSVHREEIYQRIQAEKSQQSSY.	6867.64	NONE	1	0	-	5	5	0.0001721709	-	-
481	/home/daniel/Desktop/datafiles/RealData/ecoli/DDA/TDP_Ecoli_DDA_1MS1_500ng_720_1200_NCE30/8mz/round1/modified_TDP_Ecoli_DDA_1MS1_500ng_720_1200_NCE30_8mz_ms2.msalign	1256	8071	HCD	9419	5732.52	25	3	2567.42	2567.421741	556	-	-1000	-1	1	sp|P0A955|ALKH_ECOLI	KHG/KDPG aldolase OS=Escherichia coli (strain K12) OX=83333 GN=eda PE=1 SV=1	35	58		K.ALVAGGVRVLEVTLRTEC[Carbamidomethylation]AVDAIR.A	2567.421741	NONE	0	0	-	6	6	0.001117748808	-	-
482	/home/daniel/Desktop/datafiles/RealData/ecoli/DDA/TDP_Ecoli_DDA_1MS1_500ng_720_1200_NCE30/8mz/round1/modified_TDP_Ecoli_DDA_1MS1_500ng_720_1200_NCE30_8mz_ms2.msalign	1257	8072	HCD	9420	5733.18	10	6	6137.23	6138.18235	1148	-	-1000	-1	1	sp|P76458|ATOD_ECOLI	Acetate CoA-transferase subunit alpha OS=Escherichia coli (strain K12) OX=83333 GN=atoD PE=1 SV=1	119	174		L.TPTGVGTVVEEGKQTLTLDGKTWLLERPL(RADLALIRAHR(C)[Carbamidomethylation]D)[-126.1406]TLGNLTYQLSARNF.N	6138.18235	NONE	1	0	-	5	7	0.003214876176	-	-
484	/home/daniel/Desktop/datafiles/RealData/ecoli/DDA/TDP_Ecoli_DDA_1MS1_500ng_720_1200_NCE30/8mz/round1/modified_TDP_Ecoli_DDA_1MS1_500ng_720_1200_NCE30_8mz_ms2.msalign	1263	8107	HCD	9461	5759.7	19	3	2802.35	2802.353446	949	-	-1000	-1	1	sp|P0A6M8|EFG_ECOLI	Elongation factor G OS=Escherichia coli (strain K12) OX=83333 GN=fusA PE=1 SV=2	678	702		R.ASYTMEFLKYDEAPSNVAQAVIEAR.G	2802.353446	NONE	0	0	-	10	9	1.510733754e-07	-	-
485	/home/daniel/Desktop/datafiles/RealData/ecoli/DDA/TDP_Ecoli_DDA_1MS1_500ng_720_1200_NCE30/8mz/round1/modified_TDP_Ecoli_DDA_1MS1_500ng_720_1200_NCE30_8mz_ms2.msalign	1264	8108	HCD	9462	5760.37	17	7	7398.45	7398.464244	899	-	-1000	-1	1	sp|P0A8H8|YACG_ECOLI	DNA gyrase inhibitor YacG OS=Escherichia coli (strain K12) OX=83333 GN=yacG PE=1 SV=1	2	65		M.SETITVNC[Carbamidomethylation]PTC[Carbamidomethylation]GKTVVWGEISPFRPFC[Carbamidomethylation]SKRC[Carbamidomethylation]QLIDLGEWAAEEKRIPSSGDLSESDDWSEEPKQ.	7398.464244	NME	0	0	-	9	9	2.5017e-08	-	-
494	/home/daniel/Desktop/datafiles/RealData/ecoli/DDA/TDP_Ecoli_DDA_1MS1_500ng_720_1200_NCE30/8mz/round1/modified_TDP_Ecoli_DDA_1MS1_500ng_720_1200_NCE30_8mz_ms2.msalign	1282	8191	HCD	9559	5822.95	21	3	2441.26	2441.266285	1120	-	-1000	-1	1	sp|P0A7R5|RS10_ECOLI	Small ribosomal subunit protein uS10 OS=Escherichia coli (strain K12) OX=83333 GN=rpsJ PE=1 SV=1	13	34		A.FDHRLIDQATAEIVETAKRTGA.Q	2441.266285	NONE	0	0	-	11	7	0.000214894555	-	-
495	/home/daniel/Desktop/datafiles/RealData/ecoli/DDA/TDP_Ecoli_DDA_1MS1_500ng_720_1200_NCE30/8mz/round1/modified_TDP_Ecoli_DDA_1MS1_500ng_720_1200_NCE30_8mz_ms2.msalign	1287	8210	HCD	9581	5837.12	23	3	2189.19	2189.194349	1149	-	-1000	-1	1	sp|P77348|MPPA_ECOLI	Periplasmic murein peptide-binding protein OS=Escherichia coli (strain K12) OX=83333 GN=mppA PE=1 SV=2	42	62		I.KDEPASLDPAKAVGLPEIQVI.R	2189.194349	NONE	0	0	-	6	6	0.00488210366	-	-
496	/home/daniel/Desktop/datafiles/RealData/ecoli/DDA/TDP_Ecoli_DDA_1MS1_500ng_720_1200_NCE30/8mz/round1/modified_TDP_Ecoli_DDA_1MS1_500ng_720_1200_NCE30_8mz_ms2.msalign	1289	8218	HCD	9590	5842.95	19	6	5079.58	5079.68	1024	-	-1000	-1	1	sp|P76402|YEGP_ECOLI	UPF0339 protein YegP OS=Escherichia coli (strain K12) OX=83333 GN=yegP PE=1 SV=2	1	47		.(MAGWFELSKSSDNQFRFVLKAGNGETIL)[-73.9332]TSELYTSKTSAEKGIASVR.S	5079.68	NONE	1	0	-	9	8	2.429426298e-06	-	-
499	/home/daniel/Desktop/datafiles/RealData/ecoli/DDA/TDP_Ecoli_DDA_1MS1_500ng_720_1200_NCE30/8mz/round1/modified_TDP_Ecoli_DDA_1MS1_500ng_720_1200_NCE30_8mz_ms2.msalign	1299	8248	HCD	9625	5865.25	31	4	3041.56	3041.560419	819	-	-1000	-1	1	sp|P31063|YEDD_ECOLI	Uncharacterized lipoprotein YedD OS=Escherichia coli (strain K12) OX=83333 GN=yedD PE=3 SV=1	46	72		R.ALVSPEAIGSLIVTKEGDTLDC[Carbamidomethylation]RQWQR.V	3041.560419	NONE	0	0	-	15	12	1.045111886e-09	-	-
500	/home/daniel/Desktop/datafiles/RealData/ecoli/DDA/TDP_Ecoli_DDA_1MS1_500ng_720_1200_NCE30/8mz/round1/modified_TDP_Ecoli_DDA_1MS1_500ng_720_1200_NCE30_8mz_ms2.msalign	1302	8255	HCD	9633	5870.42	30	4	3132.63	3132.639004	897	-	-1000	-1	1	sp|P69828|PTKA_ECOLI	PTS system galactitol-specific EIIA component OS=Escherichia coli (strain K12) OX=83333 GN=gatA PE=1 SV=1	2	29		M.TNLFVRSGISFVDRSEVLTHIGNEMLAK.G	3132.639004	NME	0	0	-	12	12	2.459952e-08	-	-
505	/home/daniel/Desktop/datafiles/RealData/ecoli/DDA/TDP_Ecoli_DDA_1MS1_500ng_720_1200_NCE30/8mz/round1/modified_TDP_Ecoli_DDA_1MS1_500ng_720_1200_NCE30_8mz_ms2.msalign	1308	8275	HCD	9657	5885.79	23	4	3319.68	3319.683705	606	-	-1000	-1	1	sp|Q46857|DKGA_ECOLI	2,5-diketo-D-gluconic acid reductase A OS=Escherichia coli (strain K12) OX=83333 GN=dkgA PE=1 SV=3	238	265		R.IAENFDVWDFRLDKDELGEIAKLDQGKR.L	3319.683705	NONE	0	0	-	12	12	2.65988234e-13	-	-
513	/home/daniel/Desktop/datafiles/RealData/ecoli/DDA/TDP_Ecoli_DDA_1MS1_500ng_720_1200_NCE30/8mz/round1/modified_TDP_Ecoli_DDA_1MS1_500ng_720_1200_NCE30_8mz_ms2.msalign	1321	8318	HCD	9707	5918.0	16	4	3472.71	3472.722275	1029	-	-1000	-1	1	sp|P08997|MASY_ECOLI	Malate synthase A OS=Escherichia coli (strain K12) OX=83333 GN=aceB PE=1 SV=1	52	81		R.IQQQQDIDNGTLPDFISETASIRDADWKIR.G	3472.722275	NONE	0	0	-	8	7	3.12788202e-06	-	-
515	/home/daniel/Desktop/datafiles/RealData/ecoli/DDA/TDP_Ecoli_DDA_1MS1_500ng_720_1200_NCE30/8mz/round1/modified_TDP_Ecoli_DDA_1MS1_500ng_720_1200_NCE30_8mz_ms2.msalign	1328	8332	HCD	9723	5928.18	20	2	1575.83	1575.833065	939	-	-1000	-1	1	sp|P0A7Q1|RL35_ECOLI	Large ribosomal subunit protein bL35 OS=Escherichia coli (strain K12) OX=83333 GN=rpmI PE=1 SV=2	51	65		V.SKGDLGLVIAC[Carbamidomethylation]LPYA.	1575.833065	NONE	0	0	-	8	8	1.001462e-07	-	-
518	/home/daniel/Desktop/datafiles/RealData/ecoli/DDA/TDP_Ecoli_DDA_1MS1_500ng_720_1200_NCE30/8mz/round1/modified_TDP_Ecoli_DDA_1MS1_500ng_720_1200_NCE30_8mz_ms2.msalign	1334	8346	HCD	9740	5938.76	105	9	6861.59	6861.597303	514	-	-1000	-1	1	sp|P0A705|IF2_ECOLI	Translation initiation factor IF-2 OS=Escherichia coli (strain K12) OX=83333 GN=infB PE=1 SV=1	2	63		M.TDVTIKTLAAERQTSVERLVQQFADAGIRKSADDSVSAQEKQTLIDHLNQKNSGPDKLTLQR.K	6861.597303	NME	0	0	-	26	24	1.51984e-14	-	-
526	/home/daniel/Desktop/datafiles/RealData/ecoli/DDA/TDP_Ecoli_DDA_1MS1_500ng_720_1200_NCE30/8mz/round1/modified_TDP_Ecoli_DDA_1MS1_500ng_720_1200_NCE30_8mz_ms2.msalign	1376	8421	HCD	9827	5994.15	55	9	8035.89	8036.88735	1108	-	-1000	-1	1	sp|P0A968|CSPD_ECOLI	Cold shock-like protein CspD OS=Escherichia coli (strain K12) OX=83333 GN=cspD PE=1 SV=1	1	74		.[Acetyl]-MEKGTV(KWFNNAKGFGFI)[-26.0425]C[Carbamidomethylation]PEGGGEDIFAHYSTIQMDGYRTLKAGQSVQFDVHQGPKGNHASVIVPVEVEAAVA.	8036.88735	M_ACETYLATION	1	0	-	11	9	0.0003371588	-	-
528	/home/daniel/Desktop/datafiles/RealData/ecoli/DDA/TDP_Ecoli_DDA_1MS1_500ng_720_1200_NCE30/8mz/round1/modified_TDP_Ecoli_DDA_1MS1_500ng_720_1200_NCE30_8mz_ms2.msalign	1378	8426	HCD	9833	5997.87	20	3	2635.36	2635.41	1053	-	-1000	-1	1	sp|P61889|MDH_ECOLI	Malate dehydrogenase OS=Escherichia coli (strain K12) OX=83333 GN=mdh PE=1 SV=1	55	81		K.IKGFSGEDATPA(LE)[-6.9815]GADVVLISAGVAR.K	2635.41	NONE	1	0	-	11	11	7.1723412e-06	-	-
529	/home/daniel/Desktop/datafiles/RealData/ecoli/DDA/TDP_Ecoli_DDA_1MS1_500ng_720_1200_NCE30/8mz/round1/modified_TDP_Ecoli_DDA_1MS1_500ng_720_1200_NCE30_8mz_ms2.msalign	1380	8429	HCD	9836	5999.87	14	5	4925.32	4926.33348	1063	-	-1000	-1	1	sp|P0A8A0|YEBC_ECOLI	Probable transcriptional regulatory protein YebC OS=Escherichia coli (strain K12) OX=83333 GN=yebC PE=1 SV=1	69	114		R.AIARGVGGDDDANMETIIYEGYGPGGTAIMIEC[Carbamidomethylation]LSDNRNRTVAEVR.H	4926.33348	NONE	0	0	-	7	7	9.87172422e-06	-	-
530	/home/daniel/Desktop/datafiles/RealData/ecoli/DDA/TDP_Ecoli_DDA_1MS1_500ng_720_1200_NCE30/8mz/round1/modified_TDP_Ecoli_DDA_1MS1_500ng_720_1200_NCE30_8mz_ms2.msalign	1382	8431	HCD	9839	6001.72	60	11	8461.55	8461.715	989	-	-1000	-1	1	sp|P0AEX9|MALE_ECOLI	Maltose/maltodextrin-binding periplasmic protein OS=Escherichia coli (strain K12) OX=83333 GN=malE PE=1 SV=1	251	331		M.(TINGPWAWSNIDTSKVNYGVTVLPTFKGQPSKPFVGVLSAGINAASPNKELAKEFLENY)[-177.8486]LLTDEGLEAVNKDKPLGAVALK.S	8461.715	NONE	1	0	-	12	11	0.003249746066	-	-
555	/home/daniel/Desktop/datafiles/RealData/ecoli/DDA/TDP_Ecoli_DDA_1MS1_500ng_720_1200_NCE30/8mz/round1/modified_TDP_Ecoli_DDA_1MS1_500ng_720_1200_NCE30_8mz_ms2.msalign	1444	8551	HCD	9979	6091.36	26	4	3202.78	3202.775	428	-	-1000	-1	1	sp|P77717|YBAY_ECOLI	Uncharacterized lipoprotein YbaY OS=Escherichia coli (strain K12) OX=83333 GN=ybaY PE=1 SV=1	58	88		R.QKVALPPDAVLTVTLSDASLADA(PSKVLAQK)[+57.0152].A	3202.775	NONE	1	0	-	8	8	0.003473776656	-	-
556	/home/daniel/Desktop/datafiles/RealData/ecoli/DDA/TDP_Ecoli_DDA_1MS1_500ng_720_1200_NCE30/8mz/round1/modified_TDP_Ecoli_DDA_1MS1_500ng_720_1200_NCE30_8mz_ms2.msalign	1447	8560	HCD	9989	6097.86	49	3	2171.2	2171.204914	852	-	-1000	-1	1	sp|P0A850|TIG_ECOLI	Trigger factor OS=Escherichia coli (strain K12) OX=83333 GN=tig PE=1 SV=1	17	37		T.ITIAADSIETAVKSELVNVAK.K	2171.204914	NONE	0	0	-	19	15	2.22389994e-09	-	-
557	/home/daniel/Desktop/datafiles/RealData/ecoli/DDA/TDP_Ecoli_DDA_1MS1_500ng_720_1200_NCE30/8mz/round1/modified_TDP_Ecoli_DDA_1MS1_500ng_720_1200_NCE30_8mz_ms2.msalign	1453	8571	HCD	10002	6106.18	122	7	7298.7	7298.68	65	-	-1000	-1	1	sp|P0A9Y6|CSPC_ECOLI	Cold shock-like protein CspC OS=Escherichia coli (strain K12) OX=83333 GN=cspC PE=1 SV=2	2	69		M.A[Acetyl]KIKGQVKWFNESKGF(GF)[-10.0513]ITPADGSKDVFVHFSAIQGNGFKTLAEGQNVEFEIQDGQKGPAAVNVTAI.	7298.68	NME_ACETYLATION	1	0	-	23	20	2.973135e-07	-	-
565	/home/daniel/Desktop/datafiles/RealData/ecoli/DDA/TDP_Ecoli_DDA_1MS1_500ng_720_1200_NCE30/8mz/round1/modified_TDP_Ecoli_DDA_1MS1_500ng_720_1200_NCE30_8mz_ms2.msalign	1515	8662	HCD	10108	6167.63	78	6	5318.65	5318.65	157	-	-1000	-1	1	sp|Q59385|COPA_ECOLI	Copper-exporting P-type ATPase OS=Escherichia coli (strain K12) OX=83333 GN=copA PE=1 SV=4	21	68		R.VKESLEQRPDVEQADVSITEAHVTGTASAEQLIETIKQAGYDASV(SHP)[+185.1122].K	5318.65	NONE	1	0	-	27	27	1.007232408e-12	-	-
581	/home/daniel/Desktop/datafiles/RealData/ecoli/DDA/TDP_Ecoli_DDA_1MS1_500ng_720_1200_NCE30/8mz/round1/modified_TDP_Ecoli_DDA_1MS1_500ng_720_1200_NCE30_8mz_ms2.msalign	1640	8902	HCD	10388	6325.44	71	9	8805.45	8805.625	975	-	-1000	-1	1	sp|P0AA31|YEDF_ECOLI	Putative sulfur carrier protein YedF OS=Escherichia coli (strain K12) OX=83333 GN=yedF PE=1 SV=1	1	77		.(MKNIVPDYRLDMVGE)[+58.1888]PC[Carbamidomethylation]PYPAVATLEAMPQLKKGEILEVVSDC[Carbamidomethylation]PQSINNIPLDARNHGYTVLDIQQDGPTIRYLIQK.	8805.625	NONE	1	0	-	14	11	2.1234194e-06	-	-
583	/home/daniel/Desktop/datafiles/RealData/ecoli/DDA/TDP_Ecoli_DDA_1MS1_500ng_720_1200_NCE30/8mz/round1/modified_TDP_Ecoli_DDA_1MS1_500ng_720_1200_NCE30_8mz_ms2.msalign	1664	8948	HCD	10442	6353.0	85	9	9857.86	9857.865	215	-	-1000	-1	1	sp|P0AES9|HDEA_ECOLI	Acid stress chaperone HdeA OS=Escherichia coli (strain K12) OX=83333 GN=hdeA PE=1 SV=1	22	110		A.ADAQKAADNKKPVNSWTC[Carbamidomethylation]EDFLAVDESFQPTAVGFAEALNNKDKPEDAVLDVQGIATVTPA(IVQA(C)[Carbamidomethylation]TQDKQANFKDKVKGEWDKIKKDM)[8.9933].	9857.865	NONE	1	0	-	16	15	1.75030063e-05	-	-
593	/home/daniel/Desktop/datafiles/RealData/ecoli/DDA/TDP_Ecoli_DDA_1MS1_500ng_720_1200_NCE30/8mz/round1/modified_TDP_Ecoli_DDA_1MS1_500ng_720_1200_NCE30_8mz_ms2.msalign	1753	9116	HCD	10638	6458.4	32	2	1449.78	1449.778904	1106	-	-1000	-1	1	sp|P0A7X3|RS9_ECOLI	Small ribosomal subunit protein uS9 OS=Escherichia coli (strain K12) OX=83333 GN=rpsI PE=1 SV=2	54	65		E.LVDMVEKLDLYI.T	1449.778904	NONE	0	0	-	6	6	0.0001017166032	-	-
599	/home/daniel/Desktop/datafiles/RealData/ecoli/DDA/TDP_Ecoli_DDA_1MS1_500ng_720_1200_NCE30/8mz/round1/modified_TDP_Ecoli_DDA_1MS1_500ng_720_1200_NCE30_8mz_ms2.msalign	1795	9191	HCD	10725	6512.58	25	7	7501.69	7501.675	1167	-	-1000	-1	1	sp|P0AGI4|XYLH_ECOLI	Xylose transport system permease protein XylH OS=Escherichia coli (strain K12) OX=83333 GN=xylH PE=1 SV=1	323	393		A.ELDAIAAC[Carbamidomethylation]VIGGTSLAGGVGSVAGAVMGAFIMASLDNGMSMMDVPTFWQYIVKGAILLLAVWMDSAT(KRRS)[+153.9951].	7501.675	NONE	1	0	-	9	10	0.00784733175	-	-
615	/home/daniel/Desktop/datafiles/RealData/ecoli/DDA/TDP_Ecoli_DDA_1MS1_500ng_720_1200_NCE30/8mz/round1/modified_TDP_Ecoli_DDA_1MS1_500ng_720_1200_NCE30_8mz_ms2.msalign	1934	9390	HCD	10958	6653.31	153	7	7327.77	7327.773476	164	-	-1000	-1	1	sp|P0A972|CSPE_ECOLI	Cold shock-like protein CspE OS=Escherichia coli (strain K12) OX=83333 GN=cspE PE=1 SV=2	2	69		M.SKIKGNVKWFNESKGFGFITPEDGSKDVFVHFSAIQTNGFKTLAEGQRVEFEITNGAKGPSAANVIAL.	7327.773476	NME	0	0	-	50	38	4.7952e-26	-	-
624	/home/daniel/Desktop/datafiles/RealData/ecoli/DDA/TDP_Ecoli_DDA_1MS1_500ng_720_1200_NCE30/8mz/round1/modified_TDP_Ecoli_DDA_1MS1_500ng_720_1200_NCE30_8mz_ms2.msalign	2012	9514	HCD	11102	6736.92	21	4	3175.61	3176.617599	930	-	-1000	-1	1	sp|P0AED0|USPA_ECOLI	Universal stress protein A OS=Escherichia coli (strain K12) OX=83333 GN=uspA PE=1 SV=2	34	61		K.VSLIHVDVNYSDLYTGLIDVNLGDMQKR.I	3176.617599	NONE	0	0	-	11	11	6.12888015e-08	-	-
638	/home/daniel/Desktop/datafiles/RealData/ecoli/DDA/TDP_Ecoli_DDA_1MS1_500ng_720_1200_NCE30/8mz/round1/modified_TDP_Ecoli_DDA_1MS1_500ng_720_1200_NCE30_8mz_ms2.msalign	2060	9601	HCD	11204	6801.14	60	8	6679.24	6679.235	875	-	-1000	-1	1	sp|P67338|YOAH_ECOLI	UPF0181 protein YoaH OS=Escherichia coli (strain K12) OX=83333 GN=yoaH PE=3 SV=1	1	59		.MFAGLPSLTHEQQQKAVERIQELMAQGMSSGQAIAL(VAEELRANHSGERIVARFEDEDE)[+129.0282].	6679.235	NONE	1	0	-	8	8	0.0001850985	-	-
663	/home/daniel/Desktop/datafiles/RealData/ecoli/DDA/TDP_Ecoli_DDA_1MS1_500ng_720_1200_NCE30/8mz/round1/modified_TDP_Ecoli_DDA_1MS1_500ng_720_1200_NCE30_8mz_ms2.msalign	2136	9776	HCD	11408	6882.28	68	8	8387.12	8388.138996	619	-	-1000	-1	1	sp|P0AB14|YCCJ_ECOLI	Uncharacterized protein YccJ OS=Escherichia coli (strain K12) OX=83333 GN=yccJ PE=1 SV=1	2	75		M.PTQEAKAHHVGEWASLRNTSPEIAEAIFEVAGYDEKMAEKIWEEGSDEVLVKAFAKTDKDSLFWGEQTIERKNV.	8388.138996	NME	0	0	-	23	19	1.028e-11	-	-
665	/home/daniel/Desktop/datafiles/RealData/ecoli/DDA/TDP_Ecoli_DDA_1MS1_500ng_720_1200_NCE30/8mz/round1/modified_TDP_Ecoli_DDA_1MS1_500ng_720_1200_NCE30_8mz_ms2.msalign	2145	9790	HCD	11424	6887.39	167	10	11206.7	11205.72765	877	-	-1000	-1	1	sp|P0ACX3|YDHR_ECOLI	Putative monooxygenase YdhR OS=Escherichia coli (strain K12) OX=83333 GN=ydhR PE=1 SV=1	2	101		M.ATLLQLHFAFNGPFGDAMAEQLKPLAESINQEPGFLWKVWTESEKNHEAGGIYLFTDEKSALAYLEKHTARLKNL(GVEE)[+55.9839]VVAKVFDVNEPLSQINQAKLA.	11205.72765	NME	1	0	-	30	26	5.180777e-09	-	-
668	/home/daniel/Desktop/datafiles/RealData/ecoli/DDA/TDP_Ecoli_DDA_1MS1_500ng_720_1200_NCE30/8mz/round1/modified_TDP_Ecoli_DDA_1MS1_500ng_720_1200_NCE30_8mz_ms2.msalign	2154	9811	HCD	11449	6895.74	234	20	18140.7	18139.64265	601	-	-1000	-1	1	sp|P69783|PTGA_ECOLI	PTS system glucose-specific EIIA component OS=Escherichia coli (strain K12) OX=83333 GN=crr PE=1 SV=2	2	169		M.GLFDKLKSLVSDDKKDTGTIEIIAPLSGEIVNI[+30.9405]EDVPDVVFAEKIVGDGIAIKPTGNKMVAPVDGTIGKIFETNHAFSIESDSGVELFVHFGIDTVELKGEGFKRIAEEGQRVKVGDTVIEFDLPLLEEKAKSTLTPVVISNMDEIKELIKLSGSVTVGETPVIRIKK.	18139.64265	NME	1	0	-	27	23	6.411744e-06	-	-
674	/home/daniel/Desktop/datafiles/RealData/ecoli/DDA/TDP_Ecoli_DDA_1MS1_500ng_720_1200_NCE30/8mz/round1/modified_TDP_Ecoli_DDA_1MS1_500ng_720_1200_NCE30_8mz_ms2.msalign	2179	9842	HCD	11485	6907.36	32	9	8957.29	8957.465	358	-	-1000	-1	1	sp|P0A6A8|ACP_ECOLI	Acyl carrier protein OS=Escherichia coli (strain K12) OX=83333 GN=acpP PE=1 SV=2	2	78		M.STIEERVKKIIGEQLGVKQEEVTNNASFVEDL(GADSLDTVELVMALEEEFDTEI)[+454.2846]PDEEAEKITTVQAAIDYINGHQA.	8957.465	NME	1	0	-	19	18	1.0121796e-17	-	-
689	/home/daniel/Desktop/datafiles/RealData/ecoli/DDA/TDP_Ecoli_DDA_1MS1_500ng_720_1200_NCE30/8mz/round1/modified_TDP_Ecoli_DDA_1MS1_500ng_720_1200_NCE30_8mz_ms2.msalign	2234	9917	HCD	11572	6935.56	32	8	8872.49	8871.61765	1164	-	-1000	-1	1	sp|P0A8G9|EX7S_ECOLI	Exodeoxyribonuclease 7 small subunit OS=Escherichia coli (strain K12) OX=83333 GN=xseB PE=1 SV=2	2	80		M.PKKNEAPASF(EKALSELEQIVTRLESGDLPLEEALNEFERGVQLARQGQAKLQQAEQRVQILLSDNEDASL)[+56.1320]TPFTPDNE.	8871.61765	NME	1	0	-	6	6	0.006853086	-	-
691	/home/daniel/Desktop/datafiles/RealData/ecoli/DDA/TDP_Ecoli_DDA_1MS1_500ng_720_1200_NCE30/8mz/round1/modified_TDP_Ecoli_DDA_1MS1_500ng_720_1200_NCE30_8mz_ms2.msalign	2240	9931	HCD	11589	6941.37	34	9	10727.2	10727.23998	665	-	-1000	-1	1	sp|P64479|YDIZ_ECOLI	Uncharacterized protein YdiZ OS=Escherichia coli (strain K12) OX=83333 GN=ydiZ PE=4 SV=1	2	96		M.ASGDLVRYVITVMLHEDTLTEINELNNYLTRDGFLLTMTDDEGNIHELGTNTFGLISTQSEEEIRELVSGLTQSATGKDPEITITTWEEWNSNRK.	10727.23998	NME	0	0	-	14	14	6.0812e-12	-	-
697	/home/daniel/Desktop/datafiles/RealData/ecoli/DDA/TDP_Ecoli_DDA_1MS1_500ng_720_1200_NCE30/8mz/round1/modified_TDP_Ecoli_DDA_1MS1_500ng_720_1200_NCE30_8mz_ms2.msalign	2261	9961	HCD	11624	6952.83	65	7	8208.26	8209.26235	203	-	-1000	-1	1	sp|P0AD24|YEJL_ECOLI	UPF0352 protein YejL OS=Escherichia coli (strain K12) OX=83333 GN=yejL PE=1 SV=1	1	75		.(MPQISRYSD)[-74.0259]EQVEQLLAELLNVLEKHKAPTDLSLMVLGNMVTNLINTSIAPAQRQAIANSFARALQSSINEDKAH.	8209.26235	NONE	1	0	-	25	24	1.9111196e-20	-	-
721	/home/daniel/Desktop/datafiles/RealData/ecoli/DDA/TDP_Ecoli_DDA_1MS1_500ng_720_1200_NCE30/8mz/round1/modified_TDP_Ecoli_DDA_1MS1_500ng_720_1200_NCE30_8mz_ms2.msalign	2385	10128	HCD	11819	7026.39	27	4	3681.8	3681.805002	886	-	-1000	-1	1	sp|P0ABT2|DPS_ECOLI	DNA protection during starvation protein OS=Escherichia coli (strain K12) OX=83333 GN=dps PE=1 SV=2	135	167		K.AIGEAKDDDTADILTAASRDLDKFLWFIESNIE.	3681.805002	NONE	0	0	-	8	7	7.6252e-09	-	-
736	/home/daniel/Desktop/datafiles/RealData/ecoli/DDA/TDP_Ecoli_DDA_1MS1_500ng_720_1200_NCE30/8mz/round2/modified2_TDP_Ecoli_DDA_1MS1_500ng_720_1200_NCE30_8mz_ms2.msalign	6	2724	HCD	3181	1761.33	30	2	1747.72	1747.721544	572	-	-1000	-1	1	sp|P0A7M9|RL31_ECOLI	Large ribosomal subunit protein bL31A OS=Escherichia coli (strain K12) OX=83333 GN=rpmE PE=1 SV=1	9	23		K.YEEITASC[Carbamidomethylation]SC[Carbamidomethylation]GNVMK.I	1747.721544	NONE	0	0	-	6	6	4.21181312e-05	-	-
748	/home/daniel/Desktop/datafiles/RealData/ecoli/DDA/TDP_Ecoli_DDA_1MS1_500ng_720_1200_NCE30/8mz/round2/modified2_TDP_Ecoli_DDA_1MS1_500ng_720_1200_NCE30_8mz_ms2.msalign	19	3455	HCD	4033	2306.49	44	2	1557.8	1556.80765	795	-	-1000	-1	1	sp|P0DUW1|YMGN_ECOLI	Protein YmgN OS=Escherichia coli (strain K12) OX=83333 GN=ymgN PE=1 SV=1	2	19		M.A[Acetyl]FSELNIDILT(RSKARGG)[-432.2567].	1556.80765	NME_ACETYLATION	1	0	-	6	5	0.00763278	-	-
763	/home/daniel/Desktop/datafiles/RealData/ecoli/DDA/TDP_Ecoli_DDA_1MS1_500ng_720_1200_NCE30/8mz/round2/modified2_TDP_Ecoli_DDA_1MS1_500ng_720_1200_NCE30_8mz_ms2.msalign	42	4013	HCD	4684	2718.44	23	2	1551.8	1551.800519	716	-	-1000	-1	1	sp|P45464|LPOA_ECOLI	Penicillin-binding protein activator LpoA OS=Escherichia coli (strain K12) OX=83333 GN=lpoA PE=1 SV=1	407	419		A.LNQPENIENRVNI.C	1551.800519	NONE	0	0	-	6	5	0.00112688325	-	-
791	/home/daniel/Desktop/datafiles/RealData/ecoli/DDA/TDP_Ecoli_DDA_1MS1_500ng_720_1200_NCE30/8mz/round2/modified2_TDP_Ecoli_DDA_1MS1_500ng_720_1200_NCE30_8mz_ms2.msalign	82	4929	HCD	5753	3399.19	34	3	2249.15	2249.153941	695	-	-1000	-1	1	sp|P15877|DHG_ECOLI	Quinoprotein glucose dehydrogenase OS=Escherichia coli (strain K12) OX=83333 GN=gcd PE=1 SV=3	203	223		T.GDVKQPNDPGEITNEVTPIKV.G	2249.153941	NONE	0	0	-	5	5	0.00719034149	-	-
793	/home/daniel/Desktop/datafiles/RealData/ecoli/DDA/TDP_Ecoli_DDA_1MS1_500ng_720_1200_NCE30/8mz/round2/modified2_TDP_Ecoli_DDA_1MS1_500ng_720_1200_NCE30_8mz_ms2.msalign	84	4981	HCD	5814	3438.13	16	2	1932.99	1933.97235	812	-	-1000	-1	1	sp|P0A9E2|SOXS_ECOLI	Regulatory protein SoxS OS=Escherichia coli (strain K12) OX=83333 GN=soxS PE=1 SV=2	1	20		.MSHQKI(IQDLI)[-498.2435]AWIDEHIDQ.P	1933.97235	NONE	1	0	-	5	5	0.00940357348	-	-
795	/home/daniel/Desktop/datafiles/RealData/ecoli/DDA/TDP_Ecoli_DDA_1MS1_500ng_720_1200_NCE30/8mz/round2/modified2_TDP_Ecoli_DDA_1MS1_500ng_720_1200_NCE30_8mz_ms2.msalign	86	5005	HCD	5842	3456.1	32	3	2583.23	2583.235379	776	-	-1000	-1	1	sp|P07024|USHA_ECOLI	Protein UshA OS=Escherichia coli (strain K12) OX=83333 GN=ushA PE=1 SV=2	495	518		A.TLNFNATGGDGYPRLDNKPGYVNT.G	2583.235379	NONE	0	0	-	5	5	0.004265478	-	-
830	/home/daniel/Desktop/datafiles/RealData/ecoli/DDA/TDP_Ecoli_DDA_1MS1_500ng_720_1200_NCE30/8mz/round2/modified2_TDP_Ecoli_DDA_1MS1_500ng_720_1200_NCE30_8mz_ms2.msalign	135	6186	HCD	7220	4327.1	14	3	2821.38	2821.380389	503	-	-1000	-1	1	sp|P0A707|IF3_ECOLI	Translation initiation factor IF-3 OS=Escherichia coli (strain K12) OX=83333 GN=infC PE=1 SV=1	41	66		R.EALEKAEEAGVDLVEISPNAEPPVC[Carbamidomethylation]R.I	2821.380389	NONE	0	0	-	7	5	0.000219139316	-	-
838	/home/daniel/Desktop/datafiles/RealData/ecoli/DDA/TDP_Ecoli_DDA_1MS1_500ng_720_1200_NCE30/8mz/round2/modified2_TDP_Ecoli_DDA_1MS1_500ng_720_1200_NCE30_8mz_ms2.msalign	143	6341	HCD	7400	4442.14	22	3	2343.3	2343.304962	757	-	-1000	-1	1	sp|P08506|DACC_ECOLI	D-alanyl-D-alanine carboxypeptidase DacC OS=Escherichia coli (strain K12) OX=83333 GN=dacC PE=1 SV=2	333	354		A.SYTLTEPQLTAPLKKGQVVGTI.D	2343.304962	NONE	0	0	-	5	5	0.00242442706	-	-
841	/home/daniel/Desktop/datafiles/RealData/ecoli/DDA/TDP_Ecoli_DDA_1MS1_500ng_720_1200_NCE30/8mz/round2/modified2_TDP_Ecoli_DDA_1MS1_500ng_720_1200_NCE30_8mz_ms2.msalign	146	6418	HCD	7490	4499.92	58	2	1672.75	1672.755543	299	-	-1000	-1	1	sp|P0A763|NDK_ECOLI	Nucleoside diphosphate kinase OS=Escherichia coli (strain K12) OX=83333 GN=ndk PE=1 SV=2	128	141		R.EIAYFFGEGEVC[Carbamidomethylation]PR.T	1672.755543	NONE	0	0	-	10	10	4.04012217e-08	-	-
866	/home/daniel/Desktop/datafiles/RealData/ecoli/DDA/TDP_Ecoli_DDA_1MS1_500ng_720_1200_NCE30/8mz/round2/modified2_TDP_Ecoli_DDA_1MS1_500ng_720_1200_NCE30_8mz_ms2.msalign	191	6791	HCD	7925	4770.1	27	5	3934.94	3933.939813	782	-	-1000	-1	1	sp|P0AA57|YOBA_ECOLI	Protein YobA OS=Escherichia coli (strain K12) OX=83333 GN=yobA PE=1 SV=1	27	64		A.HAHLTHQYPAANAQVTAAPQAITLNFSEGVETGFSGAK.I	3933.939813	NONE	0	0	-	7	6	0.00638389746	-	-
880	/home/daniel/Desktop/datafiles/RealData/ecoli/DDA/TDP_Ecoli_DDA_1MS1_500ng_720_1200_NCE30/8mz/round2/modified2_TDP_Ecoli_DDA_1MS1_500ng_720_1200_NCE30_8mz_ms2.msalign	210	6922	HCD	8078	4868.19	33	4	3378.75	3378.757204	627	-	-1000	-1	1	sp|P0AE22|APHA_ECOLI	Class B acid phosphatase OS=Escherichia coli (strain K12) OX=83333 GN=aphA PE=1 SV=1	207	237		R.GIRILRASNSTYKPLPQAGAFGEEVIVNSEY.	3378.757204	NONE	0	0	-	5	5	0.000214035	-	-
889	/home/daniel/Desktop/datafiles/RealData/ecoli/DDA/TDP_Ecoli_DDA_1MS1_500ng_720_1200_NCE30/8mz/round2/modified2_TDP_Ecoli_DDA_1MS1_500ng_720_1200_NCE30_8mz_ms2.msalign	225	7165	HCD	8362	5051.76	20	6	5803.53	5803.645	600	-	-1000	-1	1	sp|P0AD33|YFCZ_ECOLI	UPF0381 protein YfcZ OS=Escherichia coli (strain K12) OX=83333 GN=yfcZ PE=3 SV=1	2	52		M.SKC[Carbamidomethylation]SADET(PV(C)[Carbamidomethylation]C[Carbamidomethylation]C[Carbamidomethylation]MDV)[57.1255]GTIMDNSDC[Carbamidomethylation]TASYSRVFANRAEAEQTLAALTEKAR.S	5803.645	NME	1	0	-	8	6	0.0001177831859	-	-
899	/home/daniel/Desktop/datafiles/RealData/ecoli/DDA/TDP_Ecoli_DDA_1MS1_500ng_720_1200_NCE30/8mz/round2/modified2_TDP_Ecoli_DDA_1MS1_500ng_720_1200_NCE30_8mz_ms2.msalign	235	7314	HCD	8536	5163.67	17	3	2198.08	2197.11265	688	-	-1000	-1	1	sp|P77538|YFHR_ECOLI	Uncharacterized protein YfhR OS=Escherichia coli (strain K12) OX=83333 GN=yfhR PE=3 SV=4	267	284		D.V(YREQ)[+61.0453]MVDFILSALNPQN.	2197.11265	NONE	1	0	-	5	5	0.000634312952	-	-
916	/home/daniel/Desktop/datafiles/RealData/ecoli/DDA/TDP_Ecoli_DDA_1MS1_500ng_720_1200_NCE30/8mz/round2/modified2_TDP_Ecoli_DDA_1MS1_500ng_720_1200_NCE30_8mz_ms2.msalign	256	7671	HCD	8952	5431.43	29	3	2588.24	2589.26735	767	-	-1000	-1	1	sp|P77601|YKGA_ECOLI	Putative HTH-type transcriptional regulator YkgA OS=Escherichia coli (strain K12) OX=83333 GN=ykgA PE=5 SV=1	220	239		P.KEW[+187.0655]TTTRGLYDPTHVIWTQA.	2589.26735	NONE	1	0	-	6	6	0.00352713816	-	-
940	/home/daniel/Desktop/datafiles/RealData/ecoli/DDA/TDP_Ecoli_DDA_1MS1_500ng_720_1200_NCE30/8mz/round2/modified2_TDP_Ecoli_DDA_1MS1_500ng_720_1200_NCE30_8mz_ms2.msalign	293	8259	HCD	9638	5873.6	17	2	1678.89	1678.896394	700	-	-1000	-1	1	sp|P0AG55|RL6_ECOLI	Large ribosomal subunit protein uL6 OS=Escherichia coli (strain K12) OX=83333 GN=rplF PE=1 SV=2	70	85		R.ALLNSMVIGVTEGFTK.K	1678.896394	NONE	0	0	-	5	5	0.0009185095	-	-
941	/home/daniel/Desktop/datafiles/RealData/ecoli/DDA/TDP_Ecoli_DDA_1MS1_500ng_720_1200_NCE30/8mz/round2/modified2_TDP_Ecoli_DDA_1MS1_500ng_720_1200_NCE30_8mz_ms2.msalign	294	8278	HCD	9660	5887.79	65	5	4261.06	4261.067592	761	-	-1000	-1	1	sp|P25894|LOIP_ECOLI	Metalloprotease LoiP OS=Escherichia coli (strain K12) OX=83333 GN=loiP PE=1 SV=2	181	218		V.NSQFSQRQEAEADDYSYDLLRQRGISPAGLATSFEKLA.K	4261.067592	NONE	0	0	-	6	6	0.00255357999	-	-
957	/home/daniel/Desktop/datafiles/RealData/ecoli/DDA/TDP_Ecoli_DDA_1MS1_500ng_720_1200_NCE30/8mz/round2/modified2_TDP_Ecoli_DDA_1MS1_500ng_720_1200_NCE30_8mz_ms2.msalign	323	8537	HCD	9962	6080.48	12	5	4360.2	4361.21142	797	-	-1000	-1	1	sp|P52697|6PGL_ECOLI	6-phosphogluconolactonase OS=Escherichia coli (strain K12) OX=83333 GN=pgl PE=1 SV=2	140	179		R.TLWVPALKQDRIC[Carbamidomethylation]LFTVSDDGHLVAQDPAEVTTVEGAGPR.H	4361.21142	NONE	0	0	-	5	5	0.00788700015	-	-
966	/home/daniel/Desktop/datafiles/RealData/ecoli/DDA/TDP_Ecoli_DDA_1MS1_500ng_720_1200_NCE30/8mz/round2/modified2_TDP_Ecoli_DDA_1MS1_500ng_720_1200_NCE30_8mz_ms2.msalign	343	8633	HCD	10074	6150.57	39	2	1776.93	1776.933173	328	-	-1000	-1	1	sp|P0A8M6|YEEX_ECOLI	UPF0265 protein YeeX OS=Escherichia coli (strain K12) OX=83333 GN=yeeX PE=1 SV=1	43	58		V.LLLDNLSDYIKPGMSV.E	1776.933173	NONE	0	0	-	12	12	1.173767332e-07	-	-
970	/home/daniel/Desktop/datafiles/RealData/ecoli/DDA/TDP_Ecoli_DDA_1MS1_500ng_720_1200_NCE30/8mz/round2/modified2_TDP_Ecoli_DDA_1MS1_500ng_720_1200_NCE30_8mz_ms2.msalign	355	8671	HCD	10119	6173.35	58	7	7532.69	7533.67235	656	-	-1000	-1	1	sp|P45543|FRLD_ECOLI	Fructoselysine 6-kinase OS=Escherichia coli (strain K12) OX=83333 GN=frlD PE=1 SV=1	1	69		.(MKTLATIGDN(C)[Carbamidomethylation]VDIYP)[-116.0215]QLNKAFSGGNAVNVAVYC[Carbamidomethylation]TRYGIQPGC[Carbamidomethylation]ITWVGDDDYGTKLKQDLARMGVDISH.V	7533.67235	NONE	1	0	-	12	13	0.000439827934	-	-
979	/home/daniel/Desktop/datafiles/RealData/ecoli/DDA/TDP_Ecoli_DDA_1MS1_500ng_720_1200_NCE30/8mz/round2/modified2_TDP_Ecoli_DDA_1MS1_500ng_720_1200_NCE30_8mz_ms2.msalign	376	8972	HCD	10470	6365.84	81	9	10034.9	10035.015	794	-	-1000	-1	1	sp|P75925|C56H2_ECOLI	Cytochrome b561 homolog 2 OS=Escherichia coli (strain K12) OX=83333 GN=yceJ PE=1 SV=1	1	91		.MSFTNTPERYGVISAAFHWLSAIIVYGMFALGLWMVTLSYYDGWYHKAPELHKSIGILLMMGLVIR(VLWRVISPPPGPL)[-271.3709]PSYSPMTRLAAR.A	10035.015	NONE	1	0	-	14	11	0.00721709148	-	-
981	/home/daniel/Desktop/datafiles/RealData/ecoli/DDA/TDP_Ecoli_DDA_1MS1_500ng_720_1200_NCE30/8mz/round2/modified2_TDP_Ecoli_DDA_1MS1_500ng_720_1200_NCE30_8mz_ms2.msalign	378	8999	HCD	10501	6380.64	48	3	2266.24	2266.24605	463	-	-1000	-1	1	sp|P68919|RL25_ECOLI	Large ribosomal subunit protein bL25 OS=Escherichia coli (strain K12) OX=83333 GN=rplY PE=1 SV=1	53	72		A.KAEFYSEVLTIVVDGKEIKV.K	2266.24605	NONE	0	0	-	14	13	5.90419048e-06	-	-
983	/home/daniel/Desktop/datafiles/RealData/ecoli/DDA/TDP_Ecoli_DDA_1MS1_500ng_720_1200_NCE30/8mz/round2/modified2_TDP_Ecoli_DDA_1MS1_500ng_720_1200_NCE30_8mz_ms2.msalign	380	9007	HCD	10511	6385.8	133	4	4009.08	4009.091077	661	-	-1000	-1	1	sp|P0DPO3|YNAL_ECOLI	Protein YnaL OS=Escherichia coli (strain K12) OX=83333 GN=ynaL PE=1 SV=1	8	44		L.QIPVPEPIPGDPVPVPDPIPRPQPMPDPPPDEEPIKL.S	4009.091077	NONE	0	0	-	13	10	0.0004748942	-	-
998	/home/daniel/Desktop/datafiles/RealData/ecoli/DDA/TDP_Ecoli_DDA_1MS1_500ng_720_1200_NCE30/8mz/round2/modified2_TDP_Ecoli_DDA_1MS1_500ng_720_1200_NCE30_8mz_ms2.msalign	410	9335	HCD	10893	6612.27	46	7	7358.75	7358.675	799	-	-1000	-1	1	sp|P36995|CSPB_ECOLI	Cold shock-like protein CspB OS=Escherichia coli (strain K12) OX=83333 GN=cspB PE=1 SV=1	1	71		.MSNK(MTGLV)[-353.1798]KWFNADKGFGFISPVDGSKDVFVHFSAIQNDNYRTLFEGQKVTFSIESGAKGPAAANVIITD.	7358.675	NONE	1	0	-	7	7	0.008644495	-	-
1007	/home/daniel/Desktop/datafiles/RealData/ecoli/DDA/TDP_Ecoli_DDA_1MS1_500ng_720_1200_NCE30/8mz/round2/modified2_TDP_Ecoli_DDA_1MS1_500ng_720_1200_NCE30_8mz_ms2.msalign	421	9450	HCD	11028	6692.43	14	3	2573.31	2573.315938	698	-	-1000	-1	1	sp|P0A9B2|G3P1_ECOLI	Glyceraldehyde-3-phosphate dehydrogenase A OS=Escherichia coli (strain K12) OX=83333 GN=gapA PE=1 SV=2	161	184		K.VINDNFGIIEGLMTTVHATTATQK.T	2573.315938	NONE	0	0	-	6	6	0.000796787068	-	-
1015	/home/daniel/Desktop/datafiles/RealData/ecoli/DDA/TDP_Ecoli_DDA_1MS1_500ng_720_1200_NCE30/8mz/round2/modified2_TDP_Ecoli_DDA_1MS1_500ng_720_1200_NCE30_8mz_ms2.msalign	433	9881	HCD	11530	6921.82	163	3	2736.42	2737.401189	810	-	-1000	-1	1	sp|P31553|CAIT_ECOLI	L-carnitine/gamma-butyrobetaine antiporter OS=Escherichia coli (strain K12) OX=83333 GN=caiT PE=1 SV=2	260	283		S.DVRSYLSFLMLGWVFIVSGASFIM.N	2737.401189	NONE	0	0	-	7	6	0.0090279222	-	-
1019	/home/daniel/Desktop/datafiles/RealData/ecoli/DDA/TDP_Ecoli_DDA_1MS1_500ng_720_1200_NCE30/8mz/round2/modified2_TDP_Ecoli_DDA_1MS1_500ng_720_1200_NCE30_8mz_ms2.msalign	439	10045	HCD	11722	6985.86	116	4	3492.71	3492.710767	781	-	-1000	-1	1	sp|P0AEH5|ELAB_ECOLI	Protein ElaB OS=Escherichia coli (strain K12) OX=83333 GN=elaB PE=1 SV=1	7	37		G.DTRIDDDLTLLSETLEEVLRSSGDPADQKYV.E	3492.710767	NONE	0	0	-	7	7	0.00557256837	-	-
1022	/home/daniel/Desktop/datafiles/RealData/ecoli/DDA/TDP_Ecoli_DDA_1MS1_500ng_720_1200_NCE30/8mz/round2/modified2_TDP_Ecoli_DDA_1MS1_500ng_720_1200_NCE30_8mz_ms2.msalign	443	10057	HCD	11736	6990.54	115	4	3492.71	3492.71	818	-	-1000	-1	1	sp|P33927|CCMF_ECOLI	Cytochrome c-type biogenesis protein CcmF OS=Escherichia coli (strain K12) OX=83333 GN=ccmF PE=1 SV=1	614	647		I.WAGGLMMALGGLLC[Carbamidomethylation]LFDPRY(RKRV)[-295.2741]SPQKTAPEAV.	3492.71	NONE	1	0	-	8	8	0.00995233536	-	-
1024	/home/daniel/Desktop/datafiles/RealData/ecoli/DDA/TDP_Ecoli_DDA_1MS1_500ng_720_1200_NCE30/8mz/round2/modified2_TDP_Ecoli_DDA_1MS1_500ng_720_1200_NCE30_8mz_ms2.msalign	445	10061	HCD	11740	6991.64	186	4	3262.7	3261.73265	798	-	-1000	-1	1	sp|P0AD79|LPL_ECOLI	leu operon leader peptide OS=Escherichia coli (strain K12) OX=83333 GN=leuL PE=4 SV=1	2	28		M.T[Acetyl]HIVRFIGL(LLLNAS)[+206.9647]SLRGRRVSGIQH.	3261.73265	NME_ACETYLATION	1	0	-	6	5	0.007966476	-	-
1026	/home/daniel/Desktop/datafiles/RealData/ecoli/DDA/TDP_Ecoli_DDA_1MS1_500ng_720_1200_NCE30/8mz/round2/modified2_TDP_Ecoli_DDA_1MS1_500ng_720_1200_NCE30_8mz_ms2.msalign	449	10124	HCD	11814	7024.1	52	4	4089.3	4089.308932	621	-	-1000	-1	1	sp|P0A6I0|KCY_ECOLI	Cytidylate kinase OS=Escherichia coli (strain K12) OX=83333 GN=cmk PE=1 SV=1	189	227		R.AVAPLVPAADALVLDSTTLSIEQVIEKALQYARQKLALA.	4089.308932	NONE	0	0	-	6	5	0.000156178	-	-
