	Data file name	Prsm ID	Spectrum ID	Fragmentation	Scan(s)	Retention time	#peaks	Charge	Precursor mass	Adjusted precursor mass	Proteoform ID	Feature intensity	Feature score	Feature apex time	#Protein hits	Protein accession	Protein description	First residue	Last residue	Special amino acids	Database protein sequence	Proteoform	Proteoform mass	Protein N-terminal form	Fixed PTMs	#unexpected modifications	unexpected modifications	#variable PTMs	variable PTMs	MIScore	#matched peaks	#matched fragment ions	E-value	Spectrum-level Q-value	Proteoform-level Q-value
0	/home/daniel/Desktop/datafiles/RealData/ecoli/DDA/TDP_Ecoli_DDA_1MS1_500ng_720_1200_NCE30/2mz/envcnn_review/round1/TDP_Ecoli_DDA_1MS1_500ng_720_1200_NCE30_2mz_ms2.msalign	0	2030	HCD	2371	1535.32	26	2	1561.77004	1561.773635	206	-	-1000	-1	1	sp|P0A7U7|RS20_ECOLI	Small ribosomal subunit protein bS20 OS=Escherichia coli (strain K12) OX=83333 GN=rpsT PE=1 SV=2	39	53		IEAGDKAAAQKAFNE	A.IEAGDKAAAQKAFNE.M	1561.773635	NONE		0		0		-	14	13	1.082130302e-10	-	-
1	/home/daniel/Desktop/datafiles/RealData/ecoli/DDA/TDP_Ecoli_DDA_1MS1_500ng_720_1200_NCE30/2mz/envcnn_review/round1/TDP_Ecoli_DDA_1MS1_500ng_720_1200_NCE30_2mz_ms2.msalign	3	2208	HCD	2579	1668.78	15	2	1501.79581	1501.798788	286	-	-1000	-1	1	sp|P0ACF0|DBHA_ECOLI	DNA-binding protein HU-alpha OS=Escherichia coli (strain K12) OX=83333 GN=hupA PE=1 SV=1	8	21		DVIAEKAELSKTQA	I.DVIAEKAELSKTQA.K	1501.798788	NONE		0		0		-	6	6	0.0001774683864	-	-
2	/home/daniel/Desktop/datafiles/RealData/ecoli/DDA/TDP_Ecoli_DDA_1MS1_500ng_720_1200_NCE30/2mz/envcnn_review/round1/TDP_Ecoli_DDA_1MS1_500ng_720_1200_NCE30_2mz_ms2.msalign	4	2214	HCD	2586	1673.28	26	2	1475.80643	1475.809627	273	-	-1000	-1	1	sp|P0A7S3|RS12_ECOLI	Small ribosomal subunit protein uS12 OS=Escherichia coli (strain K12) OX=83333 GN=rpsL PE=1 SV=2	38	50		YTTTPKKPNSALR	V.YTTTPKKPNSALR.K	1475.809627	NONE		0		0		-	10	7	5.015490287e-06	-	-
3	/home/daniel/Desktop/datafiles/RealData/ecoli/DDA/TDP_Ecoli_DDA_1MS1_500ng_720_1200_NCE30/2mz/envcnn_review/round1/TDP_Ecoli_DDA_1MS1_500ng_720_1200_NCE30_2mz_ms2.msalign	5	2219	HCD	2591	1676.72	15	3	2368.24055	2368.245884	297	-	-1000	-1	1	sp|P68191|SRA_ECOLI	Stationary-phase-induced ribosome-associated protein OS=Escherichia coli (strain K12) OX=83333 GN=sra PE=1 SV=1	24	45		VTEGDKSSVVNNPTGRKRPAEK	I.VTEGDKSSVVNNPTGRKRPAEK.	2368.245884	NONE		0		0		-	7	6	8.675e-06	-	-
4	/home/daniel/Desktop/datafiles/RealData/ecoli/DDA/TDP_Ecoli_DDA_1MS1_500ng_720_1200_NCE30/2mz/envcnn_review/round1/TDP_Ecoli_DDA_1MS1_500ng_720_1200_NCE30_2mz_ms2.msalign	8	2233	HCD	2608	1687.58	26	2	1598.76537	1598.768884	501	-	-1000	-1	1	sp|P0A7N9|RL33_ECOLI	Large ribosomal subunit protein bL33 OS=Escherichia coli (strain K12) OX=83333 GN=rpmG PE=1 SV=2	13	27		SSAGTGHFYTTTKNK	V.SSAGTGHFYTTTKNK.R	1598.768884	NONE		0		0		-	11	10	8.57925944e-07	-	-
5	/home/daniel/Desktop/datafiles/RealData/ecoli/DDA/TDP_Ecoli_DDA_1MS1_500ng_720_1200_NCE30/2mz/envcnn_review/round1/TDP_Ecoli_DDA_1MS1_500ng_720_1200_NCE30_2mz_ms2.msalign	9	2236	HCD	2611	1689.57	26	2	1629.81797	1629.82098	482	-	-1000	-1	1	sp|P0AG44|RL17_ECOLI	Large ribosomal subunit protein bL17 OS=Escherichia coli (strain K12) OX=83333 GN=rplQ PE=1 SV=1	113	127		IELVDRSEKAEAAAE	Y.IELVDRSEKAEAAAE.	1629.82098	NONE		0		0		-	9	8	2.56452e-06	-	-
9	/home/daniel/Desktop/datafiles/RealData/ecoli/DDA/TDP_Ecoli_DDA_1MS1_500ng_720_1200_NCE30/2mz/envcnn_review/round1/TDP_Ecoli_DDA_1MS1_500ng_720_1200_NCE30_2mz_ms2.msalign	17	2262	HCD	2642	1709.81	30	2	1678.72174	1678.75174	231	-	-1000	-1	1	sp|P0ADB1|OSME_ECOLI	Osmotically-inducible putative lipoprotein OsmE OS=Escherichia coli (strain K12) OX=83333 GN=osmE PE=2 SV=1	87	101		LDDTGHVINSGYQTC	A.LDDTGHVINSGYQ(TC)[+57.0475].A	1678.75174	NONE		1	+57.0475:[14-15]	0		-	6	6	0.00073741374	-	-
12	/home/daniel/Desktop/datafiles/RealData/ecoli/DDA/TDP_Ecoli_DDA_1MS1_500ng_720_1200_NCE30/2mz/envcnn_review/round1/TDP_Ecoli_DDA_1MS1_500ng_720_1200_NCE30_2mz_ms2.msalign	21	2291	HCD	2675	1731.68	25	2	1517.82802	1517.831425	496	-	-1000	-1	1	sp|P0A6F5|CH60_ECOLI	Chaperonin GroEL OS=Escherichia coli (strain K12) OX=83333 GN=groEL PE=1 SV=2	2	15		AAKDVKFGNDARVK	M.AAKDVKFGNDARVK.M	1517.831425	NME		0		0		-	12	10	3.855322e-08	-	-
14	/home/daniel/Desktop/datafiles/RealData/ecoli/DDA/TDP_Ecoli_DDA_1MS1_500ng_720_1200_NCE30/2mz/envcnn_review/round1/TDP_Ecoli_DDA_1MS1_500ng_720_1200_NCE30_2mz_ms2.msalign	27	2327	HCD	2717	1758.87	14	2	1591.82045	1592.8378	673	-	-1000	-1	1	sp|P76010|YCGR_ECOLI	Flagellar brake protein YcgR OS=Escherichia coli (strain K12) OX=83333 GN=ycgR PE=1 SV=1	229	244		FSLEREAREKADKVRD	I.FSLEREAREKA(DKVRD)[-355.1748].	1592.8378	NONE		1	-355.1748:[12-16]	0		-	5	6	0.002287335336	-	-
16	/home/daniel/Desktop/datafiles/RealData/ecoli/DDA/TDP_Ecoli_DDA_1MS1_500ng_720_1200_NCE30/2mz/envcnn_review/round1/TDP_Ecoli_DDA_1MS1_500ng_720_1200_NCE30_2mz_ms2.msalign	33	2383	HCD	2783	1801.54	29	2	1561.7709	1560.79855	663	-	-1000	-1	1	sp|P0DPO6|YDDY_ECOLI	Protein YddY OS=Escherichia coli (strain K12) OX=83333 GN=yddY PE=1 SV=1	1	13		MVQLVDLARCVSF	.[Acetyl]-MVQLVDLAR(CVSF)[+39.0302].	1560.79855	M_ACETYLATION		1	+39.0302:[10-13]	0		-	5	5	0.001193155	-	-
18	/home/daniel/Desktop/datafiles/RealData/ecoli/DDA/TDP_Ecoli_DDA_1MS1_500ng_720_1200_NCE30/2mz/envcnn_review/round1/TDP_Ecoli_DDA_1MS1_500ng_720_1200_NCE30_2mz_ms2.msalign	35	2468	HCD	2882	1865.61	16	2	1514.76593	1514.768884	408	-	-1000	-1	1	sp|P37636|MDTE_ECOLI	Multidrug resistance protein MdtE OS=Escherichia coli (strain K12) OX=83333 GN=mdtE PE=1 SV=1	143	156		RTQLNEAEANVTVA	A.RTQLNEAEANVTVA.K	1514.768884	NONE		0		0		-	9	8	1.096905108e-06	-	-
19	/home/daniel/Desktop/datafiles/RealData/ecoli/DDA/TDP_Ecoli_DDA_1MS1_500ng_720_1200_NCE30/2mz/envcnn_review/round1/TDP_Ecoli_DDA_1MS1_500ng_720_1200_NCE30_2mz_ms2.msalign	36	2615	HCD	3053	1976.35	16	2	1441.75024	1441.752506	455	-	-1000	-1	1	sp|P02413|RL15_ECOLI	Large ribosomal subunit protein uL15 OS=Escherichia coli (strain K12) OX=83333 GN=rplO PE=1 SV=1	130	144		GARAAIEAAGGKIEE	K.GARAAIEAAGGKIEE.	1441.752506	NONE		0		0		-	8	8	7.28156e-09	-	-
20	/home/daniel/Desktop/datafiles/RealData/ecoli/DDA/TDP_Ecoli_DDA_1MS1_500ng_720_1200_NCE30/2mz/envcnn_review/round1/TDP_Ecoli_DDA_1MS1_500ng_720_1200_NCE30_2mz_ms2.msalign	37	2733	HCD	3191	2065.79	12	3	2523.11005	2523.10505	303	-	-1000	-1	1	sp|P0ADN2|YIFE_ECOLI	UPF0438 protein YifE OS=Escherichia coli (strain K12) OX=83333 GN=yifE PE=1 SV=2	90	112		RFHTLSGGKPQVEGAEDYTDSDD	K.(RFHTL)[-0.0099]SGGKPQVEGAEDYTDSDD.	2523.10505	NONE		1	-0.0099:[1-5]	0		-	10	10	2.477236964e-12	-	-
23	/home/daniel/Desktop/datafiles/RealData/ecoli/DDA/TDP_Ecoli_DDA_1MS1_500ng_720_1200_NCE30/2mz/envcnn_review/round1/TDP_Ecoli_DDA_1MS1_500ng_720_1200_NCE30_2mz_ms2.msalign	41	2816	HCD	3288	2128.7	21	2	1462.68446	1463.700654	650	-	-1000	-1	1	sp|P0AD12|YEEZ_ECOLI	Protein YeeZ OS=Escherichia coli (strain K12) OX=83333 GN=yeeZ PE=1 SV=1	263	274		YQYPDPLVMPLE	E.YQYPDPLVMPLE.	1463.700654	NONE		0		0		-	5	5	0.000367992	-	-
24	/home/daniel/Desktop/datafiles/RealData/ecoli/DDA/TDP_Ecoli_DDA_1MS1_500ng_720_1200_NCE30/2mz/envcnn_review/round1/TDP_Ecoli_DDA_1MS1_500ng_720_1200_NCE30_2mz_ms2.msalign	44	3031	HCD	3539	2292.71	28	2	1529.83786	1529.841321	432	-	-1000	-1	1	sp|P0AA10|RL13_ECOLI	Large ribosomal subunit protein uL13 OS=Escherichia coli (strain K12) OX=83333 GN=rplM PE=1 SV=1	17	31		VVDATGKTLGRLATE	Y.VVDATGKTLGRLATE.L	1529.841321	NONE		0		0		-	15	12	3.6225564e-09	-	-
25	/home/daniel/Desktop/datafiles/RealData/ecoli/DDA/TDP_Ecoli_DDA_1MS1_500ng_720_1200_NCE30/2mz/envcnn_review/round1/TDP_Ecoli_DDA_1MS1_500ng_720_1200_NCE30_2mz_ms2.msalign	45	3097	HCD	3616	2342.7	14	4	4070.92365	4071.00365	557	-	-1000	-1	1	sp|P76193|YNHG_ECOLI	Probable L,D-transpeptidase YnhG OS=Escherichia coli (strain K12) OX=83333 GN=ynhG PE=1 SV=1	295	334		RAGYPVSVSSGATPAASNAPSVESAQNGEPEQGNMLRVTQ	R.RAGYPVSVSSGAT(PAASNAPSVESAQNGEPEQGNMLRVTQ)[+57.0899].	4071.00365	NONE		1	+57.0899:[14-40]	0		-	9	8	2.307764196e-05	-	-
26	/home/daniel/Desktop/datafiles/RealData/ecoli/DDA/TDP_Ecoli_DDA_1MS1_500ng_720_1200_NCE30/2mz/envcnn_review/round1/TDP_Ecoli_DDA_1MS1_500ng_720_1200_NCE30_2mz_ms2.msalign	46	3111	HCD	3632	2353.12	10	1	861.47927	862.48662	677	-	-1000	-1	1	sp|P0AE91|CREA_ECOLI	Protein CreA OS=Escherichia coli (strain K12) OX=83333 GN=creA PE=3 SV=1	146	157		AISAVPVMPWRQ	N.AISAVPV(MPWRQ)[-491.2361].	862.48662	NONE		1	-491.2361:[8-12]	0		-	5	5	0.003682965	-	-
29	/home/daniel/Desktop/datafiles/RealData/ecoli/DDA/TDP_Ecoli_DDA_1MS1_500ng_720_1200_NCE30/2mz/envcnn_review/round1/TDP_Ecoli_DDA_1MS1_500ng_720_1200_NCE30_2mz_ms2.msalign	49	3179	HCD	3711	2404.38	25	2	1565.83937	1565.841321	152	-	-1000	-1	1	sp|P60624|RL24_ECOLI	Large ribosomal subunit protein uL24 OS=Escherichia coli (strain K12) OX=83333 GN=rplX PE=1 SV=2	52	66		LNQPGGIVEKEAAIQ	A.LNQPGGIVEKEAAIQ.V	1565.841321	NONE		0		0		-	7	6	0.00198273474	-	-
31	/home/daniel/Desktop/datafiles/RealData/ecoli/DDA/TDP_Ecoli_DDA_1MS1_500ng_720_1200_NCE30/2mz/envcnn_review/round1/TDP_Ecoli_DDA_1MS1_500ng_720_1200_NCE30_2mz_ms2.msalign	51	3191	HCD	3725	2413.38	14	3	2327.05904	2327.10404	103	-	-1000	-1	1	sp|P0ACF8|HNS_ECOLI	DNA-binding protein H-NS OS=Escherichia coli (strain K12) OX=83333 GN=hns PE=1 SV=2	96	118		KYSYVDENGETKTWTGQGRTPAV	A.(KYSY)[-259.1310]VDENGETKTWTGQGRTPAV.I	2327.10404	NONE		1	-259.1310:[1-4]	0		-	9	9	3.203675118e-05	-	-
32	/home/daniel/Desktop/datafiles/RealData/ecoli/DDA/TDP_Ecoli_DDA_1MS1_500ng_720_1200_NCE30/2mz/envcnn_review/round1/TDP_Ecoli_DDA_1MS1_500ng_720_1200_NCE30_2mz_ms2.msalign	52	3194	HCD	3729	2415.89	21	3	2309.04891	2309.08891	609	-	-1000	-1	1	sp|P64503|YEBV_ECOLI	Uncharacterized protein YebV OS=Escherichia coli (strain K12) OX=83333 GN=yebV PE=1 SV=1	12	31		IDDGELHGESPGDRTLTIPC	E.IDDGELHGESPGDRTLTI(PC)[+185.1096].K	2309.08891	NONE		1	+185.1096:[19-20]	0		-	9	8	0.0060425088	-	-
34	/home/daniel/Desktop/datafiles/RealData/ecoli/DDA/TDP_Ecoli_DDA_1MS1_500ng_720_1200_NCE30/2mz/envcnn_review/round1/TDP_Ecoli_DDA_1MS1_500ng_720_1200_NCE30_2mz_ms2.msalign	55	3242	HCD	3785	2452.14	13	2	1505.71797	1505.74797	685	-	-1000	-1	1	sp|P0A6N4|EFP_ECOLI	Elongation factor P OS=Escherichia coli (strain K12) OX=83333 GN=efp PE=1 SV=2	1	14		MATYYSNDFRAGLK	.(MAT)[-130.0236]YYSNDFRAGLK.I	1505.74797	NONE		1	-130.0236:[1-3]	0		-	6	6	0.005754184174	-	-
35	/home/daniel/Desktop/datafiles/RealData/ecoli/DDA/TDP_Ecoli_DDA_1MS1_500ng_720_1200_NCE30/2mz/envcnn_review/round1/TDP_Ecoli_DDA_1MS1_500ng_720_1200_NCE30_2mz_ms2.msalign	56	3256	HCD	3801	2462.61	31	2	1473.67553	1473.67053	616	-	-1000	-1	1	sp|P0A7L8|RL27_ECOLI	Large ribosomal subunit protein bL27 OS=Escherichia coli (strain K12) OX=83333 GN=rpmA PE=1 SV=2	48	61		GANVGCGRDHTLFA	A.GANVG(C)[+57.0137]GRDHTLFA.K	1473.67053	NONE		1	+57.0137:[6]	0		-	10	9	2.594546136e-05	-	-
37	/home/daniel/Desktop/datafiles/RealData/ecoli/DDA/TDP_Ecoli_DDA_1MS1_500ng_720_1200_NCE30/2mz/envcnn_review/round1/TDP_Ecoli_DDA_1MS1_500ng_720_1200_NCE30_2mz_ms2.msalign	61	3294	HCD	3846	2491.59	37	4	3053.46146	3054.45381	642	-	-1000	-1	1	sp|P0AG63|RS17_ECOLI	Small ribosomal subunit protein uS17 OS=Escherichia coli (strain K12) OX=83333 GN=rpsQ PE=1 SV=2	46	71		VHDENNECGIGDVVEIRECRPLSKTK	H.VHDENNECGIG(DVVEIRECR)[+115.0309]PLSKTK.S	3054.45381	NONE		1	+115.0309:[12-20]	0		-	11	10	0.0001587822348	-	-
38	/home/daniel/Desktop/datafiles/RealData/ecoli/DDA/TDP_Ecoli_DDA_1MS1_500ng_720_1200_NCE30/2mz/envcnn_review/round1/TDP_Ecoli_DDA_1MS1_500ng_720_1200_NCE30_2mz_ms2.msalign	62	3319	HCD	3875	2510.35	12	3	2252.28233	2252.28523	624	-	-1000	-1	1	sp|P0A7W1|RS5_ECOLI	Small ribosomal subunit protein uS5 OS=Escherichia coli (strain K12) OX=83333 GN=rpsE PE=1 SV=2	4	23		IEKQAGELQEKLIAVNRVSK	H.IEKQAGELQEKLIAVNRVSK.T	2252.28523	NONE		0		0		-	5	5	0.00309178188	-	-
39	/home/daniel/Desktop/datafiles/RealData/ecoli/DDA/TDP_Ecoli_DDA_1MS1_500ng_720_1200_NCE30/2mz/envcnn_review/round1/TDP_Ecoli_DDA_1MS1_500ng_720_1200_NCE30_2mz_ms2.msalign	63	3350	HCD	3911	2533.34	24	3	2306.14532	2306.147751	443	-	-1000	-1	1	sp|P0A7U3|RS19_ECOLI	Small ribosomal subunit protein uS19 OS=Escherichia coli (strain K12) OX=83333 GN=rpsS PE=1 SV=2	62	81		VTDEMVGHKLGEFAPTRTYR	F.VTDEMVGHKLGEFAPTRTYR.G	2306.147751	NONE		0		0		-	12	11	5.2884429e-09	-	-
42	/home/daniel/Desktop/datafiles/RealData/ecoli/DDA/TDP_Ecoli_DDA_1MS1_500ng_720_1200_NCE30/2mz/envcnn_review/round1/TDP_Ecoli_DDA_1MS1_500ng_720_1200_NCE30_2mz_ms2.msalign	68	3406	HCD	3976	2574.46	10	2	1730.87889	1730.879891	428	-	-1000	-1	1	sp|P0A7T3|RS16_ECOLI	Small ribosomal subunit protein bS16 OS=Escherichia coli (strain K12) OX=83333 GN=rpsP PE=1 SV=1	44	58		SEKEEGTRLDLDRIA	A.SEKEEGTRLDLDRIA.H	1730.879891	NONE		0		0		-	7	7	0.000370852533	-	-
43	/home/daniel/Desktop/datafiles/RealData/ecoli/DDA/TDP_Ecoli_DDA_1MS1_500ng_720_1200_NCE30/2mz/envcnn_review/round1/TDP_Ecoli_DDA_1MS1_500ng_720_1200_NCE30_2mz_ms2.msalign	71	3413	HCD	3984	2579.45	18	2	1670.83837	1670.841004	610	-	-1000	-1	1	sp|P0AG51|RL30_ECOLI	Large ribosomal subunit protein uL30 OS=Escherichia coli (strain K12) OX=83333 GN=rpmD PE=1 SV=2	36	50		VEREDTPAIRGMINA	T.VEREDTPAIRGMINA.V	1670.841004	NONE		0		0		-	10	10	2.1781485e-05	-	-
45	/home/daniel/Desktop/datafiles/RealData/ecoli/DDA/TDP_Ecoli_DDA_1MS1_500ng_720_1200_NCE30/2mz/envcnn_review/round1/TDP_Ecoli_DDA_1MS1_500ng_720_1200_NCE30_2mz_ms2.msalign	74	3430	HCD	4004	2592.31	17	2	1461.75509	1462.78244	194	-	-1000	-1	1	sp|P0A7T7|RS18_ECOLI	Small ribosomal subunit protein bS18 OS=Escherichia coli (strain K12) OX=83333 GN=rpsR PE=1 SV=2	31	44		NYITESGKIVPSRI	K.N(YI)[-113.0796]TESGKIVPSRI.T	1462.78244	NONE		1	-113.0796:[2-3]	0		-	9	8	0.001237650752	-	-
48	/home/daniel/Desktop/datafiles/RealData/ecoli/DDA/TDP_Ecoli_DDA_1MS1_500ng_720_1200_NCE30/2mz/envcnn_review/round1/TDP_Ecoli_DDA_1MS1_500ng_720_1200_NCE30_2mz_ms2.msalign	78	3452	HCD	4030	2609.12	18	3	2182.07722	2182.080716	339	-	-1000	-1	1	sp|P0C018|RL18_ECOLI	Large ribosomal subunit protein uL18 OS=Escherichia coli (strain K12) OX=83333 GN=rplR PE=1 SV=1	83	101		LEKGIKDVSFDRSGFQYHG	A.LEKGIKDVSFDRSGFQYHG.R	2182.080716	NONE		0		0		-	7	7	2.79070336e-07	-	-
51	/home/daniel/Desktop/datafiles/RealData/ecoli/DDA/TDP_Ecoli_DDA_1MS1_500ng_720_1200_NCE30/2mz/envcnn_review/round1/TDP_Ecoli_DDA_1MS1_500ng_720_1200_NCE30_2mz_ms2.msalign	81	3499	HCD	4085	2645.41	11	2	1567.82817	1567.831819	529	-	-1000	-1	1	sp|P0ADY3|RL14_ECOLI	Large ribosomal subunit protein uL14 OS=Escherichia coli (strain K12) OX=83333 GN=rplN PE=1 SV=1	86	99		LLNNNSEQPIGTRI	V.LLNNNSEQPIGTRI.F	1567.831819	NONE		0		0		-	8	8	0.000634369064	-	-
54	/home/daniel/Desktop/datafiles/RealData/ecoli/DDA/TDP_Ecoli_DDA_1MS1_500ng_720_1200_NCE30/2mz/envcnn_review/round1/TDP_Ecoli_DDA_1MS1_500ng_720_1200_NCE30_2mz_ms2.msalign	87	3588	HCD	4189	2713.33	12	2	1708.9845	1709.98685	524	-	-1000	-1	1	sp|P0ADY7|RL16_ECOLI	Large ribosomal subunit protein uL16 OS=Escherichia coli (strain K12) OX=83333 GN=rplP PE=1 SV=1	66	80		RVFPDKPITEKPLAV	I.RVFPD(K)[+0.9993]PITEKPLAV.R	1709.98685	NONE		1	+0.9993:[6]	0		-	10	9	1.74389787e-07	-	-
56	/home/daniel/Desktop/datafiles/RealData/ecoli/DDA/TDP_Ecoli_DDA_1MS1_500ng_720_1200_NCE30/2mz/envcnn_review/round1/TDP_Ecoli_DDA_1MS1_500ng_720_1200_NCE30_2mz_ms2.msalign	90	3625	HCD	4232	2741.44	24	5	3914.97529	3914.984806	617	-	-1000	-1	1	sp|P29131|FTSN_ECOLI	Cell division protein FtsN OS=Escherichia coli (strain K12) OX=83333 GN=ftsN PE=1 SV=3	138	169		EVPWNEQTPEQRQQTLQRQRQAQQLAEQQRLA	V.EVPWNEQTPEQRQQTLQRQRQAQQLAEQQRLA.Q	3914.984806	NONE		0		0		-	9	8	3.08212713e-05	-	-
57	/home/daniel/Desktop/datafiles/RealData/ecoli/DDA/TDP_Ecoli_DDA_1MS1_500ng_720_1200_NCE30/2mz/envcnn_review/round1/TDP_Ecoli_DDA_1MS1_500ng_720_1200_NCE30_2mz_ms2.msalign	91	3657	HCD	4269	2765.64	13	2	1615.79326	1615.795433	591	-	-1000	-1	1	sp|P0AG59|RS14_ECOLI	Small ribosomal subunit protein uS14 OS=Escherichia coli (strain K12) OX=83333 GN=rpsN PE=1 SV=2	34	47		VNASDEDRWNAVLK	D.VNASDEDRWNAVLK.L	1615.795433	NONE		0		0		-	6	5	0.000641372897	-	-
59	/home/daniel/Desktop/datafiles/RealData/ecoli/DDA/TDP_Ecoli_DDA_1MS1_500ng_720_1200_NCE30/2mz/envcnn_review/round1/TDP_Ecoli_DDA_1MS1_500ng_720_1200_NCE30_2mz_ms2.msalign	96	3741	HCD	4367	2829.26	11	2	1547.8189	1547.819523	575	-	-1000	-1	1	sp|P37194|SLP_ECOLI	Outer membrane protein Slp OS=Escherichia coli (strain K12) OX=83333 GN=slp PE=1 SV=1	175	188		YTNAVSQVTPELVK	Y.YTNAVSQVTPELVK.	1547.819523	NONE		0		0		-	5	5	9.40836e-05	-	-
61	/home/daniel/Desktop/datafiles/RealData/ecoli/DDA/TDP_Ecoli_DDA_1MS1_500ng_720_1200_NCE30/2mz/envcnn_review/round1/TDP_Ecoli_DDA_1MS1_500ng_720_1200_NCE30_2mz_ms2.msalign	98	3748	HCD	4375	2834.45	21	4	2977.50319	2977.507806	678	-	-1000	-1	1	sp|P27434|RODZ_ECOLI	Cytoskeleton protein RodZ OS=Escherichia coli (strain K12) OX=83333 GN=rodZ PE=1 SV=2	6	32		THDQNEALTTGARLRNAREQLGLSQQA	A.THDQNEALTTGARLRNAREQLGLSQQA.V	2977.507806	NONE		0		0		-	6	6	0.00369127302	-	-
63	/home/daniel/Desktop/datafiles/RealData/ecoli/DDA/TDP_Ecoli_DDA_1MS1_500ng_720_1200_NCE30/2mz/envcnn_review/round1/TDP_Ecoli_DDA_1MS1_500ng_720_1200_NCE30_2mz_ms2.msalign	103	3783	HCD	4416	2860.86	26	2	1576.77197	1577.76932	533	-	-1000	-1	1	sp|P0ADZ0|RL23_ECOLI	Large ribosomal subunit protein uL23 OS=Escherichia coli (strain K12) OX=83333 GN=rplW PE=1 SV=1	86	100		TLKEGQNLDFVGGAE	V.TLKEGQN(L)[+0.9960]DFVGGAE.	1577.76932	NONE		1	+0.9960:[8]	0		-	14	11	1.950545682e-07	-	-
67	/home/daniel/Desktop/datafiles/RealData/ecoli/DDA/TDP_Ecoli_DDA_1MS1_500ng_720_1200_NCE30/2mz/envcnn_review/round1/TDP_Ecoli_DDA_1MS1_500ng_720_1200_NCE30_2mz_ms2.msalign	111	3896	HCD	4548	2946.48	18	3	2200.13553	2200.140934	658	-	-1000	-1	1	sp|P0AG55|RL6_ECOLI	Large ribosomal subunit protein uL6 OS=Escherichia coli (strain K12) OX=83333 GN=rplF PE=1 SV=2	120	140		GITAECPTQTEIVLKGADKQV	A.GITAECPTQTEIVLKGADKQV.I	2200.140934	NONE		0		0		-	6	6	0.000856784264	-	-
69	/home/daniel/Desktop/datafiles/RealData/ecoli/DDA/TDP_Ecoli_DDA_1MS1_500ng_720_1200_NCE30/2mz/envcnn_review/round1/TDP_Ecoli_DDA_1MS1_500ng_720_1200_NCE30_2mz_ms2.msalign	113	3904	HCD	4557	2952.36	19	4	2996.342	2996.397	174	-	-1000	-1	1	sp|P0ACF4|DBHB_ECOLI	DNA-binding protein HU-beta OS=Escherichia coli (strain K12) OX=83333 GN=hupB PE=1 SV=1	1	28		MNKSQLIDKIAAGADISKAAAGRALDAI	.(MNKSQLIDKIAA)[+184.8693]GADISKAAAGRALDAI.I	2996.397	NONE		1	+184.8693:[1-12]	0		-	6	6	0.0091894716	-	-
73	/home/daniel/Desktop/datafiles/RealData/ecoli/DDA/TDP_Ecoli_DDA_1MS1_500ng_720_1200_NCE30/2mz/envcnn_review/round1/TDP_Ecoli_DDA_1MS1_500ng_720_1200_NCE30_2mz_ms2.msalign	121	3947	HCD	4607	2984.88	22	2	1443.74457	1443.747027	603	-	-1000	-1	1	sp|P68679|RS21_ECOLI	Small ribosomal subunit protein bS21 OS=Escherichia coli (strain K12) OX=83333 GN=rpsU PE=1 SV=2	6	17		VRENEPFDVALR	K.VRENEPFDVALR.R	1443.747027	NONE		0		0		-	10	9	2.11669876e-05	-	-
74	/home/daniel/Desktop/datafiles/RealData/ecoli/DDA/TDP_Ecoli_DDA_1MS1_500ng_720_1200_NCE30/2mz/envcnn_review/round1/TDP_Ecoli_DDA_1MS1_500ng_720_1200_NCE30_2mz_ms2.msalign	123	3958	HCD	4620	2993.34	26	2	1443.74457	1444.741808	680	-	-1000	-1	1	sp|P0A8N7|EPMA_ECOLI	Elongation factor P--(R)-beta-lysine ligase OS=Escherichia coli (strain K12) OX=83333 GN=epmA PE=1 SV=1	287	301		LKVGMPDCSGVALGV	A.LKVGMPDCSGVALGV.D	1444.741808	NONE		0		0		-	5	5	0.004999628544	-	-
78	/home/daniel/Desktop/datafiles/RealData/ecoli/DDA/TDP_Ecoli_DDA_1MS1_500ng_720_1200_NCE30/2mz/envcnn_review/round1/TDP_Ecoli_DDA_1MS1_500ng_720_1200_NCE30_2mz_ms2.msalign	132	4107	HCD	4794	3107.61	19	2	1745.83444	1745.837298	345	-	-1000	-1	1	sp|P0AD59|IVY_ECOLI	Inhibitor of vertebrate lysozyme OS=Escherichia coli (strain K12) OX=83333 GN=ivy PE=1 SV=1	142	157		ALTGSLENHPDGFNFK	A.ALTGSLENHPDGFNFK.	1745.837298	NONE		0		0		-	11	11	1.066107e-11	-	-
81	/home/daniel/Desktop/datafiles/RealData/ecoli/DDA/TDP_Ecoli_DDA_1MS1_500ng_720_1200_NCE30/2mz/envcnn_review/round1/TDP_Ecoli_DDA_1MS1_500ng_720_1200_NCE30_2mz_ms2.msalign	136	4125	HCD	4815	3121.3	30	3	2308.13928	2308.18428	562	-	-1000	-1	1	sp|P0AD49|YFIA_ECOLI	Ribosome-associated inhibitor A OS=Escherichia coli (strain K12) OX=83333 GN=raiA PE=1 SV=2	96	113		RAATSVKDANFVEEVEEE	R.RAATSVKDANFVEEVE(EE)[+286.2301].	2308.18428	NONE		1	+286.2301:[17-18]	0		-	8	8	2.035791384e-06	-	-
85	/home/daniel/Desktop/datafiles/RealData/ecoli/DDA/TDP_Ecoli_DDA_1MS1_500ng_720_1200_NCE30/2mz/envcnn_review/round1/TDP_Ecoli_DDA_1MS1_500ng_720_1200_NCE30_2mz_ms2.msalign	143	4155	HCD	4850	3144.07	27	2	1477.8112	1477.814044	131	-	-1000	-1	1	sp|P61175|RL22_ECOLI	Large ribosomal subunit protein uL22 OS=Escherichia coli (strain K12) OX=83333 GN=rplV PE=1 SV=1	31	43		QALDILTYTNKKA	S.QALDILTYTNKKA.A	1477.814044	NONE		0		0		-	5	5	0.00696033196	-	-
88	/home/daniel/Desktop/datafiles/RealData/ecoli/DDA/TDP_Ecoli_DDA_1MS1_500ng_720_1200_NCE30/2mz/envcnn_review/round1/TDP_Ecoli_DDA_1MS1_500ng_720_1200_NCE30_2mz_ms2.msalign	149	4194	HCD	4896	3173.72	14	2	1749.86225	1749.864576	628	-	-1000	-1	1	sp|P0A7R9|RS11_ECOLI	Small ribosomal subunit protein uS11 OS=Escherichia coli (strain K12) OX=83333 GN=rpsK PE=1 SV=2	26	41		SFNNTIVTITDRQGNA	A.SFNNTIVTITDRQGNA.L	1749.864576	NONE		0		0		-	6	6	0.000102159424	-	-
89	/home/daniel/Desktop/datafiles/RealData/ecoli/DDA/TDP_Ecoli_DDA_1MS1_500ng_720_1200_NCE30/2mz/envcnn_review/round1/TDP_Ecoli_DDA_1MS1_500ng_720_1200_NCE30_2mz_ms2.msalign	152	4221	HCD	4927	3193.94	13	3	2197.1415	2197.145108	504	-	-1000	-1	1	sp|P66948|BEPA_ECOLI	Beta-barrel assembly-enhancing protease OS=Escherichia coli (strain K12) OX=83333 GN=bepA PE=1 SV=1	350	369		TDIDLGQNKANEAINRLKNA	A.TDIDLGQNKANEAINRLKNA.R	2197.145108	NONE		0		0		-	9	9	1.063878222e-07	-	-
93	/home/daniel/Desktop/datafiles/RealData/ecoli/DDA/TDP_Ecoli_DDA_1MS1_500ng_720_1200_NCE30/2mz/envcnn_review/round1/TDP_Ecoli_DDA_1MS1_500ng_720_1200_NCE30_2mz_ms2.msalign	159	4268	HCD	4982	3229.48	12	2	1455.76568	1455.768156	597	-	-1000	-1	1	sp|P37637|MDTF_ECOLI	Multidrug resistance protein MdtF OS=Escherichia coli (strain K12) OX=83333 GN=mdtF PE=1 SV=1	253	265		VQQDGSQVLLRDV	K.VQQDGSQVLLRDV.A	1455.768156	NONE		0		0		-	7	7	1.80203814e-05	-	-
95	/home/daniel/Desktop/datafiles/RealData/ecoli/DDA/TDP_Ecoli_DDA_1MS1_500ng_720_1200_NCE30/2mz/envcnn_review/round1/TDP_Ecoli_DDA_1MS1_500ng_720_1200_NCE30_2mz_ms2.msalign	163	4330	HCD	5054	3276.07	16	4	3335.58109	3335.587907	466	-	-1000	-1	1	sp|P75818|YBJP_ECOLI	Uncharacterized lipoprotein YbjP OS=Escherichia coli (strain K12) OX=83333 GN=ybjP PE=1 SV=1	77	106		DASRDNNHRELLTNDPFSSRTTLPDSAHVA	S.DASRDNNHRELLTNDPFSSRTTLPDSAHVA.S	3335.587907	NONE		0		0		-	8	8	5.53575548e-07	-	-
99	/home/daniel/Desktop/datafiles/RealData/ecoli/DDA/TDP_Ecoli_DDA_1MS1_500ng_720_1200_NCE30/2mz/envcnn_review/round1/TDP_Ecoli_DDA_1MS1_500ng_720_1200_NCE30_2mz_ms2.msalign	170	4368	HCD	5099	3305.1	12	2	1604.82147	1604.82647	689	-	-1000	-1	1	sp|P27830|RMLB2_ECOLI	dTDP-glucose 4,6-dehydratase 2 OS=Escherichia coli (strain K12) OX=83333 GN=rffG PE=1 SV=3	339	355		KQVQDGSYQGERLGLKG	W.KQVQDG(SYQGE)[-257.1382]RLGLKG.	1604.82647	NONE		1	-257.1382:[7-11]	0		-	5	5	0.00831017232	-	-
100	/home/daniel/Desktop/datafiles/RealData/ecoli/DDA/TDP_Ecoli_DDA_1MS1_500ng_720_1200_NCE30/2mz/envcnn_review/round1/TDP_Ecoli_DDA_1MS1_500ng_720_1200_NCE30_2mz_ms2.msalign	173	4388	HCD	5122	3320.24	16	3	2601.3466	2601.351078	324	-	-1000	-1	1	sp|P60438|RL3_ECOLI	Large ribosomal subunit protein uL3 OS=Escherichia coli (strain K12) OX=83333 GN=rplC PE=1 SV=1	27	49		IEVEANRVTQVKDLANDGYRAIQ	V.IEVEANRVTQVKDLANDGYRAIQ.V	2601.351078	NONE		0		0		-	10	10	8.48314365e-08	-	-
106	/home/daniel/Desktop/datafiles/RealData/ecoli/DDA/TDP_Ecoli_DDA_1MS1_500ng_720_1200_NCE30/2mz/envcnn_review/round1/TDP_Ecoli_DDA_1MS1_500ng_720_1200_NCE30_2mz_ms2.msalign	189	4481	HCD	5230	3390.49	10	3	2442.25663	2442.261534	654	-	-1000	-1	1	sp|P19926|AGP_ECOLI	Glucose-1-phosphatase OS=Escherichia coli (strain K12) OX=83333 GN=agp PE=1 SV=1	363	384		YQSAEQLRNADALTLQAPAQRV	V.YQSAEQLRNADALTLQAPAQRV.T	2442.261534	NONE		0		0		-	6	6	0.000736745052	-	-
108	/home/daniel/Desktop/datafiles/RealData/ecoli/DDA/TDP_Ecoli_DDA_1MS1_500ng_720_1200_NCE30/2mz/envcnn_review/round1/TDP_Ecoli_DDA_1MS1_500ng_720_1200_NCE30_2mz_ms2.msalign	194	4521	HCD	5277	3421.09	25	2	1507.76365	1507.767093	621	-	-1000	-1	1	sp|P0A805|RRF_ECOLI	Ribosome-recycling factor OS=Escherichia coli (strain K12) OX=83333 GN=frr PE=1 SV=1	43	55		EYYGTPTPLRQLA	V.EYYGTPTPLRQLA.S	1507.767093	NONE		0		0		-	6	6	3.65111769e-05	-	-
109	/home/daniel/Desktop/datafiles/RealData/ecoli/DDA/TDP_Ecoli_DDA_1MS1_500ng_720_1200_NCE30/2mz/envcnn_review/round1/TDP_Ecoli_DDA_1MS1_500ng_720_1200_NCE30_2mz_ms2.msalign	196	4529	HCD	5286	3426.98	20	3	2249.14878	2249.153941	506	-	-1000	-1	1	sp|P15877|DHG_ECOLI	Quinoprotein glucose dehydrogenase OS=Escherichia coli (strain K12) OX=83333 GN=gcd PE=1 SV=3	203	223		GDVKQPNDPGEITNEVTPIKV	T.GDVKQPNDPGEITNEVTPIKV.G	2249.153941	NONE		0		0		-	7	7	1.20909932e-07	-	-
111	/home/daniel/Desktop/datafiles/RealData/ecoli/DDA/TDP_Ecoli_DDA_1MS1_500ng_720_1200_NCE30/2mz/envcnn_review/round1/TDP_Ecoli_DDA_1MS1_500ng_720_1200_NCE30_2mz_ms2.msalign	201	4593	HCD	5361	3475.82	28	2	1760.83949	1760.842837	364	-	-1000	-1	1	sp|P0A7S9|RS13_ECOLI	Small ribosomal subunit protein uS13 OS=Escherichia coli (strain K12) OX=83333 GN=rpsM PE=1 SV=2	46	61		SELSEGQIDTLRDEVA	I.SELSEGQIDTLRDEVA.K	1760.842837	NONE		0		0		-	9	9	2.00954e-05	-	-
116	/home/daniel/Desktop/datafiles/RealData/ecoli/DDA/TDP_Ecoli_DDA_1MS1_500ng_720_1200_NCE30/2mz/envcnn_review/round1/TDP_Ecoli_DDA_1MS1_500ng_720_1200_NCE30_2mz_ms2.msalign	211	4651	HCD	5429	3520.09	10	3	2535.34499	2535.347907	571	-	-1000	-1	1	sp|P60422|RL2_ECOLI	Large ribosomal subunit protein uL2 OS=Escherichia coli (strain K12) OX=83333 GN=rplB PE=1 SV=2	116	140		IQSGVDAAIKPGNTLPMRNIPVGST	Q.IQSGVDAAIKPGNTLPMRNIPVGST.V	2535.347907	NONE		0		0		-	5	5	0.000366648974	-	-
119	/home/daniel/Desktop/datafiles/RealData/ecoli/DDA/TDP_Ecoli_DDA_1MS1_500ng_720_1200_NCE30/2mz/envcnn_review/round1/TDP_Ecoli_DDA_1MS1_500ng_720_1200_NCE30_2mz_ms2.msalign	215	4677	HCD	5459	3540.13	11	2	1552.68833	1552.690634	459	-	-1000	-1	1	sp|P76177|YDGH_ECOLI	Protein YdgH OS=Escherichia coli (strain K12) OX=83333 GN=ydgH PE=1 SV=1	72	85		DTSDFGNSGNWRVV	V.DTSDFGNSGNWRVV.A	1552.690634	NONE		0		0		-	7	7	3.10564254e-07	-	-
123	/home/daniel/Desktop/datafiles/RealData/ecoli/DDA/TDP_Ecoli_DDA_1MS1_500ng_720_1200_NCE30/2mz/envcnn_review/round1/TDP_Ecoli_DDA_1MS1_500ng_720_1200_NCE30_2mz_ms2.msalign	228	4844	HCD	5654	3664.75	23	3	2393.17149	2393.17507	350	-	-1000	-1	1	sp|P0AAX8|YBIS_ECOLI	Probable L,D-transpeptidase YbiS OS=Escherichia coli (strain K12) OX=83333 GN=ybiS PE=1 SV=1	232	252		QFIDEPVKATTEPDGSRYIEV	V.QFIDEPVKATTEPDGSRYIEV.H	2393.17507	NONE		0		0		-	11	10	1.34274684e-09	-	-
124	/home/daniel/Desktop/datafiles/RealData/ecoli/DDA/TDP_Ecoli_DDA_1MS1_500ng_720_1200_NCE30/2mz/envcnn_review/round1/TDP_Ecoli_DDA_1MS1_500ng_720_1200_NCE30_2mz_ms2.msalign	231	4862	HCD	5675	3678.37	14	4	3047.6335	3047.636361	579	-	-1000	-1	1	sp|P0ADY1|PPID_ECOLI	Periplasmic chaperone PpiD OS=Escherichia coli (strain K12) OX=83333 GN=ppiD PE=1 SV=1	188	215		AQQRVVREATIDVNALAAKQPVTEQEIA	V.AQQRVVREATIDVNALAAKQPVTEQEIA.S	3047.636361	NONE		0		0		-	7	7	3.4619508e-05	-	-
126	/home/daniel/Desktop/datafiles/RealData/ecoli/DDA/TDP_Ecoli_DDA_1MS1_500ng_720_1200_NCE30/2mz/envcnn_review/round1/TDP_Ecoli_DDA_1MS1_500ng_720_1200_NCE30_2mz_ms2.msalign	234	4910	HCD	5731	3714.65	16	3	2534.12633	2534.130974	620	-	-1000	-1	1	sp|P25894|LOIP_ECOLI	Metalloprotease LoiP OS=Escherichia coli (strain K12) OX=83333 GN=loiP PE=1 SV=2	181	201		NSQFSQRQEAEADDYSYDLLR	V.NSQFSQRQEAEADDYSYDLLR.Q	2534.130974	NONE		0		0		-	6	6	3.63714644e-05	-	-
127	/home/daniel/Desktop/datafiles/RealData/ecoli/DDA/TDP_Ecoli_DDA_1MS1_500ng_720_1200_NCE30/2mz/envcnn_review/round1/TDP_Ecoli_DDA_1MS1_500ng_720_1200_NCE30_2mz_ms2.msalign	236	4960	HCD	5789	3752.42	13	3	2534.12633	2534.17633	78	-	-1000	-1	1	sp|P0A800|RPOZ_ECOLI	DNA-directed RNA polymerase subunit omega OS=Escherichia coli (strain K12) OX=83333 GN=rpoZ PE=1 SV=1	1	18		MARVTVQDAVEKIGNRFD	.(MAR)[+486.1290]VTVQDAVEKIGNRFD.L	2534.17633	NONE		1	+486.1290:[1-3]	0		-	9	9	8.36808954e-07	-	-
133	/home/daniel/Desktop/datafiles/RealData/ecoli/DDA/TDP_Ecoli_DDA_1MS1_500ng_720_1200_NCE30/2mz/envcnn_review/round1/TDP_Ecoli_DDA_1MS1_500ng_720_1200_NCE30_2mz_ms2.msalign	249	5103	HCD	5956	3860.79	19	4	3144.5789	3144.5739	581	-	-1000	-1	1	sp|P0ABS1|DKSA_ECOLI	RNA polymerase-binding transcription factor DksA OS=Escherichia coli (strain K12) OX=83333 GN=dksA PE=1 SV=1	125	151		RLEARPTADLCIDCKTLAEIREKQMAG	R.RLEARPTAD(LCIDC)[+114.0326]KTLAEIREKQMAG.	3144.5739	NONE		1	+114.0326:[10-14]	0		-	9	9	4.24286037e-06	-	-
134	/home/daniel/Desktop/datafiles/RealData/ecoli/DDA/TDP_Ecoli_DDA_1MS1_500ng_720_1200_NCE30/2mz/envcnn_review/round1/TDP_Ecoli_DDA_1MS1_500ng_720_1200_NCE30_2mz_ms2.msalign	251	5108	HCD	5962	3864.65	26	5	3856.92599	3856.933742	536	-	-1000	-1	1	sp|P0A6P9|ENO_ECOLI	Enolase OS=Escherichia coli (strain K12) OX=83333 GN=eno PE=1 SV=2	367	404		VISHRSGETEDATIADLAVGTAAGQIKTGSMSRSDRVA	A.VISHRSGETEDATIADLAVGTAAGQIKTGSMSRSDRVA.K	3856.933742	NONE		0		0		-	9	9	2.26450576e-07	-	-
136	/home/daniel/Desktop/datafiles/RealData/ecoli/DDA/TDP_Ecoli_DDA_1MS1_500ng_720_1200_NCE30/2mz/envcnn_review/round1/TDP_Ecoli_DDA_1MS1_500ng_720_1200_NCE30_2mz_ms2.msalign	255	5140	HCD	5999	3888.61	22	3	2218.20445	2218.20698	549	-	-1000	-1	1	sp|P0AEE5|MGLB_ECOLI	D-galactose/methyl-galactoside binding periplasmic protein MglB OS=Escherichia coli (strain K12) OX=83333 GN=mglB PE=1 SV=1	89	110		NLVDPAAAGTVIEKARGQNVPV	I.NLVDPAAAGTVIEKARGQNVPV.V	2218.20698	NONE		0		0		-	9	9	8.3643742e-07	-	-
137	/home/daniel/Desktop/datafiles/RealData/ecoli/DDA/TDP_Ecoli_DDA_1MS1_500ng_720_1200_NCE30/2mz/envcnn_review/round1/TDP_Ecoli_DDA_1MS1_500ng_720_1200_NCE30_2mz_ms2.msalign	256	5144	HCD	6004	3891.8	14	3	2409.23781	2409.238734	568	-	-1000	-1	1	sp|P69805|PTND_ECOLI	PTS system mannose-specific EIID component OS=Escherichia coli (strain K12) OX=83333 GN=manZ PE=1 SV=2	2	22		VDTTQTTTEKKLTQSDIRGVF	M.[Acetyl]-VDTTQTTTEKKLTQSDIRGVF.L	2409.238734	NME_ACETYLATION		0		0		-	6	6	2.313948e-06	-	-
138	/home/daniel/Desktop/datafiles/RealData/ecoli/DDA/TDP_Ecoli_DDA_1MS1_500ng_720_1200_NCE30/2mz/envcnn_review/round1/TDP_Ecoli_DDA_1MS1_500ng_720_1200_NCE30_2mz_ms2.msalign	257	5148	HCD	6009	3894.86	34	5	3749.82746	3749.81246	692	-	-1000	-1	1	sp|P77526|YFCG_ECOLI	Disulfide-bond oxidoreductase YfcG OS=Escherichia coli (strain K12) OX=83333 GN=yfcG PE=1 SV=1	1	34		MIDLYFAPTPNGHKITLFLEEAELDYRLIKVDLG	.MIDLYFAPTPNGHKITL(FLEEAELDYRLI)[-184.2466]KVDLG.K	3749.81246	NONE		1	-184.2466:[18-29]	0		-	10	8	0.00959995197	-	-
146	/home/daniel/Desktop/datafiles/RealData/ecoli/DDA/TDP_Ecoli_DDA_1MS1_500ng_720_1200_NCE30/2mz/envcnn_review/round1/TDP_Ecoli_DDA_1MS1_500ng_720_1200_NCE30_2mz_ms2.msalign	273	5262	HCD	6142	3980.89	39	3	2165.17794	2165.18043	390	-	-1000	-1	1	sp|P02925|RBSB_ECOLI	Ribose import binding protein RbsB OS=Escherichia coli (strain K12) OX=83333 GN=rbsB PE=1 SV=1	104	123		NQANIPVITLDRQATKGEVV	A.NQANIPVITLDRQATKGEVV.S	2165.18043	NONE		0		0		-	9	8	0.0001050687596	-	-
147	/home/daniel/Desktop/datafiles/RealData/ecoli/DDA/TDP_Ecoli_DDA_1MS1_500ng_720_1200_NCE30/2mz/envcnn_review/round1/TDP_Ecoli_DDA_1MS1_500ng_720_1200_NCE30_2mz_ms2.msalign	275	5277	HCD	6159	3992.24	21	4	3041.50324	3041.512617	542	-	-1000	-1	1	sp|P37626|YHII_ECOLI	Uncharacterized protein YhiI OS=Escherichia coli (strain K12) OX=83333 GN=yhiI PE=3 SV=1	141	170		SLAQRGAISAQQLDDDRAAAESARAALESA	R.SLAQRGAISAQQLDDDRAAAESARAALESA.K	3041.512617	NONE		0		0		-	9	9	4.74696e-07	-	-
150	/home/daniel/Desktop/datafiles/RealData/ecoli/DDA/TDP_Ecoli_DDA_1MS1_500ng_720_1200_NCE30/2mz/envcnn_review/round1/TDP_Ecoli_DDA_1MS1_500ng_720_1200_NCE30_2mz_ms2.msalign	283	5308	HCD	6195	4015.75	31	4	2948.56831	2948.56831	510	-	-1000	-1	1	sp|P0A910|OMPA_ECOLI	Outer membrane protein A OS=Escherichia coli (strain K12) OX=83333 GN=ompA PE=1 SV=1	321	346		IDCLAPDRRVEIEVKGIKDVVTQPQA	L.(IDCLAPDRRVE)[+57.0144]IEVKGIKDVVTQPQA.	2948.56831	NONE		1	+57.0144:[1-11]	0		-	11	10	2.8918218e-06	-	-
154	/home/daniel/Desktop/datafiles/RealData/ecoli/DDA/TDP_Ecoli_DDA_1MS1_500ng_720_1200_NCE30/2mz/envcnn_review/round1/TDP_Ecoli_DDA_1MS1_500ng_720_1200_NCE30_2mz_ms2.msalign	293	5383	HCD	6283	4073.15	17	3	2335.17459	2335.180824	612	-	-1000	-1	1	sp|P25714|YIDC_ECOLI	Membrane protein insertase YidC OS=Escherichia coli (strain K12) OX=83333 GN=yidC PE=1 SV=2	177	197		NYNVQNAGEKPLEISSFGQLK	V.NYNVQNAGEKPLEISSFGQLK.Q	2335.180824	NONE		0		0		-	6	6	2.55700962e-05	-	-
155	/home/daniel/Desktop/datafiles/RealData/ecoli/DDA/TDP_Ecoli_DDA_1MS1_500ng_720_1200_NCE30/2mz/envcnn_review/round1/TDP_Ecoli_DDA_1MS1_500ng_720_1200_NCE30_2mz_ms2.msalign	294	5386	HCD	6286	4075.15	17	4	3070.60206	3070.608749	645	-	-1000	-1	1	sp|P0ADK0|YIAF_ECOLI	Uncharacterized protein YiaF OS=Escherichia coli (strain K12) OX=83333 GN=yiaF PE=4 SV=2	129	156		KLQADAAHSALKQSDDLKPVFDQAFTKV	A.KLQADAAHSALKQSDDLKPVFDQAFTKV.V	3070.608749	NONE		0		0		-	8	7	0.000181331822	-	-
156	/home/daniel/Desktop/datafiles/RealData/ecoli/DDA/TDP_Ecoli_DDA_1MS1_500ng_720_1200_NCE30/2mz/envcnn_review/round1/TDP_Ecoli_DDA_1MS1_500ng_720_1200_NCE30_2mz_ms2.msalign	295	5389	HCD	6290	4077.73	16	4	3325.73529	3325.741888	306	-	-1000	-1	1	sp|P0A862|TPX_ECOLI	Thiol peroxidase OS=Escherichia coli (strain K12) OX=83333 GN=tpx PE=1 SV=2	2	33		SQTVHFQGNPVTVANSIPQAGSKAQTFTLVAK	M.SQTVHFQGNPVTVANSIPQAGSKAQTFTLVAK.D	3325.741888	NME		0		0		-	10	8	2.307702e-09	-	-
161	/home/daniel/Desktop/datafiles/RealData/ecoli/DDA/TDP_Ecoli_DDA_1MS1_500ng_720_1200_NCE30/2mz/envcnn_review/round1/TDP_Ecoli_DDA_1MS1_500ng_720_1200_NCE30_2mz_ms2.msalign	307	5444	HCD	6354	4119.54	18	6	4793.43705	4793.44205	243	-	-1000	-1	1	sp|P0AA04|PTHP_ECOLI	Phosphocarrier protein HPr OS=Escherichia coli (strain K12) OX=83333 GN=ptsH PE=1 SV=1	1	45		MFQQEVTITAPNGLHTRPAAQFVKEAKGFTSEITVTSNGKSASAK	.(MFQQE)[+15.9923]VTITAPNGLHTRPAAQFVKEAKGFTSEITVTSNGKSASAK.S	4793.44205	NONE		1	+15.9923:[1-5]	0		-	11	9	0.001882485456	-	-
165	/home/daniel/Desktop/datafiles/RealData/ecoli/DDA/TDP_Ecoli_DDA_1MS1_500ng_720_1200_NCE30/2mz/envcnn_review/round1/TDP_Ecoli_DDA_1MS1_500ng_720_1200_NCE30_2mz_ms2.msalign	312	5515	HCD	6437	4173.17	17	5	3865.03134	3865.03634	675	-	-1000	-1	1	sp|P25534|UBIH_ECOLI	2-octaprenyl-6-methoxyphenol hydroxylase OS=Escherichia coli (strain K12) OX=83333 GN=ubiH PE=1 SV=2	363	392		VGRNIGLMTMELFTPARDVLAQRTLGWVAR	V.VGRNIGLMTMELFTPARDVL(AQ)[+494.2245]RTLGWVAR.	3865.03634	NONE		1	+494.2245:[21-22]	0		-	6	6	0.00269392062	-	-
173	/home/daniel/Desktop/datafiles/RealData/ecoli/DDA/TDP_Ecoli_DDA_1MS1_500ng_720_1200_NCE30/2mz/envcnn_review/round1/TDP_Ecoli_DDA_1MS1_500ng_720_1200_NCE30_2mz_ms2.msalign	327	5657	HCD	6602	4281.0	13	2	1526.86744	1526.87083	660	-	-1000	-1	1	sp|P02359|RS7_ECOLI	Small ribosomal subunit protein uS7 OS=Escherichia coli (strain K12) OX=83333 GN=rpsG PE=1 SV=3	11	24		KILPDPKFGSELLA	R.KILPDPKFGSELLA.K	1526.87083	NONE		0		0		-	6	6	0.000925740565	-	-
183	/home/daniel/Desktop/datafiles/RealData/ecoli/DDA/TDP_Ecoli_DDA_1MS1_500ng_720_1200_NCE30/2mz/envcnn_review/round1/TDP_Ecoli_DDA_1MS1_500ng_720_1200_NCE30_2mz_ms2.msalign	345	5909	HCD	6896	4473.89	12	4	2909.51024	2909.48524	679	-	-1000	-1	1	sp|P31600|NFRA_ECOLI	Bacteriophage adsorption protein A OS=Escherichia coli (strain K12) OX=83333 GN=nfrA PE=1 SV=1	966	990		QHTFKAINQRNGERNNAFLTIGVHW	Y.QHTFKAI(NQRNGERN)[-41.0210]NAFLTIGVHW.	2909.48524	NONE		1	-41.0210:[8-15]	0		-	5	5	0.0040724352	-	-
187	/home/daniel/Desktop/datafiles/RealData/ecoli/DDA/TDP_Ecoli_DDA_1MS1_500ng_720_1200_NCE30/2mz/envcnn_review/round1/TDP_Ecoli_DDA_1MS1_500ng_720_1200_NCE30_2mz_ms2.msalign	351	5966	HCD	6963	4517.73	12	3	2266.10202	2266.106382	531	-	-1000	-1	1	sp|P64581|YQJD_ECOLI	Uncharacterized protein YqjD OS=Escherichia coli (strain K12) OX=83333 GN=yqjD PE=1 SV=1	17	37		LSDTLEEVLSSSGEKSKEELS	S.LSDTLEEVLSSSGEKSKEELS.K	2266.106382	NONE		0		0		-	6	5	0.001111467906	-	-
193	/home/daniel/Desktop/datafiles/RealData/ecoli/DDA/TDP_Ecoli_DDA_1MS1_500ng_720_1200_NCE30/2mz/envcnn_review/round1/TDP_Ecoli_DDA_1MS1_500ng_720_1200_NCE30_2mz_ms2.msalign	364	6052	HCD	7063	4583.12	27	6	5012.52841	5012.53269	637	-	-1000	-1	1	sp|P05825|FEPA_ECOLI	Ferrienterobactin receptor OS=Escherichia coli (strain K12) OX=83333 GN=fepA PE=1 SV=2	23	69		QEPTDTPVSHDDTIVVTAAEQNLQAPGVSTITADEIRKNPVARDVSK	A.QEPTDTPVSHDDTIVVTAAEQNLQAPGVSTITADEIRKNPVARDVSK.I	5012.53269	NONE		0		0		-	9	7	0.000104235126	-	-
194	/home/daniel/Desktop/datafiles/RealData/ecoli/DDA/TDP_Ecoli_DDA_1MS1_500ng_720_1200_NCE30/2mz/envcnn_review/round1/TDP_Ecoli_DDA_1MS1_500ng_720_1200_NCE30_2mz_ms2.msalign	367	6059	HCD	7071	4588.37	13	4	4204.99121	4205.07121	666	-	-1000	-1	1	sp|P69411|RCSF_ECOLI	Outer membrane lipoprotein RcsF OS=Escherichia coli (strain K12) OX=83333 GN=rcsF PE=1 SV=1	51	89		IYTNAEELVGKPFRDLGEVSGDSCQASNQDSPPSIPTAR	R.IYTNAEELVGKPFRDLGEV(SGDSCQASNQ)[+57.0955]DSPPSIPTAR.K	4205.07121	NONE		1	+57.0955:[20-29]	0		-	9	8	0.001567800178	-	-
210	/home/daniel/Desktop/datafiles/RealData/ecoli/DDA/TDP_Ecoli_DDA_1MS1_500ng_720_1200_NCE30/2mz/envcnn_review/round1/TDP_Ecoli_DDA_1MS1_500ng_720_1200_NCE30_2mz_ms2.msalign	402	6193	HCD	7228	4689.01	14	4	2977.42799	2977.431847	584	-	-1000	-1	1	sp|P0ADT8|YGIM_ECOLI	Uncharacterized protein YgiM OS=Escherichia coli (strain K12) OX=83333 GN=ygiM PE=3 SV=1	23	47		EETRYVSDELNTWVRSGPGDHYRLV	A.EETRYVSDELNTWVRSGPGDHYRLV.G	2977.431847	NONE		0		0		-	7	7	5.91975519e-06	-	-
226	/home/daniel/Desktop/datafiles/RealData/ecoli/DDA/TDP_Ecoli_DDA_1MS1_500ng_720_1200_NCE30/2mz/envcnn_review/round1/TDP_Ecoli_DDA_1MS1_500ng_720_1200_NCE30_2mz_ms2.msalign	449	6352	HCD	7413	4809.86	20	3	2192.16606	2192.20606	57	-	-1000	-1	1	sp|P0AEU7|SKP_ECOLI	Chaperone protein Skp OS=Escherichia coli (strain K12) OX=83333 GN=skp PE=1 SV=1	142	161		VAYNSSDVKDITADVLKQVK	A.(V)[+0.0372]AYNSSDVKDITADVLKQVK.	2192.20606	NONE		1	+0.0372:[1]	0		-	17	15	1.33346472e-14	-	-
227	/home/daniel/Desktop/datafiles/RealData/ecoli/DDA/TDP_Ecoli_DDA_1MS1_500ng_720_1200_NCE30/2mz/envcnn_review/round1/TDP_Ecoli_DDA_1MS1_500ng_720_1200_NCE30_2mz_ms2.msalign	451	6357	HCD	7419	4813.78	42	5	4493.42973	4493.435423	262	-	-1000	-1	1	sp|P0AE06|ACRA_ECOLI	Multidrug efflux pump subunit AcrA OS=Escherichia coli (strain K12) OX=83333 GN=acrA PE=1 SV=1	296	337		RLEEGLNPNAILVPQQGVTRTPRGDATVLVVGADDKVETRPI	A.RLEEGLNPNAILVPQQGVTRTPRGDATVLVVGADDKVETRPI.V	4493.435423	NONE		0		0		-	30	24	3.2727805e-13	-	-
234	/home/daniel/Desktop/datafiles/RealData/ecoli/DDA/TDP_Ecoli_DDA_1MS1_500ng_720_1200_NCE30/2mz/envcnn_review/round1/TDP_Ecoli_DDA_1MS1_500ng_720_1200_NCE30_2mz_ms2.msalign	464	6426	HCD	7500	4866.25	21	5	4199.16722	4199.176355	247	-	-1000	-1	1	sp|P68066|GRCA_ECOLI	Autonomous glycyl radical cofactor OS=Escherichia coli (strain K12) OX=83333 GN=grcA PE=1 SV=1	81	116		ETLEDAVKHPEKYPQLTIRVSGYAVRFNSLTPEQQR	R.ETLEDAVKHPEKYPQLTIRVSGYAVRFNSLTPEQQR.D	4199.176355	NONE		0		0		-	12	10	4.33780564e-08	-	-
235	/home/daniel/Desktop/datafiles/RealData/ecoli/DDA/TDP_Ecoli_DDA_1MS1_500ng_720_1200_NCE30/2mz/envcnn_review/round1/TDP_Ecoli_DDA_1MS1_500ng_720_1200_NCE30_2mz_ms2.msalign	469	6448	HCD	7525	4882.8	13	4	3377.74863	3378.757204	535	-	-1000	-1	1	sp|P0AE22|APHA_ECOLI	Class B acid phosphatase OS=Escherichia coli (strain K12) OX=83333 GN=aphA PE=1 SV=1	207	237		GIRILRASNSTYKPLPQAGAFGEEVIVNSEY	R.GIRILRASNSTYKPLPQAGAFGEEVIVNSEY.	3378.757204	NONE		0		0		-	7	7	1.9988e-07	-	-
238	/home/daniel/Desktop/datafiles/RealData/ecoli/DDA/TDP_Ecoli_DDA_1MS1_500ng_720_1200_NCE30/2mz/envcnn_review/round1/TDP_Ecoli_DDA_1MS1_500ng_720_1200_NCE30_2mz_ms2.msalign	476	6458	HCD	7537	4890.61	17	3	2310.17226	2310.177713	461	-	-1000	-1	1	sp|P77695|GNSB_ECOLI	Protein GnsB OS=Escherichia coli (strain K12) OX=83333 GN=gnsB PE=3 SV=2	1	20		MNIENLKTKAEADISEYITK	.MNIENLKTKAEADISEYITK.K	2310.177713	NONE		0		0		-	9	9	1.598188e-08	-	-
256	/home/daniel/Desktop/datafiles/RealData/ecoli/DDA/TDP_Ecoli_DDA_1MS1_500ng_720_1200_NCE30/2mz/envcnn_review/round1/TDP_Ecoli_DDA_1MS1_500ng_720_1200_NCE30_2mz_ms2.msalign	519	6689	HCD	7806	5066.6	13	4	3158.63548	3158.63548	554	-	-1000	-1	1	sp|P0AE08|AHPC_ECOLI	Alkyl hydroperoxide reductase C OS=Escherichia coli (strain K12) OX=83333 GN=ahpC PE=1 SV=2	158	187		VASHPGEVCPAKWKEGEATLAPSLDLVGKI	Y.VASHPGEV(CPA)[+57.0135]KWKEGEATLAPSLDLVGKI.	3158.63548	NONE		1	+57.0135:[9-11]	0		-	7	7	1.330730952e-06	-	-
264	/home/daniel/Desktop/datafiles/RealData/ecoli/DDA/TDP_Ecoli_DDA_1MS1_500ng_720_1200_NCE30/2mz/envcnn_review/round1/TDP_Ecoli_DDA_1MS1_500ng_720_1200_NCE30_2mz_ms2.msalign	531	6783	HCD	7916	5138.6	18	3	2261.11675	2262.1091	648	-	-1000	-1	1	sp|C1P617|IBSE_ECOLI	Small toxic protein IbsE OS=Escherichia coli (strain K12) OX=83333 GN=ibsE PE=2 SV=1	1	19		MMKLVIILVVLLLLSFPTY	.[Acetyl]-MMKLVIIL(VVLLLLSFPTY)[+14.7701].	2262.1091	M_ACETYLATION		1	+14.7701:[9-19]	0		-	6	5	0.000234945	-	-
265	/home/daniel/Desktop/datafiles/RealData/ecoli/DDA/TDP_Ecoli_DDA_1MS1_500ng_720_1200_NCE30/2mz/envcnn_review/round1/TDP_Ecoli_DDA_1MS1_500ng_720_1200_NCE30_2mz_ms2.msalign	533	6827	HCD	7967	5172.31	12	3	2710.32921	2710.335093	674	-	-1000	-1	1	sp|P45464|LPOA_ECOLI	Penicillin-binding protein activator LpoA OS=Escherichia coli (strain K12) OX=83333 GN=lpoA PE=1 SV=1	460	484		NAFAQEWQKLGGGTVLQQKFGSTSE	A.NAFAQEWQKLGGGTVLQQKFGSTSE.L	2710.335093	NONE		0		0		-	5	5	0.00241231664	-	-
268	/home/daniel/Desktop/datafiles/RealData/ecoli/DDA/TDP_Ecoli_DDA_1MS1_500ng_720_1200_NCE30/2mz/envcnn_review/round1/TDP_Ecoli_DDA_1MS1_500ng_720_1200_NCE30_2mz_ms2.msalign	538	6890	HCD	8041	5221.51	21	5	4232.14075	4233.1381	475	-	-1000	-1	1	sp|P62768|YAEH_ECOLI	UPF0325 protein YaeH OS=Escherichia coli (strain K12) OX=83333 GN=yaeH PE=3 SV=1	10	44		ITNPEEIDRYSLRQEANNDILKIYFQKDKGEFFAK	G.ITNPEEIDRYSLRQEANNDIL(KIYFQ)[+0.9839]KDKGEFFAK.S	4233.1381	NONE		1	+0.9839:[22-26]	0		-	12	11	4.898499146e-05	-	-
276	/home/daniel/Desktop/datafiles/RealData/ecoli/DDA/TDP_Ecoli_DDA_1MS1_500ng_720_1200_NCE30/2mz/envcnn_review/round1/TDP_Ecoli_DDA_1MS1_500ng_720_1200_NCE30_2mz_ms2.msalign	553	7069	HCD	8250	5358.52	13	4	3114.55795	3114.565564	651	-	-1000	-1	1	sp|P0A7K6|RL19_ECOLI	Large ribosomal subunit protein bL19 OS=Escherichia coli (strain K12) OX=83333 GN=rplS PE=1 SV=2	2	28		SNIIKQLEQEQMKQDVPSFRPGDTVEV	M.SNIIKQLEQEQMKQDVPSFRPGDTVEV.K	3114.565564	NME		0		0		-	5	5	0.000378235	-	-
277	/home/daniel/Desktop/datafiles/RealData/ecoli/DDA/TDP_Ecoli_DDA_1MS1_500ng_720_1200_NCE30/2mz/envcnn_review/round1/TDP_Ecoli_DDA_1MS1_500ng_720_1200_NCE30_2mz_ms2.msalign	554	7092	HCD	8277	5376.05	11	5	3843.9436	3843.953063	495	-	-1000	-1	1	sp|P0AC81|LGUL_ECOLI	Lactoylglutathione lyase OS=Escherichia coli (strain K12) OX=83333 GN=gloA PE=1 SV=1	99	135		EAGPVKGGTTVIAFVEDPDGYKIELIEEKDAGRGLGN	R.EAGPVKGGTTVIAFVEDPDGYKIELIEEKDAGRGLGN.	3843.953063	NONE		0		0		-	7	6	3.6025e-08	-	-
278	/home/daniel/Desktop/datafiles/RealData/ecoli/DDA/TDP_Ecoli_DDA_1MS1_500ng_720_1200_NCE30/2mz/envcnn_review/round1/TDP_Ecoli_DDA_1MS1_500ng_720_1200_NCE30_2mz_ms2.msalign	555	7102	HCD	8288	5383.48	10	5	3774.92726	3774.936308	559	-	-1000	-1	1	sp|P69786|PTGCB_ECOLI	PTS system glucose-specific EIICB component OS=Escherichia coli (strain K12) OX=83333 GN=ptsG PE=1 SV=1	442	477		KLGAAGVVVAGSGVQAIFGTKSDNLKTEMDEYIRNH	K.KLGAAGVVVAGSGVQAIFGTKSDNLKTEMDEYIRNH.	3774.936308	NONE		0		0		-	6	6	1.84654e-06	-	-
279	/home/daniel/Desktop/datafiles/RealData/ecoli/DDA/TDP_Ecoli_DDA_1MS1_500ng_720_1200_NCE30/2mz/envcnn_review/round1/TDP_Ecoli_DDA_1MS1_500ng_720_1200_NCE30_2mz_ms2.msalign	560	7134	HCD	8326	5408.18	38	8	7382.77093	7382.91593	257	-	-1000	-1	1	sp|P0A6Y8|DNAK_ECOLI	Chaperone protein DnaK OS=Escherichia coli (strain K12) OX=83333 GN=dnaK PE=1 SV=2	2	70		GKIIGIDLGTTNSCVAIMDGTTPRVLENAEGDRTTPSIIAYTQDGETLVGQPAKRQAVTNPQNTLFAIK	M.GKIIGID(LGTTNSCVAIMD)[+114.1710]GTTPRVLENAEGDRTTPSIIAYTQDGETLVGQPAKRQAVTNPQNTLFAIK.R	7382.91593	NME		1	+114.1710:[8-19]	0		-	13	13	1.402232352e-05	-	-
281	/home/daniel/Desktop/datafiles/RealData/ecoli/DDA/TDP_Ecoli_DDA_1MS1_500ng_720_1200_NCE30/2mz/envcnn_review/round1/TDP_Ecoli_DDA_1MS1_500ng_720_1200_NCE30_2mz_ms2.msalign	563	7155	HCD	8350	5424.14	14	5	3837.01551	3837.025893	37	-	-1000	-1	1	sp|P0A7K2|RL7_ECOLI	Large ribosomal subunit protein bL12 OS=Escherichia coli (strain K12) OX=83333 GN=rplL PE=1 SV=2	85	121		KDLVESAPAALKEGVSKDDAEALKKALEEAGAEVEVK	A.KDLVESAPAALKEGVSKDDAEALKKALEEAGAEVEVK.	3837.025893	NONE		0		0		-	8	8	4.6251e-07	-	-
284	/home/daniel/Desktop/datafiles/RealData/ecoli/DDA/TDP_Ecoli_DDA_1MS1_500ng_720_1200_NCE30/2mz/envcnn_review/round1/TDP_Ecoli_DDA_1MS1_500ng_720_1200_NCE30_2mz_ms2.msalign	567	7212	HCD	8417	5467.89	16	5	5262.58287	5262.592999	265	-	-1000	-1	1	sp|P0ADU5|YGIW_ECOLI	Protein YgiW OS=Escherichia coli (strain K12) OX=83333 GN=ygiW PE=1 SV=1	21	71		AEQGGFSGPSATQSQAGGFQGPNGSVTTVESAKSLRDDTWVTLRGNIVERI	A.AEQGGFSGPSATQSQAGGFQGPNGSVTTVESAKSLRDDTWVTLRGNIVERI.S	5262.592999	NONE		0		0		-	13	12	3.9037824e-13	-	-
285	/home/daniel/Desktop/datafiles/RealData/ecoli/DDA/TDP_Ecoli_DDA_1MS1_500ng_720_1200_NCE30/2mz/envcnn_review/round1/TDP_Ecoli_DDA_1MS1_500ng_720_1200_NCE30_2mz_ms2.msalign	570	7239	HCD	8448	5488.41	22	5	3723.92966	3723.939144	359	-	-1000	-1	1	sp|P76372|WZZB_ECOLI	Chain length determinant protein OS=Escherichia coli (strain K12) OX=83333 GN=wzzB PE=1 SV=2	156	187		DDKVNQELEKDLKDNIALGRKNLQDSLRTQEV	V.DDKVNQELEKDLKDNIALGRKNLQDSLRTQEV.V	3723.939144	NONE		0		0		-	12	12	6.92329154e-11	-	-
286	/home/daniel/Desktop/datafiles/RealData/ecoli/DDA/TDP_Ecoli_DDA_1MS1_500ng_720_1200_NCE30/2mz/envcnn_review/round1/TDP_Ecoli_DDA_1MS1_500ng_720_1200_NCE30_2mz_ms2.msalign	571	7246	HCD	8456	5493.67	10	2	1534.73263	1534.737116	566	-	-1000	-1	1	sp|P60723|RL4_ECOLI	Large ribosomal subunit protein uL4 OS=Escherichia coli (strain K12) OX=83333 GN=rplD PE=1 SV=1	188	201		MTADAVKQVEEMLA	V.MTADAVKQVEEMLA.	1534.737116	NONE		0		0		-	5	5	2.29554e-06	-	-
289	/home/daniel/Desktop/datafiles/RealData/ecoli/DDA/TDP_Ecoli_DDA_1MS1_500ng_720_1200_NCE30/2mz/envcnn_review/round1/TDP_Ecoli_DDA_1MS1_500ng_720_1200_NCE30_2mz_ms2.msalign	576	7355	HCD	8583	5577.88	13	5	3736.92299	3736.92799	664	-	-1000	-1	1	sp|P75777|YBHG_ECOLI	UPF0194 membrane protein YbhG OS=Escherichia coli (strain K12) OX=83333 GN=ybhG PE=2 SV=1	49	83		FRVGGRVESLAVDEGDAIKAGQVLGELDHKPYEIA	S.FRVGGRVESLAVDEGDA(I)[-1.0097]KAGQVLGELDHKPYEIA.L	3736.92799	NONE		1	-1.0097:[18]	0		-	8	8	0.00135710769	-	-
293	/home/daniel/Desktop/datafiles/RealData/ecoli/DDA/TDP_Ecoli_DDA_1MS1_500ng_720_1200_NCE30/2mz/envcnn_review/round1/TDP_Ecoli_DDA_1MS1_500ng_720_1200_NCE30_2mz_ms2.msalign	583	7424	HCD	8664	5631.1	14	3	2228.13874	2228.13874	659	-	-1000	-1	1	sp|Q46899|CASC_ECOLI	CRISPR system Cascade subunit CasC OS=Escherichia coli (strain K12) OX=83333 GN=casC PE=1 SV=1	93	115		ALLSGKSVDEAEKISADAVTPWV	L.ALLS(GKS)[-157.1040]VDEAEKISADAVTPWV.V	2228.13874	NONE		1	-157.1040:[5-7]	0		-	9	8	0.000903709749	-	-
295	/home/daniel/Desktop/datafiles/RealData/ecoli/DDA/TDP_Ecoli_DDA_1MS1_500ng_720_1200_NCE30/2mz/envcnn_review/round1/TDP_Ecoli_DDA_1MS1_500ng_720_1200_NCE30_2mz_ms2.msalign	585	7435	HCD	8677	5639.66	16	8	7165.48609	7165.502201	552	-	-1000	-1	1	sp|P09372|GRPE_ECOLI	Protein GrpE OS=Escherichia coli (strain K12) OX=83333 GN=grpE PE=1 SV=1	2	65		SSKEQKTPEGQAPEEIIMDQHEEIEAVEPEASAEQVDPRDEKVANLEAQLAEAQTRERDGILRV	M.SSKEQKTPEGQAPEEIIMDQHEEIEAVEPEASAEQVDPRDEKVANLEAQLAEAQTRERDGILRV.K	7165.502201	NME		0		0		-	6	6	8.848e-07	-	-
298	/home/daniel/Desktop/datafiles/RealData/ecoli/DDA/TDP_Ecoli_DDA_1MS1_500ng_720_1200_NCE30/2mz/envcnn_review/round1/TDP_Ecoli_DDA_1MS1_500ng_720_1200_NCE30_2mz_ms2.msalign	591	7464	HCD	8711	5661.81	13	3	2210.13224	2210.137169	371	-	-1000	-1	1	sp|Q2M7R5|YIBT_ECOLI	Uncharacterized protein YibT OS=Escherichia coli (strain K12) OX=83333 GN=yibT PE=4 SV=1	41	58		GIPDESVPLYLQRLEYYR	S.GIPDESVPLYLQRLEYYR.R	2210.137169	NONE		0		0		-	8	7	5.3708108e-06	-	-
309	/home/daniel/Desktop/datafiles/RealData/ecoli/DDA/TDP_Ecoli_DDA_1MS1_500ng_720_1200_NCE30/2mz/envcnn_review/round1/TDP_Ecoli_DDA_1MS1_500ng_720_1200_NCE30_2mz_ms2.msalign	630	7726	HCD	9016	5862.55	18	3	2441.26145	2441.266285	317	-	-1000	-1	1	sp|P0A7R5|RS10_ECOLI	Small ribosomal subunit protein uS10 OS=Escherichia coli (strain K12) OX=83333 GN=rpsJ PE=1 SV=1	13	34		FDHRLIDQATAEIVETAKRTGA	A.FDHRLIDQATAEIVETAKRTGA.Q	2441.266285	NONE		0		0		-	12	12	6.06002232e-12	-	-
310	/home/daniel/Desktop/datafiles/RealData/ecoli/DDA/TDP_Ecoli_DDA_1MS1_500ng_720_1200_NCE30/2mz/envcnn_review/round1/TDP_Ecoli_DDA_1MS1_500ng_720_1200_NCE30_2mz_ms2.msalign	631	7728	HCD	9019	5864.3	15	4	3041.55357	3041.54857	626	-	-1000	-1	1	sp|P31063|YEDD_ECOLI	Uncharacterized lipoprotein YedD OS=Escherichia coli (strain K12) OX=83333 GN=yedD PE=3 SV=1	46	75		ALVSPEAIGSLIVTKEGDTLDCRQWQRVIA	R.ALVSPEAIGSLIVTKEGDTLD(CRQWQRVIA)[-226.1800].V	3041.54857	NONE		1	-226.1800:[22-30]	0		-	12	9	9.20345347e-05	-	-
314	/home/daniel/Desktop/datafiles/RealData/ecoli/DDA/TDP_Ecoli_DDA_1MS1_500ng_720_1200_NCE30/2mz/envcnn_review/round1/TDP_Ecoli_DDA_1MS1_500ng_720_1200_NCE30_2mz_ms2.msalign	637	7770	HCD	9068	5896.42	15	7	7398.45213	7398.42213	585	-	-1000	-1	1	sp|P0A8H8|YACG_ECOLI	DNA gyrase inhibitor YacG OS=Escherichia coli (strain K12) OX=83333 GN=yacG PE=1 SV=1	2	65		SETITVNCPTCGKTVVWGEISPFRPFCSKRCQLIDLGEWAAEEKRIPSSGDLSESDDWSEEPKQ	M.SETITVN(CPTCGKTVVWGEISPFRPFCSKRCQLIDLGEWAAEEKRIPSSGDLSE)[+228.0437]SDDWSEEPKQ.	7398.42213	NME		1	+228.0437:[8-54]	0		-	8	9	6.570392e-06	-	-
316	/home/daniel/Desktop/datafiles/RealData/ecoli/DDA/TDP_Ecoli_DDA_1MS1_500ng_720_1200_NCE30/2mz/envcnn_review/round1/TDP_Ecoli_DDA_1MS1_500ng_720_1200_NCE30_2mz_ms2.msalign	643	7793	HCD	9094	5914.12	14	4	2991.47353	2991.47986	553	-	-1000	-1	1	sp|P0ADZ4|RS15_ECOLI	Small ribosomal subunit protein uS15 OS=Escherichia coli (strain K12) OX=83333 GN=rpsO PE=1 SV=2	15	42		FGRDANDTGSTEVQVALLTAQINHLQGH	E.FGRDANDTGSTEVQVALLTAQINHLQGH.F	2991.47986	NONE		0		0		-	10	8	1.287522985e-06	-	-
317	/home/daniel/Desktop/datafiles/RealData/ecoli/DDA/TDP_Ecoli_DDA_1MS1_500ng_720_1200_NCE30/2mz/envcnn_review/round1/TDP_Ecoli_DDA_1MS1_500ng_720_1200_NCE30_2mz_ms2.msalign	645	7801	HCD	9104	5921.14	17	3	2319.20892	2319.20892	665	-	-1000	-1	1	sp|P0C0L2|OSMC_ECOLI	Peroxiredoxin OsmC OS=Escherichia coli (strain K12) OX=83333 GN=osmC PE=1 SV=2	122	143		KAGCPVSQVLKAEITLDYQLKS	A.(KAGC)[-71.0790]PVSQVLKAEITLDYQLKS.	2319.20892	NONE		1	-71.0790:[1-4]	0		-	10	10	0.00155864254	-	-
321	/home/daniel/Desktop/datafiles/RealData/ecoli/DDA/TDP_Ecoli_DDA_1MS1_500ng_720_1200_NCE30/2mz/envcnn_review/round1/TDP_Ecoli_DDA_1MS1_500ng_720_1200_NCE30_2mz_ms2.msalign	654	7870	HCD	9184	5973.83	24	2	1575.82968	1575.82968	619	-	-1000	-1	1	sp|P0A7Q1|RL35_ECOLI	Large ribosomal subunit protein bL35 OS=Escherichia coli (strain K12) OX=83333 GN=rpmI PE=1 SV=2	51	65		SKGDLGLVIACLPYA	V.SKGDLGLVIA(C)[+57.0181]LPYA.	1575.82968	NONE		1	+57.0181:[11]	0		-	13	12	3.119499e-05	-	-
322	/home/daniel/Desktop/datafiles/RealData/ecoli/DDA/TDP_Ecoli_DDA_1MS1_500ng_720_1200_NCE30/2mz/envcnn_review/round1/TDP_Ecoli_DDA_1MS1_500ng_720_1200_NCE30_2mz_ms2.msalign	656	7904	HCD	9224	6000.18	10	6	5165.66457	5165.674727	615	-	-1000	-1	1	sp|P69441|KAD_ECOLI	Adenylate kinase OS=Escherichia coli (strain K12) OX=83333 GN=adk PE=1 SV=1	168	214		LVEYHQMTAPLIGYYSKEAEAGNTKYAKVDGTKPVAEVRADLEKILG	R.LVEYHQMTAPLIGYYSKEAEAGNTKYAKVDGTKPVAEVRADLEKILG.	5165.674727	NONE		0		0		-	6	6	2.562e-05	-	-
323	/home/daniel/Desktop/datafiles/RealData/ecoli/DDA/TDP_Ecoli_DDA_1MS1_500ng_720_1200_NCE30/2mz/envcnn_review/round1/TDP_Ecoli_DDA_1MS1_500ng_720_1200_NCE30_2mz_ms2.msalign	659	7921	HCD	9244	6013.34	11	5	4926.32357	4926.31357	563	-	-1000	-1	1	sp|P0A8A0|YEBC_ECOLI	Probable transcriptional regulatory protein YebC OS=Escherichia coli (strain K12) OX=83333 GN=yebC PE=1 SV=1	69	114		AIARGVGGDDDANMETIIYEGYGPGGTAIMIECLSDNRNRTVAEVR	R.AIARGVGGDDDANMETIIYEGYG(PGGTAIMIECLSD)[+57.0016]NRNRTVAEVR.H	4926.31357	NONE		1	+57.0016:[24-36]	0		-	10	10	2.090616936e-06	-	-
324	/home/daniel/Desktop/datafiles/RealData/ecoli/DDA/TDP_Ecoli_DDA_1MS1_500ng_720_1200_NCE30/2mz/envcnn_review/round1/TDP_Ecoli_DDA_1MS1_500ng_720_1200_NCE30_2mz_ms2.msalign	661	7928	HCD	9252	6018.63	12	3	2167.17372	2167.17372	463	-	-1000	-1	1	sp|P68919|RL25_ECOLI	Large ribosomal subunit protein bL25 OS=Escherichia coli (strain K12) OX=83333 GN=rplY PE=1 SV=1	53	71		KAEFYSEVLTIVVDGKEIK	A.(KAEFYSE)[-0.0039]VLTIVVDGKEIK.V	2167.17372	NONE		1	-0.0039:[1-7]	0		-	9	9	0.00106276698	-	-
333	/home/daniel/Desktop/datafiles/RealData/ecoli/DDA/TDP_Ecoli_DDA_1MS1_500ng_720_1200_NCE30/2mz/envcnn_review/round1/TDP_Ecoli_DDA_1MS1_500ng_720_1200_NCE30_2mz_ms2.msalign	685	8012	HCD	9350	6083.07	60	9	6860.57887	6861.597303	118	-	-1000	-1	1	sp|P0A705|IF2_ECOLI	Translation initiation factor IF-2 OS=Escherichia coli (strain K12) OX=83333 GN=infB PE=1 SV=1	2	63		TDVTIKTLAAERQTSVERLVQQFADAGIRKSADDSVSAQEKQTLIDHLNQKNSGPDKLTLQR	M.TDVTIKTLAAERQTSVERLVQQFADAGIRKSADDSVSAQEKQTLIDHLNQKNSGPDKLTLQR.K	6861.597303	NME		0		0		-	38	36	3.440192e-26	-	-
334	/home/daniel/Desktop/datafiles/RealData/ecoli/DDA/TDP_Ecoli_DDA_1MS1_500ng_720_1200_NCE30/2mz/envcnn_review/round1/TDP_Ecoli_DDA_1MS1_500ng_720_1200_NCE30_2mz_ms2.msalign	689	8023	HCD	9363	6091.6	22	5	4520.22	4520.31	644	-	-1000	-1	1	sp|P0A7J7|RL11_ECOLI	Large ribosomal subunit protein uL11 OS=Escherichia coli (strain K12) OX=83333 GN=rplK PE=1 SV=2	101	142		ISRAQLQEIAQTKAADMTGADIEAMTRSIEGTARSMGLVVED	K.ISRAQLQEIAQTKAADMTGAD(IEAMTRSIEGTARSMGLVVED)[+57.1006].	4520.31	NONE		1	+57.1006:[22-42]	0		-	8	8	0.000171190296	-	-
335	/home/daniel/Desktop/datafiles/RealData/ecoli/DDA/TDP_Ecoli_DDA_1MS1_500ng_720_1200_NCE30/2mz/envcnn_review/round1/TDP_Ecoli_DDA_1MS1_500ng_720_1200_NCE30_2mz_ms2.msalign	705	8055	HCD	9400	6115.94	36	4	3145.75302	3145.75983	261	-	-1000	-1	1	sp|P77717|YBAY_ECOLI	Uncharacterized lipoprotein YbaY OS=Escherichia coli (strain K12) OX=83333 GN=ybaY PE=1 SV=1	58	88		QKVALPPDAVLTVTLSDASLADAPSKVLAQK	R.QKVALPPDAVLTVTLSDASLADAPSKVLAQK.A	3145.75983	NONE		0		0		-	22	19	6.033021e-16	-	-
336	/home/daniel/Desktop/datafiles/RealData/ecoli/DDA/TDP_Ecoli_DDA_1MS1_500ng_720_1200_NCE30/2mz/envcnn_review/round1/TDP_Ecoli_DDA_1MS1_500ng_720_1200_NCE30_2mz_ms2.msalign	706	8056	HCD	9401	6116.6	13	4	3072.51807	3072.51307	448	-	-1000	-1	1	sp|P0AGD3|SODF_ECOLI	Superoxide dismutase [Fe] OS=Escherichia coli (strain K12) OX=83333 GN=sodB PE=1 SV=2	2	28		SFELPALPYAKDALAPHISAETIEYHY	M.SFELPALPYAKDALAPHISAETIE(YHY)[+27.0007].G	3072.51307	NME		1	+27.0007:[25-27]	0		-	8	6	0.000187382543	-	-
343	/home/daniel/Desktop/datafiles/RealData/ecoli/DDA/TDP_Ecoli_DDA_1MS1_500ng_720_1200_NCE30/2mz/envcnn_review/round1/TDP_Ecoli_DDA_1MS1_500ng_720_1200_NCE30_2mz_ms2.msalign	718	8076	HCD	9425	6132.14	21	3	2353.28013	2353.285289	368	-	-1000	-1	1	sp|P0A7J3|RL10_ECOLI	Large ribosomal subunit protein uL10 OS=Escherichia coli (strain K12) OX=83333 GN=rplJ PE=1 SV=2	2	24		ALNLQDKQAIVAEVSEVAKGALS	M.ALNLQDKQAIVAEVSEVAKGALS.A	2353.285289	NME		0		0		-	12	10	1.812297e-10	-	-
344	/home/daniel/Desktop/datafiles/RealData/ecoli/DDA/TDP_Ecoli_DDA_1MS1_500ng_720_1200_NCE30/2mz/envcnn_review/round1/TDP_Ecoli_DDA_1MS1_500ng_720_1200_NCE30_2mz_ms2.msalign	722	8092	HCD	9443	6144.17	22	2	1776.92927	1775.94692	691	-	-1000	-1	1	sp|P77619|YFEW_ECOLI	Putative D-alanyl-D-alanine carboxypeptidase OS=Escherichia coli (strain K12) OX=83333 GN=yfeW PE=1 SV=2	18	37		SAAKYPVLTESSPEKAGFNV	V.SAAKYPVLTE(SSPE)[-318.1164]KAGFNV.E	1775.94692	NONE		1	-318.1164:[11-14]	0		-	6	7	0.00887879367	-	-
345	/home/daniel/Desktop/datafiles/RealData/ecoli/DDA/TDP_Ecoli_DDA_1MS1_500ng_720_1200_NCE30/2mz/envcnn_review/round1/TDP_Ecoli_DDA_1MS1_500ng_720_1200_NCE30_2mz_ms2.msalign	724	8106	HCD	9460	6155.1	17	9	8035.89336	8035.86336	652	-	-1000	-1	1	sp|P0A968|CSPD_ECOLI	Cold shock-like protein CspD OS=Escherichia coli (strain K12) OX=83333 GN=cspD PE=1 SV=1	1	74		MEKGTVKWFNNAKGFGFICPEGGGEDIFAHYSTIQMDGYRTLKAGQSVQFDVHQGPKGNHASVIVPVEVEAAVA	.[Acetyl]-MEKGTV(KWFNNAKGFGFICPEGGGEDIFAHYSTIQMDGYRTLKAGQSVQFDVHQGPKGNHASV)[+29.9550]IVPVEVEAAVA.	8035.86336	M_ACETYLATION		1	+29.9550:[7-63]	0		-	10	6	0.000492167	-	-
346	/home/daniel/Desktop/datafiles/RealData/ecoli/DDA/TDP_Ecoli_DDA_1MS1_500ng_720_1200_NCE30/2mz/envcnn_review/round1/TDP_Ecoli_DDA_1MS1_500ng_720_1200_NCE30_2mz_ms2.msalign	726	8112	HCD	9467	6159.7	25	2	1776.92927	1776.933173	647	-	-1000	-1	1	sp|P0A8M6|YEEX_ECOLI	UPF0265 protein YeeX OS=Escherichia coli (strain K12) OX=83333 GN=yeeX PE=1 SV=1	43	58		LLLDNLSDYIKPGMSV	V.LLLDNLSDYIKPGMSV.E	1776.933173	NONE		0		0		-	8	8	0.000199650438	-	-
348	/home/daniel/Desktop/datafiles/RealData/ecoli/DDA/TDP_Ecoli_DDA_1MS1_500ng_720_1200_NCE30/2mz/envcnn_review/round1/TDP_Ecoli_DDA_1MS1_500ng_720_1200_NCE30_2mz_ms2.msalign	728	8125	HCD	9482	6169.78	12	6	6114.96236	6114.980849	641	-	-1000	-1	1	sp|P0ABC7|HFLK_ECOLI	Modulator of FtsH protease HflK OS=Escherichia coli (strain K12) OX=83333 GN=hflK PE=1 SV=1	237	290		NFQAARPPEEVKAAFDDAIAARENEQQYIREAEAYTNEVQPRANGQAQRILEEA	V.NFQAARPPEEVKAAFDDAIAARENEQQYIREAEAYTNEVQPRANGQAQRILEEA.R	6114.980849	NONE		0		0		-	8	8	0.0001130718152	-	-
356	/home/daniel/Desktop/datafiles/RealData/ecoli/DDA/TDP_Ecoli_DDA_1MS1_500ng_720_1200_NCE30/2mz/envcnn_review/round1/TDP_Ecoli_DDA_1MS1_500ng_720_1200_NCE30_2mz_ms2.msalign	750	8192	HCD	9560	6221.11	17	7	7283.56792	7283.55292	539	-	-1000	-1	1	sp|P0A9X9|CSPA_ECOLI	Cold shock protein CspA OS=Escherichia coli (strain K12) OX=83333 GN=cspA PE=1 SV=2	1	70		MSGKMTGIVKWFNADKGFGFITPDDGSKDVFVHFSAIQNDGYKSLDEGQKVSFTIESGAKGPAAGNVTSL	.MS(GKMTGIVKWFNADKGFGFIT)[-115.0753]PDDGSKDVFVHFSAIQNDGYKSLDEGQKVSFTIESGAKGPAAGNVTSL.	7283.55292	NONE		1	-115.0753:[3-22]	0		-	10	9	3.201542e-07	-	-
358	/home/daniel/Desktop/datafiles/RealData/ecoli/DDA/TDP_Ecoli_DDA_1MS1_500ng_720_1200_NCE30/2mz/envcnn_review/round1/TDP_Ecoli_DDA_1MS1_500ng_720_1200_NCE30_2mz_ms2.msalign	754	8206	HCD	9576	6231.67	18	8	6866.63424	6867.64159	373	-	-1000	-1	1	sp|P69913|CSRA_ECOLI	Carbon storage regulator OS=Escherichia coli (strain K12) OX=83333 GN=csrA PE=1 SV=1	1	61		MLILTRRVGETLMIGDEVTVTVLGVKGNQVRIGVNAPKEVSVHREEIYQRIQAEKSQQSSY	.(MLILTRRVGETLMIGDE)[+15.9874]VTVTVLGVKGNQVRIGVNAPKEVSVHREEIYQRIQAEKSQQSSY.	6867.64159	NONE		1	+15.9874:[1-17]	0		-	8	8	4.091659e-07	-	-
360	/home/daniel/Desktop/datafiles/RealData/ecoli/DDA/TDP_Ecoli_DDA_1MS1_500ng_720_1200_NCE30/2mz/envcnn_review/round1/TDP_Ecoli_DDA_1MS1_500ng_720_1200_NCE30_2mz_ms2.msalign	758	8247	HCD	9624	6263.95	73	9	7459.68101	7459.65101	669	-	-1000	-1	1	sp|Q59385|COPA_ECOLI	Copper-exporting P-type ATPase OS=Escherichia coli (strain K12) OX=83333 GN=copA PE=1 SV=4	2	67		SQTIDLTLDGLSCGHCVKRVKESLEQRPDVEQADVSITEAHVTGTASAEQLIETIKQAGYDASVSH	M.SQTIDLTLDGLSCGHCVKRVKESLEQRPDVEQAD(VSITEAHVTGTASAEQLIETIKQAG)[+396.1731]YDASVSH.P	7459.65101	NME		1	+396.1731:[35-59]	0		-	13	14	0.00171741975	-	-
362	/home/daniel/Desktop/datafiles/RealData/ecoli/DDA/TDP_Ecoli_DDA_1MS1_500ng_720_1200_NCE30/2mz/envcnn_review/round1/TDP_Ecoli_DDA_1MS1_500ng_720_1200_NCE30_2mz_ms2.msalign	789	8327	HCD	9717	6324.17	38	7	7282.69894	7283.68629	65	-	-1000	-1	1	sp|P0A9Y6|CSPC_ECOLI	Cold shock-like protein CspC OS=Escherichia coli (strain K12) OX=83333 GN=cspC PE=1 SV=2	2	69		AKIKGQVKWFNESKGFGFITPADGSKDVFVHFSAIQGNGFKTLAEGQNVEFEIQDGQKGPAAVNVTAI	M.AKIKGQVKWFNESKGFGFIT(PAD)[+16.9656]GSKDVFVHFSAIQGNGFKTLAEGQNVEFEIQDGQKGPAAVNVTAI.	7283.68629	NME		1	+16.9656:[21-23]	0		-	19	16	3.823438e-11	-	-
372	/home/daniel/Desktop/datafiles/RealData/ecoli/DDA/TDP_Ecoli_DDA_1MS1_500ng_720_1200_NCE30/2mz/envcnn_review/round1/TDP_Ecoli_DDA_1MS1_500ng_720_1200_NCE30_2mz_ms2.msalign	826	8427	HCD	9834	6399.32	13	4	4009.08781	4009.091077	649	-	-1000	-1	1	sp|P0DPO3|YNAL_ECOLI	Protein YnaL OS=Escherichia coli (strain K12) OX=83333 GN=ynaL PE=1 SV=1	8	44		QIPVPEPIPGDPVPVPDPIPRPQPMPDPPPDEEPIKL	L.QIPVPEPIPGDPVPVPDPIPRPQPMPDPPPDEEPIKL.S	4009.091077	NONE		0		0		-	7	5	0.000327154367	-	-
374	/home/daniel/Desktop/datafiles/RealData/ecoli/DDA/TDP_Ecoli_DDA_1MS1_500ng_720_1200_NCE30/2mz/envcnn_review/round1/TDP_Ecoli_DDA_1MS1_500ng_720_1200_NCE30_2mz_ms2.msalign	841	8482	HCD	9898	6440.74	31	9	8805.44613	8805.62113	547	-	-1000	-1	1	sp|P0AA31|YEDF_ECOLI	Putative sulfur carrier protein YedF OS=Escherichia coli (strain K12) OX=83333 GN=yedF PE=1 SV=1	1	77		MKNIVPDYRLDMVGEPCPYPAVATLEAMPQLKKGEILEVVSDCPQSINNIPLDARNHGYTVLDIQQDGPTIRYLIQK	.(MKNIVPDYRLDMVGEPCPYPAVATLEAMPQLKKGEILEVVSDC)[+172.2278]PQSINNIPLDARNHGYTVLDIQQDGPTIRYLIQK.	8805.62113	NONE		1	+172.2278:[1-43]	0		-	10	8	2.789865e-05	-	-
375	/home/daniel/Desktop/datafiles/RealData/ecoli/DDA/TDP_Ecoli_DDA_1MS1_500ng_720_1200_NCE30/2mz/envcnn_review/round1/TDP_Ecoli_DDA_1MS1_500ng_720_1200_NCE30_2mz_ms2.msalign	842	8485	HCD	9902	6443.34	20	2	1449.77648	1449.778904	611	-	-1000	-1	1	sp|P0A7X3|RS9_ECOLI	Small ribosomal subunit protein uS9 OS=Escherichia coli (strain K12) OX=83333 GN=rpsI PE=1 SV=2	54	65		LVDMVEKLDLYI	E.LVDMVEKLDLYI.T	1449.778904	NONE		0		0		-	8	8	2.27211622e-05	-	-
378	/home/daniel/Desktop/datafiles/RealData/ecoli/DDA/TDP_Ecoli_DDA_1MS1_500ng_720_1200_NCE30/2mz/envcnn_review/round1/TDP_Ecoli_DDA_1MS1_500ng_720_1200_NCE30_2mz_ms2.msalign	874	8677	HCD	10126	6589.9	48	10	9920.85651	9920.915292	687	-	-1000	-1	1	sp|P75780|FIU_ECOLI	Catecholate siderophore receptor Fiu OS=Escherichia coli (strain K12) OX=83333 GN=fiu PE=1 SV=1	1	92		MENNRNFPARQFHSLTFFAGLCIGITPVAQALAAEGQTNADDTLVVEASTPSLYAPQQSADPKFSRPVADTTRTMTVISEQVIKDQGATNLT	.[Acetyl]-MENNRNFPARQFHSLTFFAGLCIGITPVAQALAAEGQTNADDTLVVEASTPSLYAPQQSADPKFSRPVADTTRTMTVISEQVIKDQGATNLT.D	9920.915292	M_ACETYLATION		0		0		-	7	5	0.00636157	-	-
379	/home/daniel/Desktop/datafiles/RealData/ecoli/DDA/TDP_Ecoli_DDA_1MS1_500ng_720_1200_NCE30/2mz/envcnn_review/round1/TDP_Ecoli_DDA_1MS1_500ng_720_1200_NCE30_2mz_ms2.msalign	875	8684	HCD	10134	6595.17	21	5	4070.11345	4070.121191	355	-	-1000	-1	1	sp|P0AEX9|MALE_ECOLI	Maltose/maltodextrin-binding periplasmic protein OS=Escherichia coli (strain K12) OX=83333 GN=malE PE=1 SV=1	291	328		GINAASPNKELAKEFLENYLLTDEGLEAVNKDKPLGAV	A.GINAASPNKELAKEFLENYLLTDEGLEAVNKDKPLGAV.A	4070.121191	NONE		0		0		-	12	12	3.42835668e-11	-	-
382	/home/daniel/Desktop/datafiles/RealData/ecoli/DDA/TDP_Ecoli_DDA_1MS1_500ng_720_1200_NCE30/2mz/envcnn_review/round1/TDP_Ecoli_DDA_1MS1_500ng_720_1200_NCE30_2mz_ms2.msalign	884	8767	HCD	10231	6659.91	24	2	1715.91685	1715.920634	606	-	-1000	-1	1	sp|P0A7M6|RL29_ECOLI	Large ribosomal subunit protein uL29 OS=Escherichia coli (strain K12) OX=83333 GN=rpmC PE=1 SV=1	14	27		LNTELLNLLREQFN	E.LNTELLNLLREQFN.L	1715.920634	NONE		0		0		-	11	11	2.13791208e-05	-	-
385	/home/daniel/Desktop/datafiles/RealData/ecoli/DDA/TDP_Ecoli_DDA_1MS1_500ng_720_1200_NCE30/2mz/envcnn_review/round1/TDP_Ecoli_DDA_1MS1_500ng_720_1200_NCE30_2mz_ms2.msalign	893	8831	HCD	10305	6708.63	53	9	9864.84315	9863.8658	682	-	-1000	-1	1	sp|P0AES9|HDEA_ECOLI	Acid stress chaperone HdeA OS=Escherichia coli (strain K12) OX=83333 GN=hdeA PE=1 SV=1	21	110		AADAQKAADNKKPVNSWTCEDFLAVDESFQPTAVGFAEALNNKDKPEDAVLDVQGIATVTPAIVQACTQDKQANFKDKVKGEWDKIKKDM	N.AADAQKAADNKKPVNSWTCEDFLAVDESFQPTAVGFAEALNNKDKPEDAVLDVQGIATVT(PAIVQACTQDKQANFKDKVKGEWDKIKKDM)[+57.9999].	9863.8658	NONE		1	+57.9999:[61-90]	0		-	13	9	0.00555612535	-	-
386	/home/daniel/Desktop/datafiles/RealData/ecoli/DDA/TDP_Ecoli_DDA_1MS1_500ng_720_1200_NCE30/2mz/envcnn_review/round1/TDP_Ecoli_DDA_1MS1_500ng_720_1200_NCE30_2mz_ms2.msalign	897	8855	HCD	10333	6727.07	15	7	6566.18758	6566.31758	319	-	-1000	-1	1	sp|P67338|YOAH_ECOLI	UPF0181 protein YoaH OS=Escherichia coli (strain K12) OX=83333 GN=yoaH PE=3 SV=1	1	59		MFAGLPSLTHEQQQKAVERIQELMAQGMSSGQAIALVAEELRANHSGERIVARFEDEDE	.(MFAGLPSLTHEQQQKAVERIQELMAQGM)[+16.1108]SSGQAIALVAEELRANHSGERIVARFEDEDE.	6566.31758	NONE		1	+16.1108:[1-28]	0		-	8	8	2.194806e-07	-	-
389	/home/daniel/Desktop/datafiles/RealData/ecoli/DDA/TDP_Ecoli_DDA_1MS1_500ng_720_1200_NCE30/2mz/envcnn_review/round1/TDP_Ecoli_DDA_1MS1_500ng_720_1200_NCE30_2mz_ms2.msalign	903	8914	HCD	10402	6772.54	22	2	1916.99119	1917.98354	653	-	-1000	-1	1	sp|P27242|WAAU_ECOLI	Lipopolysaccharide 1,2-N-acetylglucosaminetransferase OS=Escherichia coli (strain K12) OX=83333 GN=waaU PE=4 SV=2	283	300		VISVDTALVHIAAAYHKP	F.VISVDTA(LVH)[+13.9316]IAAAYHKP.T	1917.98354	NONE		1	+13.9316:[8-10]	0		-	6	9	0.0005592797408	-	-
394	/home/daniel/Desktop/datafiles/RealData/ecoli/DDA/TDP_Ecoli_DDA_1MS1_500ng_720_1200_NCE30/2mz/envcnn_review/round1/TDP_Ecoli_DDA_1MS1_500ng_720_1200_NCE30_2mz_ms2.msalign	924	8970	HCD	10468	6815.82	69	10	9187.63241	9188.61976	599	-	-1000	-1	1	sp|P0AC62|GLRX3_ECOLI	Glutaredoxin 3 OS=Escherichia coli (strain K12) OX=83333 GN=grxC PE=1 SV=2	1	83		MANVEIYTKETCPYCHRAKALLSSKGVSFQELPIDGNAAKREEMIKRSGRTTVPQIFIDAQHIGGCDDLYALDARGGLDPLLK	.MANVEIYTKETCPYCHRAKALLSSKGVSFQELPIDGNAAKREEMIKRSGRTTVPQIFIDAQHI(GGCDDL)[+56.9853]YALDARGGLDPLLK.	9188.61976	NONE		1	+56.9853:[64-69]	0		-	15	14	1.9541925e-05	-	-
401	/home/daniel/Desktop/datafiles/RealData/ecoli/DDA/TDP_Ecoli_DDA_1MS1_500ng_720_1200_NCE30/2mz/envcnn_review/round1/TDP_Ecoli_DDA_1MS1_500ng_720_1200_NCE30_2mz_ms2.msalign	946	9013	HCD	10518	6848.84	111	7	7383.776	7384.76335	71	-	-1000	-1	1	sp|P0A972|CSPE_ECOLI	Cold shock-like protein CspE OS=Escherichia coli (strain K12) OX=83333 GN=cspE PE=1 SV=2	2	69		SKIKGNVKWFNESKGFGFITPEDGSKDVFVHFSAIQTNGFKTLAEGQRVEFEITNGAKGPSAANVIAL	M.SKIKGNVKWFNESKG(FGFI)[+56.9899]TPEDGSKDVFVHFSAIQTNGFKTLAEGQRVEFEITNGAKGPSAANVIAL.	7384.76335	NME		1	+56.9899:[16-19]	0		-	36	26	2.617536e-14	-	-
406	/home/daniel/Desktop/datafiles/RealData/ecoli/DDA/TDP_Ecoli_DDA_1MS1_500ng_720_1200_NCE30/2mz/envcnn_review/round1/TDP_Ecoli_DDA_1MS1_500ng_720_1200_NCE30_2mz_ms2.msalign	954	9026	HCD	10533	6856.69	128	20	18083.15841	18083.27341	545	-	-1000	-1	1	sp|P0AFL3|PPIA_ECOLI	Peptidyl-prolyl cis-trans isomerase A OS=Escherichia coli (strain K12) OX=83333 GN=ppiA PE=1 SV=1	25	190		AKGDPHVLLTTSAGNIELELDKQKAPVSVQNFVDYVNSGFYNNTTFHRVIPGFMIQGGGFTEQMQQKKPNPPIKNEADNGLRNTRGTIAMARTADKDSATSQFFINVADNAFLDHGQRDFGYAVFGKVVKGMDVADKISQVPTHDVGPYQNVPSKPVVILSAKVLP	A.AKGDPHVLLTTSAGNIELELDKQKAPVSVQNFVDYVNSGFYNNTTFHRVIPGFM(I)[+17.0837]QGGGFTEQMQQKKPNPPIKNEADNGLRNTRGTIAMARTADKDSATSQFFINVADNAFLDHGQRDFGYAVFGKVVKGMDVADKISQVPTHDVGPYQNVPSKPVVILSAKVLP.	18083.27341	NONE		1	+17.0837:[55]	0		-	21	21	5.6324268e-07	-	-
423	/home/daniel/Desktop/datafiles/RealData/ecoli/DDA/TDP_Ecoli_DDA_1MS1_500ng_720_1200_NCE30/2mz/envcnn_review/round1/TDP_Ecoli_DDA_1MS1_500ng_720_1200_NCE30_2mz_ms2.msalign	1018	9123	HCD	10646	6896.51	63	9	8404.11389	8403.11654	137	-	-1000	-1	1	sp|P0AB14|YCCJ_ECOLI	Uncharacterized protein YccJ OS=Escherichia coli (strain K12) OX=83333 GN=yccJ PE=1 SV=1	2	75		PTQEAKAHHVGEWASLRNTSPEIAEAIFEVAGYDEKMAEKIWEEGSDEVLVKAFAKTDKDSLFWGEQTIERKNV	M.PTQEAKAHHVGEWASLRNTSPEIAEAIFEVA(GYDEKMAE)[+14.9775]KIWEEGSDEVLVKAFAKTDKDSLFWGEQTIERKNV.	8403.11654	NME		1	+14.9775:[32-39]	0		-	25	21	2.83857e-10	-	-
433	/home/daniel/Desktop/datafiles/RealData/ecoli/DDA/TDP_Ecoli_DDA_1MS1_500ng_720_1200_NCE30/2mz/envcnn_review/round1/TDP_Ecoli_DDA_1MS1_500ng_720_1200_NCE30_2mz_ms2.msalign	1040	9156	HCD	10685	6909.79	69	10	11206.74524	11205.73789	477	-	-1000	-1	1	sp|P0ACX3|YDHR_ECOLI	Putative monooxygenase YdhR OS=Escherichia coli (strain K12) OX=83333 GN=ydhR PE=1 SV=1	2	101		ATLLQLHFAFNGPFGDAMAEQLKPLAESINQEPGFLWKVWTESEKNHEAGGIYLFTDEKSALAYLEKHTARLKNLGVEEVVAKVFDVNEPLSQINQAKLA	M.ATLLQLHFAFNGPFGDAMAEQLKPLAESINQEPGFLWKVWTESEKNHEAGGIYLFTDEKSAL(AYLEKHTARLKNLGVEEVVAKVFDVN)[+55.9942]EPLSQINQAKLA.	11205.73789	NME		1	+55.9942:[63-88]	0		-	20	18	2.3842611e-08	-	-
434	/home/daniel/Desktop/datafiles/RealData/ecoli/DDA/TDP_Ecoli_DDA_1MS1_500ng_720_1200_NCE30/2mz/envcnn_review/round1/TDP_Ecoli_DDA_1MS1_500ng_720_1200_NCE30_2mz_ms2.msalign	1044	9165	HCD	10695	6913.91	63	10	9266.66454	9265.68007	676	-	-1000	-1	1	sp|P0AF36|ZAPB_ECOLI	Cell division protein ZapB OS=Escherichia coli (strain K12) OX=83333 GN=zapB PE=1 SV=1	4	81		SLEVFEKLEAKVQQAIDTITLLQMEIEELKEKNNSLSQEVQNAQHQREELERENNHLKEQQNGWQERLQALLGRMEEV	M.SLEVFEKLEAKVQQAIDTITLLQMEIEELKEKNNSLSQEVQNAQHQREELERENNHLKEQQNGWQERLQALLGRMEEV.	9265.68007	NONE		0		0		-	7	7	0.0032076	-	-
435	/home/daniel/Desktop/datafiles/RealData/ecoli/DDA/TDP_Ecoli_DDA_1MS1_500ng_720_1200_NCE30/2mz/envcnn_review/round1/TDP_Ecoli_DDA_1MS1_500ng_720_1200_NCE30_2mz_ms2.msalign	1048	9173	HCD	10704	6917.18	146	20	18196.67095	18196.64595	203	-	-1000	-1	1	sp|P69783|PTGA_ECOLI	PTS system glucose-specific EIIA component OS=Escherichia coli (strain K12) OX=83333 GN=crr PE=1 SV=2	2	169		GLFDKLKSLVSDDKKDTGTIEIIAPLSGEIVNIEDVPDVVFAEKIVGDGIAIKPTGNKMVAPVDGTIGKIFETNHAFSIESDSGVELFVHFGIDTVELKGEGFKRIAEEGQRVKVGDTVIEFDLPLLEEKAKSTLTPVVISNMDEIKELIKLSGSVTVGETPVIRIKK	M.GLFDKLKSLVSDDKKDTGTIEIIAPLSGEIVNIEDVPDVVFAEKIVGDGI(AIKPTGNKMVAPVDGTIGKIFETNHAFSIESDSGVELFVHFGIDTVELKGEGFKRIAEEGQRVKVGDTV)[+87.9438]IEFDLPLLEEKAKSTLTPVVISNMDEIKELIKLSGSVTVGETPVIRIKK.	18196.64595	NME		1	+87.9438:[51-119]	0		-	20	15	0.002331225	-	-
436	/home/daniel/Desktop/datafiles/RealData/ecoli/DDA/TDP_Ecoli_DDA_1MS1_500ng_720_1200_NCE30/2mz/envcnn_review/round1/TDP_Ecoli_DDA_1MS1_500ng_720_1200_NCE30_2mz_ms2.msalign	1052	9177	HCD	10709	6919.11	81	12	11799.08006	11798.08771	352	-	-1000	-1	1	sp|P0AA25|THIO_ECOLI	Thioredoxin 1 OS=Escherichia coli (strain K12) OX=83333 GN=trxA PE=1 SV=2	2	109		SDKIIHLTDDSFDTDVLKADGAILVDFWAEWCGPCKMIAPILDEIADEYQGKLTVAKLNIDQNPGTAPKYGIRGIPTLLLFKNGEVAATKVGALSKGQLKEFLDANLA	M.SDKIIHLTDDSFDTDVLKADGAILVDFWAEWCG(PCKMI)[+130.0169]APILDEIADEYQGKLTVAKLNIDQNPGTAPKYGIRGIPTLLLFKNGEVAATKVGALSKGQLKEFLDANLA.	11798.08771	NME		1	+130.0169:[34-38]	0		-	29	21	1.7826456e-11	-	-
442	/home/daniel/Desktop/datafiles/RealData/ecoli/DDA/TDP_Ecoli_DDA_1MS1_500ng_720_1200_NCE30/2mz/envcnn_review/round1/TDP_Ecoli_DDA_1MS1_500ng_720_1200_NCE30_2mz_ms2.msalign	1076	9204	HCD	10741	6930.1	58	9	8957.29133	8957.46633	82	-	-1000	-1	1	sp|P0A6A8|ACP_ECOLI	Acyl carrier protein OS=Escherichia coli (strain K12) OX=83333 GN=acpP PE=1 SV=2	2	78		STIEERVKKIIGEQLGVKQEEVTNNASFVEDLGADSLDTVELVMALEEEFDTEIPDEEAEKITTVQAAIDYINGHQA	M.STIEERVKKIIGEQLGVKQEEVTNNASFVEDLGA(DSLDTVELVMALEEEFDTEI)[+454.2860]PDEEAEKITTVQAAIDYINGHQA.	8957.46633	NME		1	+454.2860:[35-54]	0		-	29	25	2.929662e-24	-	-
448	/home/daniel/Desktop/datafiles/RealData/ecoli/DDA/TDP_Ecoli_DDA_1MS1_500ng_720_1200_NCE30/2mz/envcnn_review/round1/TDP_Ecoli_DDA_1MS1_500ng_720_1200_NCE30_2mz_ms2.msalign	1092	9228	HCD	10769	6939.76	140	14	13643.13137	13642.19902	182	-	-1000	-1	1	sp|P0AF93|RIDA_ECOLI	2-iminobutanoate/2-iminopropanoate deaminase OS=Escherichia coli (strain K12) OX=83333 GN=ridA PE=1 SV=2	2	128		SKTIATENAPAAIGPYVQGVDLGNMIITSGQIPVNPKTGEVPADVAAQARQSLDNVKAIVEAAGLKVGDIVKTTVFVKDLNDFATVNATYEAFFTEHNATFPARSCVEVARLPKDVKIEIEAIAVRR	M.SKTIATENAPAAIG(PY)[+170.0965]VQGVDLGNMIITSGQIPVNPKTGEVPADVAAQARQSLDNVKAIVEAAGLKVGDIVKTTVFVKDLNDFATVNATYEAFFTEHNATFPARSCVEVARLPKDVKIEIEAIAVRR.	13642.19902	NME		1	+170.0965:[15-16]	0		-	29	17	0.0004888588	-	-
458	/home/daniel/Desktop/datafiles/RealData/ecoli/DDA/TDP_Ecoli_DDA_1MS1_500ng_720_1200_NCE30/2mz/envcnn_review/round1/TDP_Ecoli_DDA_1MS1_500ng_720_1200_NCE30_2mz_ms2.msalign	1142	9293	HCD	10844	6966.86	63	9	10727.22549	10727.23998	133	-	-1000	-1	1	sp|P64479|YDIZ_ECOLI	Uncharacterized protein YdiZ OS=Escherichia coli (strain K12) OX=83333 GN=ydiZ PE=4 SV=1	2	96		ASGDLVRYVITVMLHEDTLTEINELNNYLTRDGFLLTMTDDEGNIHELGTNTFGLISTQSEEEIRELVSGLTQSATGKDPEITITTWEEWNSNRK	M.ASGDLVRYVITVMLHEDTLTEINELNNYLTRDGFLLTMTDDEGNIHELGTNTFGLISTQSEEEIRELVSGLTQSATGKDPEITITTWEEWNSNRK.	10727.23998	NME		0		0		-	37	35	1.5033e-24	-	-
462	/home/daniel/Desktop/datafiles/RealData/ecoli/DDA/TDP_Ecoli_DDA_1MS1_500ng_720_1200_NCE30/2mz/envcnn_review/round1/TDP_Ecoli_DDA_1MS1_500ng_720_1200_NCE30_2mz_ms2.msalign	1151	9304	HCD	10857	6972.58	117	8	8151.23891	8151.36391	456	-	-1000	-1	1	sp|P0AD24|YEJL_ECOLI	UPF0352 protein YejL OS=Escherichia coli (strain K12) OX=83333 GN=yejL PE=1 SV=1	2	75		PQISRYSDEQVEQLLAELLNVLEKHKAPTDLSLMVLGNMVTNLINTSIAPAQRQAIANSFARALQSSINEDKAH	M.PQISRYSDEQVEQLLAELLNVLEKHKAPTDLSLMVLGN(MV)[-0.8839]TNLINTSIAPAQRQAIANSFARALQSSINEDKAH.	8151.36391	NME		1	-0.8839:[39-40]	0		-	20	18	9.9337e-09	-	-
494	/home/daniel/Desktop/datafiles/RealData/ecoli/DDA/TDP_Ecoli_DDA_1MS1_500ng_720_1200_NCE30/2mz/envcnn_review/round1/TDP_Ecoli_DDA_1MS1_500ng_720_1200_NCE30_2mz_ms2.msalign	1264	9440	HCD	11016	7046.36	36	6	6044.11784	6044.128532	140	-	-1000	-1	1	sp|P0AGL2|TDCF_ECOLI	Putative reactive intermediate deaminase TdcF OS=Escherichia coli (strain K12) OX=83333 GN=tdcF PE=1 SV=1	52	105		LSLENVKAIVVAAGLSVGDIIKMTVFITDLNDFATINEVYKQFFDEHQATYPTR	R.LSLENVKAIVVAAGLSVGDIIKMTVFITDLNDFATINEVYKQFFDEHQATYPTR.S	6044.128532	NONE		0		0		-	25	23	4.92161625e-23	-	-
497	/home/daniel/Desktop/datafiles/RealData/ecoli/DDA/TDP_Ecoli_DDA_1MS1_500ng_720_1200_NCE30/2mz/envcnn_review/round1/TDP_Ecoli_DDA_1MS1_500ng_720_1200_NCE30_2mz_ms2.msalign	1301	13115	HCD	15303	9834.57	58	10	8336.06852	8336.07852	374	-	-1000	-1	1	sp|P68206|YJBJ_ECOLI	UPF0337 protein YjbJ OS=Escherichia coli (strain K12) OX=83333 GN=yjbJ PE=1 SV=1	1	69		MNKDEAGGNWKQFKGKVKEQWGKLTDDDMTIIEGKRDQLVGKIQERYGYQKDQAEKEVVDWETRNEYRW	.[Acetyl]-M(NKDE)[-26.0244]AGGNWKQFKGKVKEQWGKLTDDDMTIIEGKRDQLVGKIQERYGYQKDQAEKEVVDWETRNEYRW.	8336.07852	M_ACETYLATION		1	-26.0244:[2-5]	0		-	21	20	8.924142e-10	-	-
507	/home/daniel/Desktop/datafiles/RealData/ecoli/DDA/TDP_Ecoli_DDA_1MS1_500ng_720_1200_NCE30/2mz/envcnn_review/round2/modified_TDP_Ecoli_DDA_1MS1_500ng_720_1200_NCE30_2mz_ms2.msalign	5	3324	HCD	3881	2514.07	19	3	2210.09746	2209.06511	203	-	-1000	-1	1	sp|P15033|RACC_ECOLI	Protein RacC OS=Escherichia coli (strain K12) OX=83333 GN=racC PE=4 SV=1	71	91		PAEKKAEFLATLIAMKLKGEI	L.PAEKKAEFLA(TLIAMKLKGEI)[-91.2527].	2209.06511	NONE		1	-91.2527:[11-21]	0		-	5	5	0.00563240683	-	-
518	/home/daniel/Desktop/datafiles/RealData/ecoli/DDA/TDP_Ecoli_DDA_1MS1_500ng_720_1200_NCE30/2mz/envcnn_review/round2/modified_TDP_Ecoli_DDA_1MS1_500ng_720_1200_NCE30_2mz_ms2.msalign	18	4608	HCD	5379	3487.34	27	3	2177.00959	2176.04724	197	-	-1000	-1	1	sp|P45759|GSPE_ECOLI	Putative type II secretion system protein E OS=Escherichia coli (strain K12) OX=83333 GN=gspE PE=1 SV=1	1	16		MRIHSPYPASWALAQR	.(MRIHS)[+293.0848]PYPASWALAQR.I	2176.04724	NONE		1	+293.0848:[1-5]	0		-	12	7	0.002742640764	-	-
524	/home/daniel/Desktop/datafiles/RealData/ecoli/DDA/TDP_Ecoli_DDA_1MS1_500ng_720_1200_NCE30/2mz/envcnn_review/round2/modified_TDP_Ecoli_DDA_1MS1_500ng_720_1200_NCE30_2mz_ms2.msalign	26	4812	HCD	5617	3640.93	33	3	2177.05477	2176.05742	120	-	-1000	-1	1	sp|P33931|CCMA_ECOLI	Cytochrome c biogenesis ATP-binding export protein CcmA OS=Escherichia coli (strain K12) OX=83333 GN=ccmA PE=1 SV=2	1	18		MGMLEARELLCERDERTL	.MGMLEARELLCE(RDERT)[+12.0135]L.F	2176.05742	NONE		1	+12.0135:[13-17]	0		-	9	9	4.939373984e-05	-	-
532	/home/daniel/Desktop/datafiles/RealData/ecoli/DDA/TDP_Ecoli_DDA_1MS1_500ng_720_1200_NCE30/2mz/envcnn_review/round2/modified_TDP_Ecoli_DDA_1MS1_500ng_720_1200_NCE30_2mz_ms2.msalign	34	5293	HCD	6178	4004.61	20	3	2337.11912	2338.16647	196	-	-1000	-1	1	sp|P0DPM8|YKGS_ECOLI	Protein YkgS OS=Escherichia coli (strain K12) OX=83333 GN=ykgS PE=1 SV=1	17	42		MAENMARLAALLHYFSGDGGDISVTG	K.MAENMARLAALLH(YFSGDG)[-357.1070]GDISVTG.	2338.16647	NONE		1	-357.1070:[14-19]	0		-	5	6	0.002643057494	-	-
539	/home/daniel/Desktop/datafiles/RealData/ecoli/DDA/TDP_Ecoli_DDA_1MS1_500ng_720_1200_NCE30/2mz/envcnn_review/round2/modified_TDP_Ecoli_DDA_1MS1_500ng_720_1200_NCE30_2mz_ms2.msalign	45	6241	HCD	7284	4725.56	12	2	1514.79593	1514.794036	133	-	-1000	-1	1	sp|P78067|YNJE_ECOLI	Thiosulfate sulfurtransferase YnjE OS=Escherichia coli (strain K12) OX=83333 GN=ynjE PE=1 SV=2	124	137		SILSDALSEPSRLQ	I.SILSDALSEPSRLQ.K	1514.794036	NONE		0		0		-	6	6	0.000105347214	-	-
542	/home/daniel/Desktop/datafiles/RealData/ecoli/DDA/TDP_Ecoli_DDA_1MS1_500ng_720_1200_NCE30/2mz/envcnn_review/round2/modified_TDP_Ecoli_DDA_1MS1_500ng_720_1200_NCE30_2mz_ms2.msalign	49	6349	HCD	7410	4807.87	27	3	2249.18734	2248.17999	221	-	-1000	-1	1	sp|P27896|NARQ_ECOLI	Nitrate/nitrite sensor protein NarQ OS=Escherichia coli (strain K12) OX=83333 GN=narQ PE=1 SV=1	545	566		SGGGTLVSISFRSAEGEESQLM	P.SGGGTLV(SISFRSAE)[+7.1217]GEESQLM.	2248.17999	NONE		1	+7.1217:[8-15]	0		-	6	6	0.00871799105	-	-
553	/home/daniel/Desktop/datafiles/RealData/ecoli/DDA/TDP_Ecoli_DDA_1MS1_500ng_720_1200_NCE30/2mz/envcnn_review/round2/modified_TDP_Ecoli_DDA_1MS1_500ng_720_1200_NCE30_2mz_ms2.msalign	62	7692	HCD	8977	5836.69	38	3	2189.19034	2189.194349	174	-	-1000	-1	1	sp|P77348|MPPA_ECOLI	Periplasmic murein peptide-binding protein OS=Escherichia coli (strain K12) OX=83333 GN=mppA PE=1 SV=2	42	62		KDEPASLDPAKAVGLPEIQVI	I.KDEPASLDPAKAVGLPEIQVI.R	2189.194349	NONE		0		0		-	9	9	0.000794782208	-	-
558	/home/daniel/Desktop/datafiles/RealData/ecoli/DDA/TDP_Ecoli_DDA_1MS1_500ng_720_1200_NCE30/2mz/envcnn_review/round2/modified_TDP_Ecoli_DDA_1MS1_500ng_720_1200_NCE30_2mz_ms2.msalign	69	8058	HCD	9404	6118.35	21	3	2171.20097	2171.204914	42	-	-1000	-1	1	sp|P0A850|TIG_ECOLI	Trigger factor OS=Escherichia coli (strain K12) OX=83333 GN=tig PE=1 SV=1	17	37		ITIAADSIETAVKSELVNVAK	T.ITIAADSIETAVKSELVNVAK.K	2171.204914	NONE		0		0		-	13	13	1.054461996e-09	-	-
566	/home/daniel/Desktop/datafiles/RealData/ecoli/DDA/TDP_Ecoli_DDA_1MS1_500ng_720_1200_NCE30/2mz/envcnn_review/round2/modified_TDP_Ecoli_DDA_1MS1_500ng_720_1200_NCE30_2mz_ms2.msalign	79	8227	HCD	9601	6248.08	21	1	1032.54802	1033.53537	161	-	-1000	-1	1	sp|P21369|PNCA_ECOLI	Nicotinamidase OS=Escherichia coli (strain K12) OX=83333 GN=pncA PE=1 SV=1	1	13		MPPRALLLVDLQN	.MPPRAL(LLVDLQN)[-445.2926].D	1033.53537	NONE		1	-445.2926:[7-13]	0		-	3	5	0.0004285238304	-	-
589	/home/daniel/Desktop/datafiles/RealData/ecoli/DDA/TDP_Ecoli_DDA_1MS1_500ng_720_1200_NCE30/2mz/envcnn_review/round2/modified_TDP_Ecoli_DDA_1MS1_500ng_720_1200_NCE30_2mz_ms2.msalign	111	9224	HCD	10764	6938.26	49	6	6149.2406	6150.17295	223	-	-1000	-1	1	sp|P0ABX2|FLGC_ECOLI	Flagellar basal-body rod protein FlgC OS=Escherichia coli (strain K12) OX=83333 GN=flgC PE=3 SV=1	1	56		MALLNIFDIAGSALTAQSQRLNVAASNLANADSVTGPDGQPYRAKQVVFQVNAAPG	.[Acetyl]-MALLNIFDIAGSALTAQSQRLNVAASNL(ANADS)[+368.2193]VTGPDGQPYRAKQVVFQVNAAPG.A	6150.17295	M_ACETYLATION		1	+368.2193:[29-33]	0		-	10	8	0.00904571802	-	-
597	/home/daniel/Desktop/datafiles/RealData/ecoli/DDA/TDP_Ecoli_DDA_1MS1_500ng_720_1200_NCE30/2mz/envcnn_review/round2/modified_TDP_Ecoli_DDA_1MS1_500ng_720_1200_NCE30_2mz_ms2.msalign	121	9371	HCD	10935	7001.39	93	4	3492.7063	3492.710767	102	-	-1000	-1	1	sp|P0AEH5|ELAB_ECOLI	Protein ElaB OS=Escherichia coli (strain K12) OX=83333 GN=elaB PE=1 SV=1	7	37		DTRIDDDLTLLSETLEEVLRSSGDPADQKYV	G.DTRIDDDLTLLSETLEEVLRSSGDPADQKYV.E	3492.710767	NONE		0		0		-	9	9	9.61454498e-06	-	-
